Date,StockCode,File
2025-11-17,301358.SZ,/mnt/team/research-share/huangchunyang/etfmm_oe/wangcai_log_v2/passive_mid_opponent/2025-11-17.log:10437
2025-11-17,301358.SZ,/mnt/team/research-share/huangchunyang/etfmm_oe/wangcai_log_v2/passive_mid_opponent/2025-11-17.log:10438
2025-11-17,301358.SZ,/mnt/team/research-share/huangchunyang/etfmm_oe/wangcai_log_v2/passive_mid_opponent/2025-11-17.log:10440
2025-11-17,301358.SZ,/mnt/team/research-share/huangchunyang/etfmm_oe/wangcai_log_v2/passive_mid_opponent/2025-11-17.log:10441
2025-11-17,301358.SZ,/mnt/team/research-share/huangchunyang/etfmm_oe/wangcai_log_v2/passive_mid_opponent/2025-11-17.log:10443
2025-11-17,301358.SZ,/mnt/team/research-share/huangchunyang/etfmm_oe/wangcai_log_v2/passive_mid_opponent/2025-11-17.log:10444
2025-11-17,301358.SZ,/mnt/team/research-share/huangchunyang/etfmm_oe/wangcai_log_v2/passive_mid_opponent/2025-11-17.log:10446
2025-11-17,301358.SZ,/mnt/team/research-share/huangchunyang/etfmm_oe/wangcai_log_v2/passive_mid_opponent/2025-11-17.log:10447
2025-11-17,301358.SZ,/mnt/team/research-share/huangchunyang/etfmm_oe/wangcai_log_v2/passive_mid_opponent/2025-11-17.log:10449
2025-11-17,Unknown,/mnt/team/research-share/huangchunyang/etfmm_oe/wangcai_log_v2/passive_mid_opponent/2025-11-17.log:10451
2025-11-25,300548.SZ,/mnt/team/research-share/huangchunyang/etfmm_oe/wangcai_log_v2/passive_mid_opponent/2025-11-25.log:109
2025-11-25,300548.SZ,/mnt/team/research-share/huangchunyang/etfmm_oe/wangcai_log_v2/passive_mid_opponent/2025-11-25.log:110
2025-11-25,300548.SZ,/mnt/team/research-share/huangchunyang/etfmm_oe/wangcai_log_v2/passive_mid_opponent/2025-11-25.log:112
2025-11-25,300548.SZ,/mnt/team/research-share/huangchunyang/etfmm_oe/wangcai_log_v2/passive_mid_opponent/2025-11-25.log:113
2025-11-25,300548.SZ,/mnt/team/research-share/huangchunyang/etfmm_oe/wangcai_log_v2/passive_mid_opponent/2025-11-25.log:115
2025-11-25,300548.SZ,/mnt/team/research-share/huangchunyang/etfmm_oe/wangcai_log_v2/passive_mid_opponent/2025-11-25.log:116
2025-11-25,300548.SZ,/mnt/team/research-share/huangchunyang/etfmm_oe/wangcai_log_v2/passive_mid_opponent/2025-11-25.log:118
2025-11-25,300548.SZ,/mnt/team/research-share/huangchunyang/etfmm_oe/wangcai_log_v2/passive_mid_opponent/2025-11-25.log:119
2025-11-25,300548.SZ,/mnt/team/research-share/huangchunyang/etfmm_oe/wangcai_log_v2/passive_mid_opponent/2025-11-25.log:121
2025-11-25,Unknown,/mnt/team/research-share/huangchunyang/etfmm_oe/wangcai_log_v2/passive_mid_opponent/2025-11-25.log:123
2025-11-25,300454.SZ,/mnt/team/research-share/huangchunyang/etfmm_oe/wangcai_log_v2/passive_mid_opponent/2025-11-25.log:4457
2025-11-25,300454.SZ,/mnt/team/research-share/huangchunyang/etfmm_oe/wangcai_log_v2/passive_mid_opponent/2025-11-25.log:4458
2025-11-25,300454.SZ,/mnt/team/research-share/huangchunyang/etfmm_oe/wangcai_log_v2/passive_mid_opponent/2025-11-25.log:4460
2025-11-25,300454.SZ,/mnt/team/research-share/huangchunyang/etfmm_oe/wangcai_log_v2/passive_mid_opponent/2025-11-25.log:4461
2025-11-25,300454.SZ,/mnt/team/research-share/huangchunyang/etfmm_oe/wangcai_log_v2/passive_mid_opponent/2025-11-25.log:4463
2025-11-25,300454.SZ,/mnt/team/research-share/huangchunyang/etfmm_oe/wangcai_log_v2/passive_mid_opponent/2025-11-25.log:4464
2025-11-25,300454.SZ,/mnt/team/research-share/huangchunyang/etfmm_oe/wangcai_log_v2/passive_mid_opponent/2025-11-25.log:4466
2025-11-25,300454.SZ,/mnt/team/research-share/huangchunyang/etfmm_oe/wangcai_log_v2/passive_mid_opponent/2025-11-25.log:4467
2025-11-25,300454.SZ,/mnt/team/research-share/huangchunyang/etfmm_oe/wangcai_log_v2/passive_mid_opponent/2025-11-25.log:4469
2025-11-25,Unknown,/mnt/team/research-share/huangchunyang/etfmm_oe/wangcai_log_v2/passive_mid_opponent/2025-11-25.log:4471
2025-11-25,300348.SZ,/mnt/team/research-share/huangchunyang/etfmm_oe/wangcai_log_v2/passive_mid_opponent/2025-11-25.log:9950
2025-11-25,300348.SZ,/mnt/team/research-share/huangchunyang/etfmm_oe/wangcai_log_v2/passive_mid_opponent/2025-11-25.log:9951
2025-11-25,300348.SZ,/mnt/team/research-share/huangchunyang/etfmm_oe/wangcai_log_v2/passive_mid_opponent/2025-11-25.log:9953
2025-11-25,300348.SZ,/mnt/team/research-share/huangchunyang/etfmm_oe/wangcai_log_v2/passive_mid_opponent/2025-11-25.log:9954
2025-11-25,300348.SZ,/mnt/team/research-share/huangchunyang/etfmm_oe/wangcai_log_v2/passive_mid_opponent/2025-11-25.log:9956
2025-11-25,300348.SZ,/mnt/team/research-share/huangchunyang/etfmm_oe/wangcai_log_v2/passive_mid_opponent/2025-11-25.log:9957
2025-11-25,300348.SZ,/mnt/team/research-share/huangchunyang/etfmm_oe/wangcai_log_v2/passive_mid_opponent/2025-11-25.log:9959
2025-11-25,300348.SZ,/mnt/team/research-share/huangchunyang/etfmm_oe/wangcai_log_v2/passive_mid_opponent/2025-11-25.log:9960
2025-11-25,300348.SZ,/mnt/team/research-share/huangchunyang/etfmm_oe/wangcai_log_v2/passive_mid_opponent/2025-11-25.log:9962
2025-11-25,Unknown,/mnt/team/research-share/huangchunyang/etfmm_oe/wangcai_log_v2/passive_mid_opponent/2025-11-25.log:9964
2025-11-25,300442.SZ,/mnt/team/research-share/huangchunyang/etfmm_oe/wangcai_log_v2/passive_mid_opponent/2025-11-25.log:14114
2025-11-25,300442.SZ,/mnt/team/research-share/huangchunyang/etfmm_oe/wangcai_log_v2/passive_mid_opponent/2025-11-25.log:14115
2025-11-25,300442.SZ,/mnt/team/research-share/huangchunyang/etfmm_oe/wangcai_log_v2/passive_mid_opponent/2025-11-25.log:14117
2025-11-25,300442.SZ,/mnt/team/research-share/huangchunyang/etfmm_oe/wangcai_log_v2/passive_mid_opponent/2025-11-25.log:14118
2025-11-25,300442.SZ,/mnt/team/research-share/huangchunyang/etfmm_oe/wangcai_log_v2/passive_mid_opponent/2025-11-25.log:14120
2025-11-25,300442.SZ,/mnt/team/research-share/huangchunyang/etfmm_oe/wangcai_log_v2/passive_mid_opponent/2025-11-25.log:14121
2025-11-25,300442.SZ,/mnt/team/research-share/huangchunyang/etfmm_oe/wangcai_log_v2/passive_mid_opponent/2025-11-25.log:14123
2025-11-25,300442.SZ,/mnt/team/research-share/huangchunyang/etfmm_oe/wangcai_log_v2/passive_mid_opponent/2025-11-25.log:14124
2025-11-25,300442.SZ,/mnt/team/research-share/huangchunyang/etfmm_oe/wangcai_log_v2/passive_mid_opponent/2025-11-25.log:14126
2025-11-25,Unknown,/mnt/team/research-share/huangchunyang/etfmm_oe/wangcai_log_v2/passive_mid_opponent/2025-11-25.log:14128
2025-11-25,300474.SZ,/mnt/team/research-share/huangchunyang/etfmm_oe/wangcai_log_v2/passive_mid_opponent/2025-11-25.log:19338
2025-11-25,300474.SZ,/mnt/team/research-share/huangchunyang/etfmm_oe/wangcai_log_v2/passive_mid_opponent/2025-11-25.log:19339
2025-11-25,300474.SZ,/mnt/team/research-share/huangchunyang/etfmm_oe/wangcai_log_v2/passive_mid_opponent/2025-11-25.log:19341
2025-11-25,300474.SZ,/mnt/team/research-share/huangchunyang/etfmm_oe/wangcai_log_v2/passive_mid_opponent/2025-11-25.log:19342
2025-11-25,300474.SZ,/mnt/team/research-share/huangchunyang/etfmm_oe/wangcai_log_v2/passive_mid_opponent/2025-11-25.log:19344
2025-11-25,300474.SZ,/mnt/team/research-share/huangchunyang/etfmm_oe/wangcai_log_v2/passive_mid_opponent/2025-11-25.log:19345
2025-11-25,300474.SZ,/mnt/team/research-share/huangchunyang/etfmm_oe/wangcai_log_v2/passive_mid_opponent/2025-11-25.log:19347
2025-11-25,300170.SZ,/mnt/team/research-share/huangchunyang/etfmm_oe/wangcai_log_v2/passive_mid_opponent/2025-11-25.log:28095
2025-11-25,300170.SZ,/mnt/team/research-share/huangchunyang/etfmm_oe/wangcai_log_v2/passive_mid_opponent/2025-11-25.log:28096
2025-11-25,300170.SZ,/mnt/team/research-share/huangchunyang/etfmm_oe/wangcai_log_v2/passive_mid_opponent/2025-11-25.log:28098
2025-11-25,300170.SZ,/mnt/team/research-share/huangchunyang/etfmm_oe/wangcai_log_v2/passive_mid_opponent/2025-11-25.log:28099
2025-11-25,300170.SZ,/mnt/team/research-share/huangchunyang/etfmm_oe/wangcai_log_v2/passive_mid_opponent/2025-11-25.log:28101
2025-11-25,300170.SZ,/mnt/team/research-share/huangchunyang/etfmm_oe/wangcai_log_v2/passive_mid_opponent/2025-11-25.log:28102
2025-11-25,300170.SZ,/mnt/team/research-share/huangchunyang/etfmm_oe/wangcai_log_v2/passive_mid_opponent/2025-11-25.log:28104
2025-11-25,300170.SZ,/mnt/team/research-share/huangchunyang/etfmm_oe/wangcai_log_v2/passive_mid_opponent/2025-11-25.log:28105
2025-11-25,300170.SZ,/mnt/team/research-share/huangchunyang/etfmm_oe/wangcai_log_v2/passive_mid_opponent/2025-11-25.log:28107
2025-11-25,Unknown,/mnt/team/research-share/huangchunyang/etfmm_oe/wangcai_log_v2/passive_mid_opponent/2025-11-25.log:28109
2025-11-26,300442.SZ,/mnt/team/research-share/huangchunyang/etfmm_oe/wangcai_log_v2/passive_mid_opponent/2025-11-26.log:843
2025-11-26,300442.SZ,/mnt/team/research-share/huangchunyang/etfmm_oe/wangcai_log_v2/passive_mid_opponent/2025-11-26.log:844
2025-11-26,300442.SZ,/mnt/team/research-share/huangchunyang/etfmm_oe/wangcai_log_v2/passive_mid_opponent/2025-11-26.log:846
2025-11-26,300442.SZ,/mnt/team/research-share/huangchunyang/etfmm_oe/wangcai_log_v2/passive_mid_opponent/2025-11-26.log:847
2025-11-26,300442.SZ,/mnt/team/research-share/huangchunyang/etfmm_oe/wangcai_log_v2/passive_mid_opponent/2025-11-26.log:849
2025-11-26,300442.SZ,/mnt/team/research-share/huangchunyang/etfmm_oe/wangcai_log_v2/passive_mid_opponent/2025-11-26.log:850
2025-11-26,300442.SZ,/mnt/team/research-share/huangchunyang/etfmm_oe/wangcai_log_v2/passive_mid_opponent/2025-11-26.log:852
2025-11-26,300442.SZ,/mnt/team/research-share/huangchunyang/etfmm_oe/wangcai_log_v2/passive_mid_opponent/2025-11-26.log:853
2025-11-26,300442.SZ,/mnt/team/research-share/huangchunyang/etfmm_oe/wangcai_log_v2/passive_mid_opponent/2025-11-26.log:855
2025-11-26,Unknown,/mnt/team/research-share/huangchunyang/etfmm_oe/wangcai_log_v2/passive_mid_opponent/2025-11-26.log:857
2025-11-26,300895.SZ,/mnt/team/research-share/huangchunyang/etfmm_oe/wangcai_log_v2/passive_mid_opponent/2025-11-26.log:6706
2025-11-26,300895.SZ,/mnt/team/research-share/huangchunyang/etfmm_oe/wangcai_log_v2/passive_mid_opponent/2025-11-26.log:6707
2025-11-26,300895.SZ,/mnt/team/research-share/huangchunyang/etfmm_oe/wangcai_log_v2/passive_mid_opponent/2025-11-26.log:6709
2025-11-26,300895.SZ,/mnt/team/research-share/huangchunyang/etfmm_oe/wangcai_log_v2/passive_mid_opponent/2025-11-26.log:6710
2025-11-26,300895.SZ,/mnt/team/research-share/huangchunyang/etfmm_oe/wangcai_log_v2/passive_mid_opponent/2025-11-26.log:6712
2025-11-26,300895.SZ,/mnt/team/research-share/huangchunyang/etfmm_oe/wangcai_log_v2/passive_mid_opponent/2025-11-26.log:6713
2025-11-26,300895.SZ,/mnt/team/research-share/huangchunyang/etfmm_oe/wangcai_log_v2/passive_mid_opponent/2025-11-26.log:6715
2025-11-26,300895.SZ,/mnt/team/research-share/huangchunyang/etfmm_oe/wangcai_log_v2/passive_mid_opponent/2025-11-26.log:6716
2025-11-26,300895.SZ,/mnt/team/research-share/huangchunyang/etfmm_oe/wangcai_log_v2/passive_mid_opponent/2025-11-26.log:6718
2025-11-26,Unknown,/mnt/team/research-share/huangchunyang/etfmm_oe/wangcai_log_v2/passive_mid_opponent/2025-11-26.log:6720
2025-11-27,300563.SZ,/mnt/team/research-share/huangchunyang/etfmm_oe/wangcai_log_v2/passive_mid_opponent/2025-11-27.log:38568
2025-11-27,300563.SZ,/mnt/team/research-share/huangchunyang/etfmm_oe/wangcai_log_v2/passive_mid_opponent/2025-11-27.log:38569
2025-11-27,300563.SZ,/mnt/team/research-share/huangchunyang/etfmm_oe/wangcai_log_v2/passive_mid_opponent/2025-11-27.log:38571
2025-11-27,300563.SZ,/mnt/team/research-share/huangchunyang/etfmm_oe/wangcai_log_v2/passive_mid_opponent/2025-11-27.log:38572
2025-11-27,300563.SZ,/mnt/team/research-share/huangchunyang/etfmm_oe/wangcai_log_v2/passive_mid_opponent/2025-11-27.log:38574
2025-11-27,300563.SZ,/mnt/team/research-share/huangchunyang/etfmm_oe/wangcai_log_v2/passive_mid_opponent/2025-11-27.log:38575
2025-11-27,300563.SZ,/mnt/team/research-share/huangchunyang/etfmm_oe/wangcai_log_v2/passive_mid_opponent/2025-11-27.log:38577
2025-11-27,300563.SZ,/mnt/team/research-share/huangchunyang/etfmm_oe/wangcai_log_v2/passive_mid_opponent/2025-11-27.log:38578
2025-11-27,300563.SZ,/mnt/team/research-share/huangchunyang/etfmm_oe/wangcai_log_v2/passive_mid_opponent/2025-11-27.log:38580
2025-11-27,002929.SZ,/mnt/team/research-share/huangchunyang/etfmm_oe/wangcai_log_v2/passive_mid_opponent/2025-11-27.log:38582
2025-11-27,002583.SZ,/mnt/team/research-share/huangchunyang/etfmm_oe/wangcai_log_v2/passive_mid_opponent/2025-11-27.log:41703
2025-11-27,002583.SZ,/mnt/team/research-share/huangchunyang/etfmm_oe/wangcai_log_v2/passive_mid_opponent/2025-11-27.log:41704
2025-11-27,002583.SZ,/mnt/team/research-share/huangchunyang/etfmm_oe/wangcai_log_v2/passive_mid_opponent/2025-11-27.log:41706
2025-11-27,002583.SZ,/mnt/team/research-share/huangchunyang/etfmm_oe/wangcai_log_v2/passive_mid_opponent/2025-11-27.log:41707
2025-11-27,002583.SZ,/mnt/team/research-share/huangchunyang/etfmm_oe/wangcai_log_v2/passive_mid_opponent/2025-11-27.log:41709
2025-11-27,002583.SZ,/mnt/team/research-share/huangchunyang/etfmm_oe/wangcai_log_v2/passive_mid_opponent/2025-11-27.log:41710
2025-11-27,002583.SZ,/mnt/team/research-share/huangchunyang/etfmm_oe/wangcai_log_v2/passive_mid_opponent/2025-11-27.log:41712
2025-11-27,002583.SZ,/mnt/team/research-share/huangchunyang/etfmm_oe/wangcai_log_v2/passive_mid_opponent/2025-11-27.log:41713
2025-11-27,002583.SZ,/mnt/team/research-share/huangchunyang/etfmm_oe/wangcai_log_v2/passive_mid_opponent/2025-11-27.log:41715
2025-11-27,Unknown,/mnt/team/research-share/huangchunyang/etfmm_oe/wangcai_log_v2/passive_mid_opponent/2025-11-27.log:41717
2025-11-27,300455.SZ,/mnt/team/research-share/huangchunyang/etfmm_oe/wangcai_log_v2/passive_mid_opponent/2025-11-27.log:46674
2025-11-27,300455.SZ,/mnt/team/research-share/huangchunyang/etfmm_oe/wangcai_log_v2/passive_mid_opponent/2025-11-27.log:46675
2025-11-27,300455.SZ,/mnt/team/research-share/huangchunyang/etfmm_oe/wangcai_log_v2/passive_mid_opponent/2025-11-27.log:46677
2025-11-27,300455.SZ,/mnt/team/research-share/huangchunyang/etfmm_oe/wangcai_log_v2/passive_mid_opponent/2025-11-27.log:46678
2025-11-27,300455.SZ,/mnt/team/research-share/huangchunyang/etfmm_oe/wangcai_log_v2/passive_mid_opponent/2025-11-27.log:46680
2025-11-27,300455.SZ,/mnt/team/research-share/huangchunyang/etfmm_oe/wangcai_log_v2/passive_mid_opponent/2025-11-27.log:46681
2025-11-27,300455.SZ,/mnt/team/research-share/huangchunyang/etfmm_oe/wangcai_log_v2/passive_mid_opponent/2025-11-27.log:46683
2025-11-27,300455.SZ,/mnt/team/research-share/huangchunyang/etfmm_oe/wangcai_log_v2/passive_mid_opponent/2025-11-27.log:46684
2025-11-27,300455.SZ,/mnt/team/research-share/huangchunyang/etfmm_oe/wangcai_log_v2/passive_mid_opponent/2025-11-27.log:46686
2025-11-27,Unknown,/mnt/team/research-share/huangchunyang/etfmm_oe/wangcai_log_v2/passive_mid_opponent/2025-11-27.log:46688
2025-11-27,300170.SZ,/mnt/team/research-share/huangchunyang/etfmm_oe/wangcai_log_v2/passive_mid_opponent/2025-11-27.log:51967
2025-11-27,300170.SZ,/mnt/team/research-share/huangchunyang/etfmm_oe/wangcai_log_v2/passive_mid_opponent/2025-11-27.log:51968
2025-11-27,300170.SZ,/mnt/team/research-share/huangchunyang/etfmm_oe/wangcai_log_v2/passive_mid_opponent/2025-11-27.log:51970
2025-11-27,300170.SZ,/mnt/team/research-share/huangchunyang/etfmm_oe/wangcai_log_v2/passive_mid_opponent/2025-11-27.log:51971
2025-11-27,300170.SZ,/mnt/team/research-share/huangchunyang/etfmm_oe/wangcai_log_v2/passive_mid_opponent/2025-11-27.log:51973
2025-11-27,300170.SZ,/mnt/team/research-share/huangchunyang/etfmm_oe/wangcai_log_v2/passive_mid_opponent/2025-11-27.log:51974
2025-11-27,300170.SZ,/mnt/team/research-share/huangchunyang/etfmm_oe/wangcai_log_v2/passive_mid_opponent/2025-11-27.log:51976
2025-11-27,300170.SZ,/mnt/team/research-share/huangchunyang/etfmm_oe/wangcai_log_v2/passive_mid_opponent/2025-11-27.log:51977
2025-11-27,300170.SZ,/mnt/team/research-share/huangchunyang/etfmm_oe/wangcai_log_v2/passive_mid_opponent/2025-11-27.log:51979
2025-11-27,300223.SZ,/mnt/team/research-share/huangchunyang/etfmm_oe/wangcai_log_v2/passive_mid_opponent/2025-11-27.log:51981
2025-11-27,300442.SZ,/mnt/team/research-share/huangchunyang/etfmm_oe/wangcai_log_v2/passive_mid_opponent/2025-11-27.log:56342
2025-11-27,300442.SZ,/mnt/team/research-share/huangchunyang/etfmm_oe/wangcai_log_v2/passive_mid_opponent/2025-11-27.log:56343
2025-11-27,300442.SZ,/mnt/team/research-share/huangchunyang/etfmm_oe/wangcai_log_v2/passive_mid_opponent/2025-11-27.log:56345
2025-11-27,300442.SZ,/mnt/team/research-share/huangchunyang/etfmm_oe/wangcai_log_v2/passive_mid_opponent/2025-11-27.log:56346
2025-11-27,300442.SZ,/mnt/team/research-share/huangchunyang/etfmm_oe/wangcai_log_v2/passive_mid_opponent/2025-11-27.log:56348
2025-11-27,300442.SZ,/mnt/team/research-share/huangchunyang/etfmm_oe/wangcai_log_v2/passive_mid_opponent/2025-11-27.log:56349
2025-11-27,300442.SZ,/mnt/team/research-share/huangchunyang/etfmm_oe/wangcai_log_v2/passive_mid_opponent/2025-11-27.log:56351
2025-11-27,300442.SZ,/mnt/team/research-share/huangchunyang/etfmm_oe/wangcai_log_v2/passive_mid_opponent/2025-11-27.log:56352
2025-11-27,300442.SZ,/mnt/team/research-share/huangchunyang/etfmm_oe/wangcai_log_v2/passive_mid_opponent/2025-11-27.log:56354
2025-11-27,Unknown,/mnt/team/research-share/huangchunyang/etfmm_oe/wangcai_log_v2/passive_mid_opponent/2025-11-27.log:56356
2025-11-27,300638.SZ,/mnt/team/research-share/huangchunyang/etfmm_oe/wangcai_log_v2/passive_mid_opponent/2025-11-27.log:75868
2025-11-27,300638.SZ,/mnt/team/research-share/huangchunyang/etfmm_oe/wangcai_log_v2/passive_mid_opponent/2025-11-27.log:75869
2025-11-27,300638.SZ,/mnt/team/research-share/huangchunyang/etfmm_oe/wangcai_log_v2/passive_mid_opponent/2025-11-27.log:75871
2025-11-27,300638.SZ,/mnt/team/research-share/huangchunyang/etfmm_oe/wangcai_log_v2/passive_mid_opponent/2025-11-27.log:75872
2025-11-27,300638.SZ,/mnt/team/research-share/huangchunyang/etfmm_oe/wangcai_log_v2/passive_mid_opponent/2025-11-27.log:75874
2025-11-27,300638.SZ,/mnt/team/research-share/huangchunyang/etfmm_oe/wangcai_log_v2/passive_mid_opponent/2025-11-27.log:75875
2025-11-27,300638.SZ,/mnt/team/research-share/huangchunyang/etfmm_oe/wangcai_log_v2/passive_mid_opponent/2025-11-27.log:75877
2025-11-27,300638.SZ,/mnt/team/research-share/huangchunyang/etfmm_oe/wangcai_log_v2/passive_mid_opponent/2025-11-27.log:75878
2025-11-27,300638.SZ,/mnt/team/research-share/huangchunyang/etfmm_oe/wangcai_log_v2/passive_mid_opponent/2025-11-27.log:75880
2025-11-27,Unknown,/mnt/team/research-share/huangchunyang/etfmm_oe/wangcai_log_v2/passive_mid_opponent/2025-11-27.log:75882
2025-12-02,300045.SZ,/mnt/team/research-share/huangchunyang/etfmm_oe/wangcai_log_v2/passive_mid_opponent/2025-12-02.log:75
2025-12-02,300045.SZ,/mnt/team/research-share/huangchunyang/etfmm_oe/wangcai_log_v2/passive_mid_opponent/2025-12-02.log:76
2025-12-02,300045.SZ,/mnt/team/research-share/huangchunyang/etfmm_oe/wangcai_log_v2/passive_mid_opponent/2025-12-02.log:78
2025-12-02,300045.SZ,/mnt/team/research-share/huangchunyang/etfmm_oe/wangcai_log_v2/passive_mid_opponent/2025-12-02.log:79
2025-12-02,300045.SZ,/mnt/team/research-share/huangchunyang/etfmm_oe/wangcai_log_v2/passive_mid_opponent/2025-12-02.log:81
2025-12-02,300045.SZ,/mnt/team/research-share/huangchunyang/etfmm_oe/wangcai_log_v2/passive_mid_opponent/2025-12-02.log:82
2025-12-02,300045.SZ,/mnt/team/research-share/huangchunyang/etfmm_oe/wangcai_log_v2/passive_mid_opponent/2025-12-02.log:84
2025-12-02,300045.SZ,/mnt/team/research-share/huangchunyang/etfmm_oe/wangcai_log_v2/passive_mid_opponent/2025-12-02.log:85
2025-12-02,300045.SZ,/mnt/team/research-share/huangchunyang/etfmm_oe/wangcai_log_v2/passive_mid_opponent/2025-12-02.log:87
2025-12-02,Unknown,/mnt/team/research-share/huangchunyang/etfmm_oe/wangcai_log_v2/passive_mid_opponent/2025-12-02.log:89
2025-12-02,300418.SZ,/mnt/team/research-share/huangchunyang/etfmm_oe/wangcai_log_v2/passive_mid_opponent/2025-12-02.log:22804
2025-12-02,300418.SZ,/mnt/team/research-share/huangchunyang/etfmm_oe/wangcai_log_v2/passive_mid_opponent/2025-12-02.log:22805
2025-12-02,300418.SZ,/mnt/team/research-share/huangchunyang/etfmm_oe/wangcai_log_v2/passive_mid_opponent/2025-12-02.log:22807
2025-12-02,300418.SZ,/mnt/team/research-share/huangchunyang/etfmm_oe/wangcai_log_v2/passive_mid_opponent/2025-12-02.log:22808
2025-12-02,300418.SZ,/mnt/team/research-share/huangchunyang/etfmm_oe/wangcai_log_v2/passive_mid_opponent/2025-12-02.log:22810
2025-12-02,300418.SZ,/mnt/team/research-share/huangchunyang/etfmm_oe/wangcai_log_v2/passive_mid_opponent/2025-12-02.log:22811
2025-12-02,300418.SZ,/mnt/team/research-share/huangchunyang/etfmm_oe/wangcai_log_v2/passive_mid_opponent/2025-12-02.log:22813
2025-12-02,300418.SZ,/mnt/team/research-share/huangchunyang/etfmm_oe/wangcai_log_v2/passive_mid_opponent/2025-12-02.log:22814
2025-12-02,300418.SZ,/mnt/team/research-share/huangchunyang/etfmm_oe/wangcai_log_v2/passive_mid_opponent/2025-12-02.log:22816
2025-12-02,Unknown,/mnt/team/research-share/huangchunyang/etfmm_oe/wangcai_log_v2/passive_mid_opponent/2025-12-02.log:22818
2025-12-03,300458.SZ,/mnt/team/research-share/huangchunyang/etfmm_oe/wangcai_log_v2/passive_mid_opponent/2025-12-03.log:34
2025-12-03,300458.SZ,/mnt/team/research-share/huangchunyang/etfmm_oe/wangcai_log_v2/passive_mid_opponent/2025-12-03.log:35
2025-12-03,300458.SZ,/mnt/team/research-share/huangchunyang/etfmm_oe/wangcai_log_v2/passive_mid_opponent/2025-12-03.log:37
2025-12-03,300458.SZ,/mnt/team/research-share/huangchunyang/etfmm_oe/wangcai_log_v2/passive_mid_opponent/2025-12-03.log:38
2025-12-03,300458.SZ,/mnt/team/research-share/huangchunyang/etfmm_oe/wangcai_log_v2/passive_mid_opponent/2025-12-03.log:40
2025-12-03,300458.SZ,/mnt/team/research-share/huangchunyang/etfmm_oe/wangcai_log_v2/passive_mid_opponent/2025-12-03.log:41
2025-12-03,300458.SZ,/mnt/team/research-share/huangchunyang/etfmm_oe/wangcai_log_v2/passive_mid_opponent/2025-12-03.log:43
2025-12-03,300458.SZ,/mnt/team/research-share/huangchunyang/etfmm_oe/wangcai_log_v2/passive_mid_opponent/2025-12-03.log:44
2025-12-03,300458.SZ,/mnt/team/research-share/huangchunyang/etfmm_oe/wangcai_log_v2/passive_mid_opponent/2025-12-03.log:46
2025-12-03,Unknown,/mnt/team/research-share/huangchunyang/etfmm_oe/wangcai_log_v2/passive_mid_opponent/2025-12-03.log:48
2025-12-03,300223.SZ,/mnt/team/research-share/huangchunyang/etfmm_oe/wangcai_log_v2/passive_mid_opponent/2025-12-03.log:5768
2025-12-03,300223.SZ,/mnt/team/research-share/huangchunyang/etfmm_oe/wangcai_log_v2/passive_mid_opponent/2025-12-03.log:5769
2025-12-03,300223.SZ,/mnt/team/research-share/huangchunyang/etfmm_oe/wangcai_log_v2/passive_mid_opponent/2025-12-03.log:5771
2025-12-03,300223.SZ,/mnt/team/research-share/huangchunyang/etfmm_oe/wangcai_log_v2/passive_mid_opponent/2025-12-03.log:5772
2025-12-03,300223.SZ,/mnt/team/research-share/huangchunyang/etfmm_oe/wangcai_log_v2/passive_mid_opponent/2025-12-03.log:5774
2025-12-03,300223.SZ,/mnt/team/research-share/huangchunyang/etfmm_oe/wangcai_log_v2/passive_mid_opponent/2025-12-03.log:5775
2025-12-03,300223.SZ,/mnt/team/research-share/huangchunyang/etfmm_oe/wangcai_log_v2/passive_mid_opponent/2025-12-03.log:5777
2025-12-03,300223.SZ,/mnt/team/research-share/huangchunyang/etfmm_oe/wangcai_log_v2/passive_mid_opponent/2025-12-03.log:5778
2025-12-03,300223.SZ,/mnt/team/research-share/huangchunyang/etfmm_oe/wangcai_log_v2/passive_mid_opponent/2025-12-03.log:5780
2025-12-03,300548.SZ,/mnt/team/research-share/huangchunyang/etfmm_oe/wangcai_log_v2/passive_mid_opponent/2025-12-03.log:5782
2025-12-03,300353.SZ,/mnt/team/research-share/huangchunyang/etfmm_oe/wangcai_log_v2/passive_mid_opponent/2025-12-03.log:11164
2025-12-03,300353.SZ,/mnt/team/research-share/huangchunyang/etfmm_oe/wangcai_log_v2/passive_mid_opponent/2025-12-03.log:11165
2025-12-03,300353.SZ,/mnt/team/research-share/huangchunyang/etfmm_oe/wangcai_log_v2/passive_mid_opponent/2025-12-03.log:11167
2025-12-03,300353.SZ,/mnt/team/research-share/huangchunyang/etfmm_oe/wangcai_log_v2/passive_mid_opponent/2025-12-03.log:11168
2025-12-03,300353.SZ,/mnt/team/research-share/huangchunyang/etfmm_oe/wangcai_log_v2/passive_mid_opponent/2025-12-03.log:11170
2025-12-03,300353.SZ,/mnt/team/research-share/huangchunyang/etfmm_oe/wangcai_log_v2/passive_mid_opponent/2025-12-03.log:11171
2025-12-03,300353.SZ,/mnt/team/research-share/huangchunyang/etfmm_oe/wangcai_log_v2/passive_mid_opponent/2025-12-03.log:11173
2025-12-03,300353.SZ,/mnt/team/research-share/huangchunyang/etfmm_oe/wangcai_log_v2/passive_mid_opponent/2025-12-03.log:11174
2025-12-03,300353.SZ,/mnt/team/research-share/huangchunyang/etfmm_oe/wangcai_log_v2/passive_mid_opponent/2025-12-03.log:11176
2025-12-03,Unknown,/mnt/team/research-share/huangchunyang/etfmm_oe/wangcai_log_v2/passive_mid_opponent/2025-12-03.log:11178
2025-12-03,300231.SZ,/mnt/team/research-share/huangchunyang/etfmm_oe/wangcai_log_v2/passive_mid_opponent/2025-12-03.log:16893
2025-12-03,300231.SZ,/mnt/team/research-share/huangchunyang/etfmm_oe/wangcai_log_v2/passive_mid_opponent/2025-12-03.log:16894
2025-12-03,300231.SZ,/mnt/team/research-share/huangchunyang/etfmm_oe/wangcai_log_v2/passive_mid_opponent/2025-12-03.log:16896
2025-12-03,300231.SZ,/mnt/team/research-share/huangchunyang/etfmm_oe/wangcai_log_v2/passive_mid_opponent/2025-12-03.log:16897
2025-12-03,300231.SZ,/mnt/team/research-share/huangchunyang/etfmm_oe/wangcai_log_v2/passive_mid_opponent/2025-12-03.log:16899
2025-12-03,300231.SZ,/mnt/team/research-share/huangchunyang/etfmm_oe/wangcai_log_v2/passive_mid_opponent/2025-12-03.log:16900
2025-12-03,300231.SZ,/mnt/team/research-share/huangchunyang/etfmm_oe/wangcai_log_v2/passive_mid_opponent/2025-12-03.log:16902
2025-12-03,300231.SZ,/mnt/team/research-share/huangchunyang/etfmm_oe/wangcai_log_v2/passive_mid_opponent/2025-12-03.log:16903
2025-12-03,300231.SZ,/mnt/team/research-share/huangchunyang/etfmm_oe/wangcai_log_v2/passive_mid_opponent/2025-12-03.log:16905
2025-12-03,300442.SZ,/mnt/team/research-share/huangchunyang/etfmm_oe/wangcai_log_v2/passive_mid_opponent/2025-12-03.log:16907
2025-12-03,002465.SZ,/mnt/team/research-share/huangchunyang/etfmm_oe/wangcai_log_v2/passive_mid_opponent/2025-12-03.log:21485
2025-12-03,002465.SZ,/mnt/team/research-share/huangchunyang/etfmm_oe/wangcai_log_v2/passive_mid_opponent/2025-12-03.log:21489
2025-12-03,002465.SZ,/mnt/team/research-share/huangchunyang/etfmm_oe/wangcai_log_v2/passive_mid_opponent/2025-12-03.log:21490
2025-12-03,002465.SZ,/mnt/team/research-share/huangchunyang/etfmm_oe/wangcai_log_v2/passive_mid_opponent/2025-12-03.log:21492
2025-12-03,002465.SZ,/mnt/team/research-share/huangchunyang/etfmm_oe/wangcai_log_v2/passive_mid_opponent/2025-12-03.log:21493
2025-12-03,002465.SZ,/mnt/team/research-share/huangchunyang/etfmm_oe/wangcai_log_v2/passive_mid_opponent/2025-12-03.log:21495
2025-12-03,Unknown,/mnt/team/research-share/huangchunyang/etfmm_oe/wangcai_log_v2/passive_mid_opponent/2025-12-03.log:21497
2025-12-08,300101.SZ,/mnt/team/research-share/huangchunyang/etfmm_oe/wangcai_log_v2/passive_mid_opponent/2025-12-08.log:82
2025-12-08,300101.SZ,/mnt/team/research-share/huangchunyang/etfmm_oe/wangcai_log_v2/passive_mid_opponent/2025-12-08.log:83
2025-12-08,300101.SZ,/mnt/team/research-share/huangchunyang/etfmm_oe/wangcai_log_v2/passive_mid_opponent/2025-12-08.log:85
2025-12-08,300101.SZ,/mnt/team/research-share/huangchunyang/etfmm_oe/wangcai_log_v2/passive_mid_opponent/2025-12-08.log:86
2025-12-08,300101.SZ,/mnt/team/research-share/huangchunyang/etfmm_oe/wangcai_log_v2/passive_mid_opponent/2025-12-08.log:88
2025-12-08,300101.SZ,/mnt/team/research-share/huangchunyang/etfmm_oe/wangcai_log_v2/passive_mid_opponent/2025-12-08.log:89
2025-12-08,300101.SZ,/mnt/team/research-share/huangchunyang/etfmm_oe/wangcai_log_v2/passive_mid_opponent/2025-12-08.log:91
2025-12-08,300101.SZ,/mnt/team/research-share/huangchunyang/etfmm_oe/wangcai_log_v2/passive_mid_opponent/2025-12-08.log:92
2025-12-08,300101.SZ,/mnt/team/research-share/huangchunyang/etfmm_oe/wangcai_log_v2/passive_mid_opponent/2025-12-08.log:94
2025-12-08,Unknown,/mnt/team/research-share/huangchunyang/etfmm_oe/wangcai_log_v2/passive_mid_opponent/2025-12-08.log:96
2025-12-08,002396.SZ,/mnt/team/research-share/huangchunyang/etfmm_oe/wangcai_log_v2/passive_mid_opponent/2025-12-08.log:4229
2025-12-08,002396.SZ,/mnt/team/research-share/huangchunyang/etfmm_oe/wangcai_log_v2/passive_mid_opponent/2025-12-08.log:4230
2025-12-08,002396.SZ,/mnt/team/research-share/huangchunyang/etfmm_oe/wangcai_log_v2/passive_mid_opponent/2025-12-08.log:4232
2025-12-08,002396.SZ,/mnt/team/research-share/huangchunyang/etfmm_oe/wangcai_log_v2/passive_mid_opponent/2025-12-08.log:4233
2025-12-08,002396.SZ,/mnt/team/research-share/huangchunyang/etfmm_oe/wangcai_log_v2/passive_mid_opponent/2025-12-08.log:4235
2025-12-08,002396.SZ,/mnt/team/research-share/huangchunyang/etfmm_oe/wangcai_log_v2/passive_mid_opponent/2025-12-08.log:4236
2025-12-08,002396.SZ,/mnt/team/research-share/huangchunyang/etfmm_oe/wangcai_log_v2/passive_mid_opponent/2025-12-08.log:4238
2025-12-08,002396.SZ,/mnt/team/research-share/huangchunyang/etfmm_oe/wangcai_log_v2/passive_mid_opponent/2025-12-08.log:4239
2025-12-08,002396.SZ,/mnt/team/research-share/huangchunyang/etfmm_oe/wangcai_log_v2/passive_mid_opponent/2025-12-08.log:4241
2025-12-08,Unknown,/mnt/team/research-share/huangchunyang/etfmm_oe/wangcai_log_v2/passive_mid_opponent/2025-12-08.log:4243
2025-12-08,002881.SZ,/mnt/team/research-share/huangchunyang/etfmm_oe/wangcai_log_v2/passive_mid_opponent/2025-12-08.log:9552
2025-12-08,002881.SZ,/mnt/team/research-share/huangchunyang/etfmm_oe/wangcai_log_v2/passive_mid_opponent/2025-12-08.log:9553
2025-12-08,002881.SZ,/mnt/team/research-share/huangchunyang/etfmm_oe/wangcai_log_v2/passive_mid_opponent/2025-12-08.log:9555
2025-12-08,002881.SZ,/mnt/team/research-share/huangchunyang/etfmm_oe/wangcai_log_v2/passive_mid_opponent/2025-12-08.log:9556
2025-12-08,002881.SZ,/mnt/team/research-share/huangchunyang/etfmm_oe/wangcai_log_v2/passive_mid_opponent/2025-12-08.log:9558
2025-12-08,002881.SZ,/mnt/team/research-share/huangchunyang/etfmm_oe/wangcai_log_v2/passive_mid_opponent/2025-12-08.log:9559
2025-12-08,002881.SZ,/mnt/team/research-share/huangchunyang/etfmm_oe/wangcai_log_v2/passive_mid_opponent/2025-12-08.log:9561
2025-12-08,002881.SZ,/mnt/team/research-share/huangchunyang/etfmm_oe/wangcai_log_v2/passive_mid_opponent/2025-12-08.log:9562
2025-12-08,002881.SZ,/mnt/team/research-share/huangchunyang/etfmm_oe/wangcai_log_v2/passive_mid_opponent/2025-12-08.log:9564
2025-12-08,Unknown,/mnt/team/research-share/huangchunyang/etfmm_oe/wangcai_log_v2/passive_mid_opponent/2025-12-08.log:9566
2025-12-08,300620.SZ,/mnt/team/research-share/huangchunyang/etfmm_oe/wangcai_log_v2/passive_mid_opponent/2025-12-08.log:15198
2025-12-08,300620.SZ,/mnt/team/research-share/huangchunyang/etfmm_oe/wangcai_log_v2/passive_mid_opponent/2025-12-08.log:15199
2025-12-08,300620.SZ,/mnt/team/research-share/huangchunyang/etfmm_oe/wangcai_log_v2/passive_mid_opponent/2025-12-08.log:15201
2025-12-08,300620.SZ,/mnt/team/research-share/huangchunyang/etfmm_oe/wangcai_log_v2/passive_mid_opponent/2025-12-08.log:15202
2025-12-08,300620.SZ,/mnt/team/research-share/huangchunyang/etfmm_oe/wangcai_log_v2/passive_mid_opponent/2025-12-08.log:15204
2025-12-08,300620.SZ,/mnt/team/research-share/huangchunyang/etfmm_oe/wangcai_log_v2/passive_mid_opponent/2025-12-08.log:15205
2025-12-08,300620.SZ,/mnt/team/research-share/huangchunyang/etfmm_oe/wangcai_log_v2/passive_mid_opponent/2025-12-08.log:15207
2025-12-08,300620.SZ,/mnt/team/research-share/huangchunyang/etfmm_oe/wangcai_log_v2/passive_mid_opponent/2025-12-08.log:15208
2025-12-08,300620.SZ,/mnt/team/research-share/huangchunyang/etfmm_oe/wangcai_log_v2/passive_mid_opponent/2025-12-08.log:15210
2025-12-08,Unknown,/mnt/team/research-share/huangchunyang/etfmm_oe/wangcai_log_v2/passive_mid_opponent/2025-12-08.log:15212
2025-12-08,000938.SZ,/mnt/team/research-share/huangchunyang/etfmm_oe/wangcai_log_v2/passive_mid_opponent/2025-12-08.log:24578
2025-12-08,000938.SZ,/mnt/team/research-share/huangchunyang/etfmm_oe/wangcai_log_v2/passive_mid_opponent/2025-12-08.log:24579
2025-12-08,000938.SZ,/mnt/team/research-share/huangchunyang/etfmm_oe/wangcai_log_v2/passive_mid_opponent/2025-12-08.log:24581
2025-12-08,000938.SZ,/mnt/team/research-share/huangchunyang/etfmm_oe/wangcai_log_v2/passive_mid_opponent/2025-12-08.log:24582
2025-12-08,000938.SZ,/mnt/team/research-share/huangchunyang/etfmm_oe/wangcai_log_v2/passive_mid_opponent/2025-12-08.log:24584
2025-12-08,000938.SZ,/mnt/team/research-share/huangchunyang/etfmm_oe/wangcai_log_v2/passive_mid_opponent/2025-12-08.log:24585
2025-12-08,000938.SZ,/mnt/team/research-share/huangchunyang/etfmm_oe/wangcai_log_v2/passive_mid_opponent/2025-12-08.log:24587
2025-12-08,000938.SZ,/mnt/team/research-share/huangchunyang/etfmm_oe/wangcai_log_v2/passive_mid_opponent/2025-12-08.log:24588
2025-12-08,000938.SZ,/mnt/team/research-share/huangchunyang/etfmm_oe/wangcai_log_v2/passive_mid_opponent/2025-12-08.log:24590
2025-12-08,Unknown,/mnt/team/research-share/huangchunyang/etfmm_oe/wangcai_log_v2/passive_mid_opponent/2025-12-08.log:24592
2025-12-09,300045.SZ,/mnt/team/research-share/huangchunyang/etfmm_oe/wangcai_log_v2/passive_mid_opponent/2025-12-09.log:92
2025-12-09,300045.SZ,/mnt/team/research-share/huangchunyang/etfmm_oe/wangcai_log_v2/passive_mid_opponent/2025-12-09.log:93
2025-12-09,300045.SZ,/mnt/team/research-share/huangchunyang/etfmm_oe/wangcai_log_v2/passive_mid_opponent/2025-12-09.log:95
2025-12-09,300045.SZ,/mnt/team/research-share/huangchunyang/etfmm_oe/wangcai_log_v2/passive_mid_opponent/2025-12-09.log:96
2025-12-09,300045.SZ,/mnt/team/research-share/huangchunyang/etfmm_oe/wangcai_log_v2/passive_mid_opponent/2025-12-09.log:98
2025-12-09,300045.SZ,/mnt/team/research-share/huangchunyang/etfmm_oe/wangcai_log_v2/passive_mid_opponent/2025-12-09.log:99
2025-12-09,300045.SZ,/mnt/team/research-share/huangchunyang/etfmm_oe/wangcai_log_v2/passive_mid_opponent/2025-12-09.log:101
2025-12-09,300045.SZ,/mnt/team/research-share/huangchunyang/etfmm_oe/wangcai_log_v2/passive_mid_opponent/2025-12-09.log:102
2025-12-09,300045.SZ,/mnt/team/research-share/huangchunyang/etfmm_oe/wangcai_log_v2/passive_mid_opponent/2025-12-09.log:104
2025-12-09,Unknown,/mnt/team/research-share/huangchunyang/etfmm_oe/wangcai_log_v2/passive_mid_opponent/2025-12-09.log:106
2025-12-09,301050.SZ,/mnt/team/research-share/huangchunyang/etfmm_oe/wangcai_log_v2/passive_mid_opponent/2025-12-09.log:5673
2025-12-09,301050.SZ,/mnt/team/research-share/huangchunyang/etfmm_oe/wangcai_log_v2/passive_mid_opponent/2025-12-09.log:5674
2025-12-09,301050.SZ,/mnt/team/research-share/huangchunyang/etfmm_oe/wangcai_log_v2/passive_mid_opponent/2025-12-09.log:5676
2025-12-09,301050.SZ,/mnt/team/research-share/huangchunyang/etfmm_oe/wangcai_log_v2/passive_mid_opponent/2025-12-09.log:5677
2025-12-09,301050.SZ,/mnt/team/research-share/huangchunyang/etfmm_oe/wangcai_log_v2/passive_mid_opponent/2025-12-09.log:5679
2025-12-09,301050.SZ,/mnt/team/research-share/huangchunyang/etfmm_oe/wangcai_log_v2/passive_mid_opponent/2025-12-09.log:5680
2025-12-09,301050.SZ,/mnt/team/research-share/huangchunyang/etfmm_oe/wangcai_log_v2/passive_mid_opponent/2025-12-09.log:5682
2025-12-09,301050.SZ,/mnt/team/research-share/huangchunyang/etfmm_oe/wangcai_log_v2/passive_mid_opponent/2025-12-09.log:5683
2025-12-09,301050.SZ,/mnt/team/research-share/huangchunyang/etfmm_oe/wangcai_log_v2/passive_mid_opponent/2025-12-09.log:5685
2025-12-09,002338.SZ,/mnt/team/research-share/huangchunyang/etfmm_oe/wangcai_log_v2/passive_mid_opponent/2025-12-09.log:5687
2025-12-09,300593.SZ,/mnt/team/research-share/huangchunyang/etfmm_oe/wangcai_log_v2/passive_mid_opponent/2025-12-09.log:10020
2025-12-09,300593.SZ,/mnt/team/research-share/huangchunyang/etfmm_oe/wangcai_log_v2/passive_mid_opponent/2025-12-09.log:10021
2025-12-09,300593.SZ,/mnt/team/research-share/huangchunyang/etfmm_oe/wangcai_log_v2/passive_mid_opponent/2025-12-09.log:10023
2025-12-09,300593.SZ,/mnt/team/research-share/huangchunyang/etfmm_oe/wangcai_log_v2/passive_mid_opponent/2025-12-09.log:10024
2025-12-09,300593.SZ,/mnt/team/research-share/huangchunyang/etfmm_oe/wangcai_log_v2/passive_mid_opponent/2025-12-09.log:10026
2025-12-09,300593.SZ,/mnt/team/research-share/huangchunyang/etfmm_oe/wangcai_log_v2/passive_mid_opponent/2025-12-09.log:10027
2025-12-09,300593.SZ,/mnt/team/research-share/huangchunyang/etfmm_oe/wangcai_log_v2/passive_mid_opponent/2025-12-09.log:10029
2025-12-09,300593.SZ,/mnt/team/research-share/huangchunyang/etfmm_oe/wangcai_log_v2/passive_mid_opponent/2025-12-09.log:10030
2025-12-09,300593.SZ,/mnt/team/research-share/huangchunyang/etfmm_oe/wangcai_log_v2/passive_mid_opponent/2025-12-09.log:10032
2025-12-09,Unknown,/mnt/team/research-share/huangchunyang/etfmm_oe/wangcai_log_v2/passive_mid_opponent/2025-12-09.log:10034
2025-12-09,300455.SZ,/mnt/team/research-share/huangchunyang/etfmm_oe/wangcai_log_v2/passive_mid_opponent/2025-12-09.log:15857
2025-12-09,300455.SZ,/mnt/team/research-share/huangchunyang/etfmm_oe/wangcai_log_v2/passive_mid_opponent/2025-12-09.log:15858
2025-12-09,300455.SZ,/mnt/team/research-share/huangchunyang/etfmm_oe/wangcai_log_v2/passive_mid_opponent/2025-12-09.log:15860
2025-12-09,300455.SZ,/mnt/team/research-share/huangchunyang/etfmm_oe/wangcai_log_v2/passive_mid_opponent/2025-12-09.log:15861
2025-12-09,300455.SZ,/mnt/team/research-share/huangchunyang/etfmm_oe/wangcai_log_v2/passive_mid_opponent/2025-12-09.log:15863
2025-12-09,300455.SZ,/mnt/team/research-share/huangchunyang/etfmm_oe/wangcai_log_v2/passive_mid_opponent/2025-12-09.log:15864
2025-12-09,300455.SZ,/mnt/team/research-share/huangchunyang/etfmm_oe/wangcai_log_v2/passive_mid_opponent/2025-12-09.log:15866
2025-12-09,300455.SZ,/mnt/team/research-share/huangchunyang/etfmm_oe/wangcai_log_v2/passive_mid_opponent/2025-12-09.log:15867
2025-12-09,300455.SZ,/mnt/team/research-share/huangchunyang/etfmm_oe/wangcai_log_v2/passive_mid_opponent/2025-12-09.log:15869
2025-12-09,Unknown,/mnt/team/research-share/huangchunyang/etfmm_oe/wangcai_log_v2/passive_mid_opponent/2025-12-09.log:15871
2025-12-10,300045.SZ,/mnt/team/research-share/huangchunyang/etfmm_oe/wangcai_log_v2/passive_mid_opponent/2025-12-10.log:308
2025-12-10,300045.SZ,/mnt/team/research-share/huangchunyang/etfmm_oe/wangcai_log_v2/passive_mid_opponent/2025-12-10.log:309
2025-12-10,300045.SZ,/mnt/team/research-share/huangchunyang/etfmm_oe/wangcai_log_v2/passive_mid_opponent/2025-12-10.log:311
2025-12-10,300045.SZ,/mnt/team/research-share/huangchunyang/etfmm_oe/wangcai_log_v2/passive_mid_opponent/2025-12-10.log:312
2025-12-10,300045.SZ,/mnt/team/research-share/huangchunyang/etfmm_oe/wangcai_log_v2/passive_mid_opponent/2025-12-10.log:314
2025-12-10,300045.SZ,/mnt/team/research-share/huangchunyang/etfmm_oe/wangcai_log_v2/passive_mid_opponent/2025-12-10.log:315
2025-12-10,300045.SZ,/mnt/team/research-share/huangchunyang/etfmm_oe/wangcai_log_v2/passive_mid_opponent/2025-12-10.log:317
2025-12-10,300045.SZ,/mnt/team/research-share/huangchunyang/etfmm_oe/wangcai_log_v2/passive_mid_opponent/2025-12-10.log:318
2025-12-10,300045.SZ,/mnt/team/research-share/huangchunyang/etfmm_oe/wangcai_log_v2/passive_mid_opponent/2025-12-10.log:320
2025-12-10,Unknown,/mnt/team/research-share/huangchunyang/etfmm_oe/wangcai_log_v2/passive_mid_opponent/2025-12-10.log:322
2025-12-10,002046.SZ,/mnt/team/research-share/huangchunyang/etfmm_oe/wangcai_log_v2/passive_mid_opponent/2025-12-10.log:5692
2025-12-10,002046.SZ,/mnt/team/research-share/huangchunyang/etfmm_oe/wangcai_log_v2/passive_mid_opponent/2025-12-10.log:5693
2025-12-10,002046.SZ,/mnt/team/research-share/huangchunyang/etfmm_oe/wangcai_log_v2/passive_mid_opponent/2025-12-10.log:5695
2025-12-10,002046.SZ,/mnt/team/research-share/huangchunyang/etfmm_oe/wangcai_log_v2/passive_mid_opponent/2025-12-10.log:5696
2025-12-10,002046.SZ,/mnt/team/research-share/huangchunyang/etfmm_oe/wangcai_log_v2/passive_mid_opponent/2025-12-10.log:5698
2025-12-10,002046.SZ,/mnt/team/research-share/huangchunyang/etfmm_oe/wangcai_log_v2/passive_mid_opponent/2025-12-10.log:5699
2025-12-10,002046.SZ,/mnt/team/research-share/huangchunyang/etfmm_oe/wangcai_log_v2/passive_mid_opponent/2025-12-10.log:5701
2025-12-10,002046.SZ,/mnt/team/research-share/huangchunyang/etfmm_oe/wangcai_log_v2/passive_mid_opponent/2025-12-10.log:5702
2025-12-10,002046.SZ,/mnt/team/research-share/huangchunyang/etfmm_oe/wangcai_log_v2/passive_mid_opponent/2025-12-10.log:5704
2025-12-10,002179.SZ,/mnt/team/research-share/huangchunyang/etfmm_oe/wangcai_log_v2/passive_mid_opponent/2025-12-10.log:5706
2025-12-11,300502.SZ,/mnt/team/research-share/huangchunyang/etfmm_oe/wangcai_log_v2/passive_mid_opponent/2025-12-11.log:75
2025-12-11,300502.SZ,/mnt/team/research-share/huangchunyang/etfmm_oe/wangcai_log_v2/passive_mid_opponent/2025-12-11.log:76
2025-12-11,300502.SZ,/mnt/team/research-share/huangchunyang/etfmm_oe/wangcai_log_v2/passive_mid_opponent/2025-12-11.log:78
2025-12-11,300502.SZ,/mnt/team/research-share/huangchunyang/etfmm_oe/wangcai_log_v2/passive_mid_opponent/2025-12-11.log:79
2025-12-11,300502.SZ,/mnt/team/research-share/huangchunyang/etfmm_oe/wangcai_log_v2/passive_mid_opponent/2025-12-11.log:81
2025-12-11,300502.SZ,/mnt/team/research-share/huangchunyang/etfmm_oe/wangcai_log_v2/passive_mid_opponent/2025-12-11.log:82
2025-12-11,300502.SZ,/mnt/team/research-share/huangchunyang/etfmm_oe/wangcai_log_v2/passive_mid_opponent/2025-12-11.log:84
2025-12-11,300502.SZ,/mnt/team/research-share/huangchunyang/etfmm_oe/wangcai_log_v2/passive_mid_opponent/2025-12-11.log:85
2025-12-11,300502.SZ,/mnt/team/research-share/huangchunyang/etfmm_oe/wangcai_log_v2/passive_mid_opponent/2025-12-11.log:87
2025-12-11,300672.SZ,/mnt/team/research-share/huangchunyang/etfmm_oe/wangcai_log_v2/passive_mid_opponent/2025-12-11.log:4114
2025-12-11,300672.SZ,/mnt/team/research-share/huangchunyang/etfmm_oe/wangcai_log_v2/passive_mid_opponent/2025-12-11.log:4115
2025-12-11,300672.SZ,/mnt/team/research-share/huangchunyang/etfmm_oe/wangcai_log_v2/passive_mid_opponent/2025-12-11.log:4117
2025-12-11,300672.SZ,/mnt/team/research-share/huangchunyang/etfmm_oe/wangcai_log_v2/passive_mid_opponent/2025-12-11.log:4118
2025-12-11,300672.SZ,/mnt/team/research-share/huangchunyang/etfmm_oe/wangcai_log_v2/passive_mid_opponent/2025-12-11.log:4120
2025-12-11,300672.SZ,/mnt/team/research-share/huangchunyang/etfmm_oe/wangcai_log_v2/passive_mid_opponent/2025-12-11.log:4121
2025-12-11,300672.SZ,/mnt/team/research-share/huangchunyang/etfmm_oe/wangcai_log_v2/passive_mid_opponent/2025-12-11.log:4123
2025-12-11,300672.SZ,/mnt/team/research-share/huangchunyang/etfmm_oe/wangcai_log_v2/passive_mid_opponent/2025-12-11.log:4124
2025-12-11,300672.SZ,/mnt/team/research-share/huangchunyang/etfmm_oe/wangcai_log_v2/passive_mid_opponent/2025-12-11.log:4126
2025-12-11,Unknown,/mnt/team/research-share/huangchunyang/etfmm_oe/wangcai_log_v2/passive_mid_opponent/2025-12-11.log:4128
2025-12-11,002465.SZ,/mnt/team/research-share/huangchunyang/etfmm_oe/wangcai_log_v2/passive_mid_opponent/2025-12-11.log:9547
2025-12-11,002465.SZ,/mnt/team/research-share/huangchunyang/etfmm_oe/wangcai_log_v2/passive_mid_opponent/2025-12-11.log:9548
2025-12-11,002465.SZ,/mnt/team/research-share/huangchunyang/etfmm_oe/wangcai_log_v2/passive_mid_opponent/2025-12-11.log:9550
2025-12-11,002465.SZ,/mnt/team/research-share/huangchunyang/etfmm_oe/wangcai_log_v2/passive_mid_opponent/2025-12-11.log:9551
2025-12-11,002465.SZ,/mnt/team/research-share/huangchunyang/etfmm_oe/wangcai_log_v2/passive_mid_opponent/2025-12-11.log:9553
2025-12-11,002465.SZ,/mnt/team/research-share/huangchunyang/etfmm_oe/wangcai_log_v2/passive_mid_opponent/2025-12-11.log:9554
2025-12-11,002465.SZ,/mnt/team/research-share/huangchunyang/etfmm_oe/wangcai_log_v2/passive_mid_opponent/2025-12-11.log:9556
2025-12-11,002465.SZ,/mnt/team/research-share/huangchunyang/etfmm_oe/wangcai_log_v2/passive_mid_opponent/2025-12-11.log:9557
2025-12-11,002465.SZ,/mnt/team/research-share/huangchunyang/etfmm_oe/wangcai_log_v2/passive_mid_opponent/2025-12-11.log:9559
2025-12-11,Unknown,/mnt/team/research-share/huangchunyang/etfmm_oe/wangcai_log_v2/passive_mid_opponent/2025-12-11.log:9561
2025-12-11,300079.SZ,/mnt/team/research-share/huangchunyang/etfmm_oe/wangcai_log_v2/passive_mid_opponent/2025-12-11.log:13707
2025-12-11,300079.SZ,/mnt/team/research-share/huangchunyang/etfmm_oe/wangcai_log_v2/passive_mid_opponent/2025-12-11.log:13708
2025-12-11,300079.SZ,/mnt/team/research-share/huangchunyang/etfmm_oe/wangcai_log_v2/passive_mid_opponent/2025-12-11.log:13710
2025-12-11,300079.SZ,/mnt/team/research-share/huangchunyang/etfmm_oe/wangcai_log_v2/passive_mid_opponent/2025-12-11.log:13711
2025-12-11,300079.SZ,/mnt/team/research-share/huangchunyang/etfmm_oe/wangcai_log_v2/passive_mid_opponent/2025-12-11.log:13713
2025-12-11,300079.SZ,/mnt/team/research-share/huangchunyang/etfmm_oe/wangcai_log_v2/passive_mid_opponent/2025-12-11.log:13717
2025-12-11,Unknown,/mnt/team/research-share/huangchunyang/etfmm_oe/wangcai_log_v2/passive_mid_opponent/2025-12-11.log:13719
2025-12-11,300101.SZ,/mnt/team/research-share/huangchunyang/etfmm_oe/wangcai_log_v2/passive_mid_opponent/2025-12-11.log:18403
2025-12-11,300101.SZ,/mnt/team/research-share/huangchunyang/etfmm_oe/wangcai_log_v2/passive_mid_opponent/2025-12-11.log:18404
2025-12-11,300101.SZ,/mnt/team/research-share/huangchunyang/etfmm_oe/wangcai_log_v2/passive_mid_opponent/2025-12-11.log:18406
2025-12-11,300101.SZ,/mnt/team/research-share/huangchunyang/etfmm_oe/wangcai_log_v2/passive_mid_opponent/2025-12-11.log:18407
2025-12-11,300101.SZ,/mnt/team/research-share/huangchunyang/etfmm_oe/wangcai_log_v2/passive_mid_opponent/2025-12-11.log:18409
2025-12-11,300101.SZ,/mnt/team/research-share/huangchunyang/etfmm_oe/wangcai_log_v2/passive_mid_opponent/2025-12-11.log:18410
2025-12-11,300101.SZ,/mnt/team/research-share/huangchunyang/etfmm_oe/wangcai_log_v2/passive_mid_opponent/2025-12-11.log:18412
2025-12-11,300101.SZ,/mnt/team/research-share/huangchunyang/etfmm_oe/wangcai_log_v2/passive_mid_opponent/2025-12-11.log:18413
2025-12-11,300101.SZ,/mnt/team/research-share/huangchunyang/etfmm_oe/wangcai_log_v2/passive_mid_opponent/2025-12-11.log:18415
2025-12-11,Unknown,/mnt/team/research-share/huangchunyang/etfmm_oe/wangcai_log_v2/passive_mid_opponent/2025-12-11.log:18417
2025-12-12,300353.SZ,/mnt/team/research-share/huangchunyang/etfmm_oe/wangcai_log_v2/passive_mid_opponent/2025-12-12.log:587
2025-12-12,300353.SZ,/mnt/team/research-share/huangchunyang/etfmm_oe/wangcai_log_v2/passive_mid_opponent/2025-12-12.log:588
2025-12-12,300353.SZ,/mnt/team/research-share/huangchunyang/etfmm_oe/wangcai_log_v2/passive_mid_opponent/2025-12-12.log:590
2025-12-12,300353.SZ,/mnt/team/research-share/huangchunyang/etfmm_oe/wangcai_log_v2/passive_mid_opponent/2025-12-12.log:591
2025-12-12,300353.SZ,/mnt/team/research-share/huangchunyang/etfmm_oe/wangcai_log_v2/passive_mid_opponent/2025-12-12.log:593
2025-12-12,300353.SZ,/mnt/team/research-share/huangchunyang/etfmm_oe/wangcai_log_v2/passive_mid_opponent/2025-12-12.log:594
2025-12-12,300353.SZ,/mnt/team/research-share/huangchunyang/etfmm_oe/wangcai_log_v2/passive_mid_opponent/2025-12-12.log:596
2025-12-12,300353.SZ,/mnt/team/research-share/huangchunyang/etfmm_oe/wangcai_log_v2/passive_mid_opponent/2025-12-12.log:597
2025-12-12,300353.SZ,/mnt/team/research-share/huangchunyang/etfmm_oe/wangcai_log_v2/passive_mid_opponent/2025-12-12.log:599
2025-12-12,Unknown,/mnt/team/research-share/huangchunyang/etfmm_oe/wangcai_log_v2/passive_mid_opponent/2025-12-12.log:601
2025-12-12,300672.SZ,/mnt/team/research-share/huangchunyang/etfmm_oe/wangcai_log_v2/passive_mid_opponent/2025-12-12.log:6296
2025-12-12,300672.SZ,/mnt/team/research-share/huangchunyang/etfmm_oe/wangcai_log_v2/passive_mid_opponent/2025-12-12.log:6297
2025-12-12,300672.SZ,/mnt/team/research-share/huangchunyang/etfmm_oe/wangcai_log_v2/passive_mid_opponent/2025-12-12.log:6299
2025-12-12,300672.SZ,/mnt/team/research-share/huangchunyang/etfmm_oe/wangcai_log_v2/passive_mid_opponent/2025-12-12.log:6300
2025-12-12,300672.SZ,/mnt/team/research-share/huangchunyang/etfmm_oe/wangcai_log_v2/passive_mid_opponent/2025-12-12.log:6302
2025-12-12,300672.SZ,/mnt/team/research-share/huangchunyang/etfmm_oe/wangcai_log_v2/passive_mid_opponent/2025-12-12.log:6303
2025-12-12,300672.SZ,/mnt/team/research-share/huangchunyang/etfmm_oe/wangcai_log_v2/passive_mid_opponent/2025-12-12.log:6305
2025-12-12,300672.SZ,/mnt/team/research-share/huangchunyang/etfmm_oe/wangcai_log_v2/passive_mid_opponent/2025-12-12.log:6306
2025-12-12,300672.SZ,/mnt/team/research-share/huangchunyang/etfmm_oe/wangcai_log_v2/passive_mid_opponent/2025-12-12.log:6308
2025-12-12,Unknown,/mnt/team/research-share/huangchunyang/etfmm_oe/wangcai_log_v2/passive_mid_opponent/2025-12-12.log:6310
2025-12-15,002583.SZ,/mnt/team/research-share/huangchunyang/etfmm_oe/wangcai_log_v2/passive_mid_opponent/2025-12-15.log:155
2025-12-15,002583.SZ,/mnt/team/research-share/huangchunyang/etfmm_oe/wangcai_log_v2/passive_mid_opponent/2025-12-15.log:156
2025-12-15,002583.SZ,/mnt/team/research-share/huangchunyang/etfmm_oe/wangcai_log_v2/passive_mid_opponent/2025-12-15.log:158
2025-12-15,002583.SZ,/mnt/team/research-share/huangchunyang/etfmm_oe/wangcai_log_v2/passive_mid_opponent/2025-12-15.log:159
2025-12-15,002583.SZ,/mnt/team/research-share/huangchunyang/etfmm_oe/wangcai_log_v2/passive_mid_opponent/2025-12-15.log:161
2025-12-15,002583.SZ,/mnt/team/research-share/huangchunyang/etfmm_oe/wangcai_log_v2/passive_mid_opponent/2025-12-15.log:162
2025-12-15,002583.SZ,/mnt/team/research-share/huangchunyang/etfmm_oe/wangcai_log_v2/passive_mid_opponent/2025-12-15.log:164
2025-12-15,300913.SZ,/mnt/team/research-share/huangchunyang/etfmm_oe/wangcai_log_v2/passive_mid_opponent/2025-12-15.log:38884
2025-12-15,300913.SZ,/mnt/team/research-share/huangchunyang/etfmm_oe/wangcai_log_v2/passive_mid_opponent/2025-12-15.log:38885
2025-12-15,Unknown,/mnt/team/research-share/huangchunyang/etfmm_oe/wangcai_log_v2/passive_mid_opponent/2025-12-15.log:38887
2025-12-15,300913.SZ,/mnt/team/research-share/huangchunyang/etfmm_oe/wangcai_log_v2/passive_mid_opponent/2025-12-15.log:39966
2025-12-15,300913.SZ,/mnt/team/research-share/huangchunyang/etfmm_oe/wangcai_log_v2/passive_mid_opponent/2025-12-15.log:39968
2025-12-15,300913.SZ,/mnt/team/research-share/huangchunyang/etfmm_oe/wangcai_log_v2/passive_mid_opponent/2025-12-15.log:39969
2025-12-15,300913.SZ,/mnt/team/research-share/huangchunyang/etfmm_oe/wangcai_log_v2/passive_mid_opponent/2025-12-15.log:39971
2025-12-15,300394.SZ,/mnt/team/research-share/huangchunyang/etfmm_oe/wangcai_log_v2/passive_mid_opponent/2025-12-15.log:43883
2025-12-15,300394.SZ,/mnt/team/research-share/huangchunyang/etfmm_oe/wangcai_log_v2/passive_mid_opponent/2025-12-15.log:43884
2025-12-15,300394.SZ,/mnt/team/research-share/huangchunyang/etfmm_oe/wangcai_log_v2/passive_mid_opponent/2025-12-15.log:43886
2025-12-15,300394.SZ,/mnt/team/research-share/huangchunyang/etfmm_oe/wangcai_log_v2/passive_mid_opponent/2025-12-15.log:43887
2025-12-15,300394.SZ,/mnt/team/research-share/huangchunyang/etfmm_oe/wangcai_log_v2/passive_mid_opponent/2025-12-15.log:43889
2025-12-15,300394.SZ,/mnt/team/research-share/huangchunyang/etfmm_oe/wangcai_log_v2/passive_mid_opponent/2025-12-15.log:43890
2025-12-15,Unknown,/mnt/team/research-share/huangchunyang/etfmm_oe/wangcai_log_v2/passive_mid_opponent/2025-12-15.log:43892
2025-12-15,300394.SZ,/mnt/team/research-share/huangchunyang/etfmm_oe/wangcai_log_v2/passive_mid_opponent/2025-12-15.log:44818
2025-12-15,300394.SZ,/mnt/team/research-share/huangchunyang/etfmm_oe/wangcai_log_v2/passive_mid_opponent/2025-12-15.log:44820
2025-12-15,Unknown,/mnt/team/research-share/huangchunyang/etfmm_oe/wangcai_log_v2/passive_mid_opponent/2025-12-15.log:44822
2025-12-15,300593.SZ,/mnt/team/research-share/huangchunyang/etfmm_oe/wangcai_log_v2/passive_mid_opponent/2025-12-15.log:48875
2025-12-15,300593.SZ,/mnt/team/research-share/huangchunyang/etfmm_oe/wangcai_log_v2/passive_mid_opponent/2025-12-15.log:48876
2025-12-15,300593.SZ,/mnt/team/research-share/huangchunyang/etfmm_oe/wangcai_log_v2/passive_mid_opponent/2025-12-15.log:48878
2025-12-15,300593.SZ,/mnt/team/research-share/huangchunyang/etfmm_oe/wangcai_log_v2/passive_mid_opponent/2025-12-15.log:48879
2025-12-15,300593.SZ,/mnt/team/research-share/huangchunyang/etfmm_oe/wangcai_log_v2/passive_mid_opponent/2025-12-15.log:48881
2025-12-15,300593.SZ,/mnt/team/research-share/huangchunyang/etfmm_oe/wangcai_log_v2/passive_mid_opponent/2025-12-15.log:48882
2025-12-15,300593.SZ,/mnt/team/research-share/huangchunyang/etfmm_oe/wangcai_log_v2/passive_mid_opponent/2025-12-15.log:48884
2025-12-15,300593.SZ,/mnt/team/research-share/huangchunyang/etfmm_oe/wangcai_log_v2/passive_mid_opponent/2025-12-15.log:48885
2025-12-15,300593.SZ,/mnt/team/research-share/huangchunyang/etfmm_oe/wangcai_log_v2/passive_mid_opponent/2025-12-15.log:48887
2025-12-15,Unknown,/mnt/team/research-share/huangchunyang/etfmm_oe/wangcai_log_v2/passive_mid_opponent/2025-12-15.log:48889
2025-12-15,300672.SZ,/mnt/team/research-share/huangchunyang/etfmm_oe/wangcai_log_v2/passive_mid_opponent/2025-12-15.log:53996
2025-12-15,300672.SZ,/mnt/team/research-share/huangchunyang/etfmm_oe/wangcai_log_v2/passive_mid_opponent/2025-12-15.log:53997
2025-12-15,300672.SZ,/mnt/team/research-share/huangchunyang/etfmm_oe/wangcai_log_v2/passive_mid_opponent/2025-12-15.log:53999
2025-12-15,300672.SZ,/mnt/team/research-share/huangchunyang/etfmm_oe/wangcai_log_v2/passive_mid_opponent/2025-12-15.log:54000
2025-12-15,300672.SZ,/mnt/team/research-share/huangchunyang/etfmm_oe/wangcai_log_v2/passive_mid_opponent/2025-12-15.log:54002
2025-12-15,300672.SZ,/mnt/team/research-share/huangchunyang/etfmm_oe/wangcai_log_v2/passive_mid_opponent/2025-12-15.log:54003
2025-12-15,300672.SZ,/mnt/team/research-share/huangchunyang/etfmm_oe/wangcai_log_v2/passive_mid_opponent/2025-12-15.log:54005
2025-12-15,300672.SZ,/mnt/team/research-share/huangchunyang/etfmm_oe/wangcai_log_v2/passive_mid_opponent/2025-12-15.log:54006
2025-12-15,300672.SZ,/mnt/team/research-share/huangchunyang/etfmm_oe/wangcai_log_v2/passive_mid_opponent/2025-12-15.log:54008
2025-12-15,Unknown,/mnt/team/research-share/huangchunyang/etfmm_oe/wangcai_log_v2/passive_mid_opponent/2025-12-15.log:54010
2025-11-17,301358.SZ,/mnt/team/research-share/huangchunyang/etfmm_oe/wangcai_log_v2/passive_mid_own/2025-11-17.log:10457
2025-11-17,301358.SZ,/mnt/team/research-share/huangchunyang/etfmm_oe/wangcai_log_v2/passive_mid_own/2025-11-17.log:10458
2025-11-17,301358.SZ,/mnt/team/research-share/huangchunyang/etfmm_oe/wangcai_log_v2/passive_mid_own/2025-11-17.log:10460
2025-11-17,301358.SZ,/mnt/team/research-share/huangchunyang/etfmm_oe/wangcai_log_v2/passive_mid_own/2025-11-17.log:10461
2025-11-17,301358.SZ,/mnt/team/research-share/huangchunyang/etfmm_oe/wangcai_log_v2/passive_mid_own/2025-11-17.log:10463
2025-11-17,301358.SZ,/mnt/team/research-share/huangchunyang/etfmm_oe/wangcai_log_v2/passive_mid_own/2025-11-17.log:10464
2025-11-17,301358.SZ,/mnt/team/research-share/huangchunyang/etfmm_oe/wangcai_log_v2/passive_mid_own/2025-11-17.log:10466
2025-11-17,301358.SZ,/mnt/team/research-share/huangchunyang/etfmm_oe/wangcai_log_v2/passive_mid_own/2025-11-17.log:10467
2025-11-17,301358.SZ,/mnt/team/research-share/huangchunyang/etfmm_oe/wangcai_log_v2/passive_mid_own/2025-11-17.log:10469
2025-11-17,Unknown,/mnt/team/research-share/huangchunyang/etfmm_oe/wangcai_log_v2/passive_mid_own/2025-11-17.log:10471
2025-11-25,300548.SZ,/mnt/team/research-share/huangchunyang/etfmm_oe/wangcai_log_v2/passive_mid_own/2025-11-25.log:113
2025-11-25,300548.SZ,/mnt/team/research-share/huangchunyang/etfmm_oe/wangcai_log_v2/passive_mid_own/2025-11-25.log:114
2025-11-25,300548.SZ,/mnt/team/research-share/huangchunyang/etfmm_oe/wangcai_log_v2/passive_mid_own/2025-11-25.log:116
2025-11-25,300548.SZ,/mnt/team/research-share/huangchunyang/etfmm_oe/wangcai_log_v2/passive_mid_own/2025-11-25.log:117
2025-11-25,300548.SZ,/mnt/team/research-share/huangchunyang/etfmm_oe/wangcai_log_v2/passive_mid_own/2025-11-25.log:119
2025-11-25,300548.SZ,/mnt/team/research-share/huangchunyang/etfmm_oe/wangcai_log_v2/passive_mid_own/2025-11-25.log:120
2025-11-25,300548.SZ,/mnt/team/research-share/huangchunyang/etfmm_oe/wangcai_log_v2/passive_mid_own/2025-11-25.log:122
2025-11-25,300548.SZ,/mnt/team/research-share/huangchunyang/etfmm_oe/wangcai_log_v2/passive_mid_own/2025-11-25.log:123
2025-11-25,300548.SZ,/mnt/team/research-share/huangchunyang/etfmm_oe/wangcai_log_v2/passive_mid_own/2025-11-25.log:125
2025-11-25,Unknown,/mnt/team/research-share/huangchunyang/etfmm_oe/wangcai_log_v2/passive_mid_own/2025-11-25.log:127
2025-11-25,300454.SZ,/mnt/team/research-share/huangchunyang/etfmm_oe/wangcai_log_v2/passive_mid_own/2025-11-25.log:4491
2025-11-25,300454.SZ,/mnt/team/research-share/huangchunyang/etfmm_oe/wangcai_log_v2/passive_mid_own/2025-11-25.log:4492
2025-11-25,300454.SZ,/mnt/team/research-share/huangchunyang/etfmm_oe/wangcai_log_v2/passive_mid_own/2025-11-25.log:4494
2025-11-25,300454.SZ,/mnt/team/research-share/huangchunyang/etfmm_oe/wangcai_log_v2/passive_mid_own/2025-11-25.log:4495
2025-11-25,300454.SZ,/mnt/team/research-share/huangchunyang/etfmm_oe/wangcai_log_v2/passive_mid_own/2025-11-25.log:4497
2025-11-25,300454.SZ,/mnt/team/research-share/huangchunyang/etfmm_oe/wangcai_log_v2/passive_mid_own/2025-11-25.log:4498
2025-11-25,300454.SZ,/mnt/team/research-share/huangchunyang/etfmm_oe/wangcai_log_v2/passive_mid_own/2025-11-25.log:4500
2025-11-25,300454.SZ,/mnt/team/research-share/huangchunyang/etfmm_oe/wangcai_log_v2/passive_mid_own/2025-11-25.log:4501
2025-11-25,300454.SZ,/mnt/team/research-share/huangchunyang/etfmm_oe/wangcai_log_v2/passive_mid_own/2025-11-25.log:4503
2025-11-25,Unknown,/mnt/team/research-share/huangchunyang/etfmm_oe/wangcai_log_v2/passive_mid_own/2025-11-25.log:4505
2025-11-25,300348.SZ,/mnt/team/research-share/huangchunyang/etfmm_oe/wangcai_log_v2/passive_mid_own/2025-11-25.log:9986
2025-11-25,300348.SZ,/mnt/team/research-share/huangchunyang/etfmm_oe/wangcai_log_v2/passive_mid_own/2025-11-25.log:9987
2025-11-25,300348.SZ,/mnt/team/research-share/huangchunyang/etfmm_oe/wangcai_log_v2/passive_mid_own/2025-11-25.log:9989
2025-11-25,300348.SZ,/mnt/team/research-share/huangchunyang/etfmm_oe/wangcai_log_v2/passive_mid_own/2025-11-25.log:9990
2025-11-25,300348.SZ,/mnt/team/research-share/huangchunyang/etfmm_oe/wangcai_log_v2/passive_mid_own/2025-11-25.log:9992
2025-11-25,300348.SZ,/mnt/team/research-share/huangchunyang/etfmm_oe/wangcai_log_v2/passive_mid_own/2025-11-25.log:9993
2025-11-25,300348.SZ,/mnt/team/research-share/huangchunyang/etfmm_oe/wangcai_log_v2/passive_mid_own/2025-11-25.log:9995
2025-11-25,300348.SZ,/mnt/team/research-share/huangchunyang/etfmm_oe/wangcai_log_v2/passive_mid_own/2025-11-25.log:9996
2025-11-25,300348.SZ,/mnt/team/research-share/huangchunyang/etfmm_oe/wangcai_log_v2/passive_mid_own/2025-11-25.log:9998
2025-11-25,Unknown,/mnt/team/research-share/huangchunyang/etfmm_oe/wangcai_log_v2/passive_mid_own/2025-11-25.log:10000
2025-11-25,300442.SZ,/mnt/team/research-share/huangchunyang/etfmm_oe/wangcai_log_v2/passive_mid_own/2025-11-25.log:14151
2025-11-25,300442.SZ,/mnt/team/research-share/huangchunyang/etfmm_oe/wangcai_log_v2/passive_mid_own/2025-11-25.log:14152
2025-11-25,300442.SZ,/mnt/team/research-share/huangchunyang/etfmm_oe/wangcai_log_v2/passive_mid_own/2025-11-25.log:14154
2025-11-25,300442.SZ,/mnt/team/research-share/huangchunyang/etfmm_oe/wangcai_log_v2/passive_mid_own/2025-11-25.log:14155
2025-11-25,300442.SZ,/mnt/team/research-share/huangchunyang/etfmm_oe/wangcai_log_v2/passive_mid_own/2025-11-25.log:14157
2025-11-25,300442.SZ,/mnt/team/research-share/huangchunyang/etfmm_oe/wangcai_log_v2/passive_mid_own/2025-11-25.log:14158
2025-11-25,300442.SZ,/mnt/team/research-share/huangchunyang/etfmm_oe/wangcai_log_v2/passive_mid_own/2025-11-25.log:14160
2025-11-25,300442.SZ,/mnt/team/research-share/huangchunyang/etfmm_oe/wangcai_log_v2/passive_mid_own/2025-11-25.log:14161
2025-11-25,300442.SZ,/mnt/team/research-share/huangchunyang/etfmm_oe/wangcai_log_v2/passive_mid_own/2025-11-25.log:14163
2025-11-25,Unknown,/mnt/team/research-share/huangchunyang/etfmm_oe/wangcai_log_v2/passive_mid_own/2025-11-25.log:14165
2025-11-25,300474.SZ,/mnt/team/research-share/huangchunyang/etfmm_oe/wangcai_log_v2/passive_mid_own/2025-11-25.log:19388
2025-11-25,300474.SZ,/mnt/team/research-share/huangchunyang/etfmm_oe/wangcai_log_v2/passive_mid_own/2025-11-25.log:19389
2025-11-25,300474.SZ,/mnt/team/research-share/huangchunyang/etfmm_oe/wangcai_log_v2/passive_mid_own/2025-11-25.log:19391
2025-11-25,300474.SZ,/mnt/team/research-share/huangchunyang/etfmm_oe/wangcai_log_v2/passive_mid_own/2025-11-25.log:19392
2025-11-25,300474.SZ,/mnt/team/research-share/huangchunyang/etfmm_oe/wangcai_log_v2/passive_mid_own/2025-11-25.log:19394
2025-11-25,300474.SZ,/mnt/team/research-share/huangchunyang/etfmm_oe/wangcai_log_v2/passive_mid_own/2025-11-25.log:19395
2025-11-25,300474.SZ,/mnt/team/research-share/huangchunyang/etfmm_oe/wangcai_log_v2/passive_mid_own/2025-11-25.log:19397
2025-11-25,300170.SZ,/mnt/team/research-share/huangchunyang/etfmm_oe/wangcai_log_v2/passive_mid_own/2025-11-25.log:28102
2025-11-25,300170.SZ,/mnt/team/research-share/huangchunyang/etfmm_oe/wangcai_log_v2/passive_mid_own/2025-11-25.log:28103
2025-11-25,300170.SZ,/mnt/team/research-share/huangchunyang/etfmm_oe/wangcai_log_v2/passive_mid_own/2025-11-25.log:28105
2025-11-25,300170.SZ,/mnt/team/research-share/huangchunyang/etfmm_oe/wangcai_log_v2/passive_mid_own/2025-11-25.log:28106
2025-11-25,300170.SZ,/mnt/team/research-share/huangchunyang/etfmm_oe/wangcai_log_v2/passive_mid_own/2025-11-25.log:28108
2025-11-25,300170.SZ,/mnt/team/research-share/huangchunyang/etfmm_oe/wangcai_log_v2/passive_mid_own/2025-11-25.log:28109
2025-11-25,300170.SZ,/mnt/team/research-share/huangchunyang/etfmm_oe/wangcai_log_v2/passive_mid_own/2025-11-25.log:28111
2025-11-25,300170.SZ,/mnt/team/research-share/huangchunyang/etfmm_oe/wangcai_log_v2/passive_mid_own/2025-11-25.log:28112
2025-11-25,300170.SZ,/mnt/team/research-share/huangchunyang/etfmm_oe/wangcai_log_v2/passive_mid_own/2025-11-25.log:28114
2025-11-25,Unknown,/mnt/team/research-share/huangchunyang/etfmm_oe/wangcai_log_v2/passive_mid_own/2025-11-25.log:28116
2025-11-26,300442.SZ,/mnt/team/research-share/huangchunyang/etfmm_oe/wangcai_log_v2/passive_mid_own/2025-11-26.log:857
2025-11-26,300442.SZ,/mnt/team/research-share/huangchunyang/etfmm_oe/wangcai_log_v2/passive_mid_own/2025-11-26.log:858
2025-11-26,300442.SZ,/mnt/team/research-share/huangchunyang/etfmm_oe/wangcai_log_v2/passive_mid_own/2025-11-26.log:860
2025-11-26,300442.SZ,/mnt/team/research-share/huangchunyang/etfmm_oe/wangcai_log_v2/passive_mid_own/2025-11-26.log:861
2025-11-26,300442.SZ,/mnt/team/research-share/huangchunyang/etfmm_oe/wangcai_log_v2/passive_mid_own/2025-11-26.log:863
2025-11-26,300442.SZ,/mnt/team/research-share/huangchunyang/etfmm_oe/wangcai_log_v2/passive_mid_own/2025-11-26.log:864
2025-11-26,300442.SZ,/mnt/team/research-share/huangchunyang/etfmm_oe/wangcai_log_v2/passive_mid_own/2025-11-26.log:866
2025-11-26,300442.SZ,/mnt/team/research-share/huangchunyang/etfmm_oe/wangcai_log_v2/passive_mid_own/2025-11-26.log:867
2025-11-26,300442.SZ,/mnt/team/research-share/huangchunyang/etfmm_oe/wangcai_log_v2/passive_mid_own/2025-11-26.log:869
2025-11-26,Unknown,/mnt/team/research-share/huangchunyang/etfmm_oe/wangcai_log_v2/passive_mid_own/2025-11-26.log:871
2025-11-26,300895.SZ,/mnt/team/research-share/huangchunyang/etfmm_oe/wangcai_log_v2/passive_mid_own/2025-11-26.log:6731
2025-11-26,300895.SZ,/mnt/team/research-share/huangchunyang/etfmm_oe/wangcai_log_v2/passive_mid_own/2025-11-26.log:6732
2025-11-26,300895.SZ,/mnt/team/research-share/huangchunyang/etfmm_oe/wangcai_log_v2/passive_mid_own/2025-11-26.log:6734
2025-11-26,300895.SZ,/mnt/team/research-share/huangchunyang/etfmm_oe/wangcai_log_v2/passive_mid_own/2025-11-26.log:6735
2025-11-26,300895.SZ,/mnt/team/research-share/huangchunyang/etfmm_oe/wangcai_log_v2/passive_mid_own/2025-11-26.log:6737
2025-11-26,300895.SZ,/mnt/team/research-share/huangchunyang/etfmm_oe/wangcai_log_v2/passive_mid_own/2025-11-26.log:6738
2025-11-26,300895.SZ,/mnt/team/research-share/huangchunyang/etfmm_oe/wangcai_log_v2/passive_mid_own/2025-11-26.log:6740
2025-11-26,300895.SZ,/mnt/team/research-share/huangchunyang/etfmm_oe/wangcai_log_v2/passive_mid_own/2025-11-26.log:6741
2025-11-26,300895.SZ,/mnt/team/research-share/huangchunyang/etfmm_oe/wangcai_log_v2/passive_mid_own/2025-11-26.log:6743
2025-11-26,Unknown,/mnt/team/research-share/huangchunyang/etfmm_oe/wangcai_log_v2/passive_mid_own/2025-11-26.log:6745
2025-11-27,300563.SZ,/mnt/team/research-share/huangchunyang/etfmm_oe/wangcai_log_v2/passive_mid_own/2025-11-27.log:38569
2025-11-27,300563.SZ,/mnt/team/research-share/huangchunyang/etfmm_oe/wangcai_log_v2/passive_mid_own/2025-11-27.log:38570
2025-11-27,300563.SZ,/mnt/team/research-share/huangchunyang/etfmm_oe/wangcai_log_v2/passive_mid_own/2025-11-27.log:38572
2025-11-27,300563.SZ,/mnt/team/research-share/huangchunyang/etfmm_oe/wangcai_log_v2/passive_mid_own/2025-11-27.log:38573
2025-11-27,300563.SZ,/mnt/team/research-share/huangchunyang/etfmm_oe/wangcai_log_v2/passive_mid_own/2025-11-27.log:38575
2025-11-27,300563.SZ,/mnt/team/research-share/huangchunyang/etfmm_oe/wangcai_log_v2/passive_mid_own/2025-11-27.log:38576
2025-11-27,300563.SZ,/mnt/team/research-share/huangchunyang/etfmm_oe/wangcai_log_v2/passive_mid_own/2025-11-27.log:38578
2025-11-27,300563.SZ,/mnt/team/research-share/huangchunyang/etfmm_oe/wangcai_log_v2/passive_mid_own/2025-11-27.log:38579
2025-11-27,300563.SZ,/mnt/team/research-share/huangchunyang/etfmm_oe/wangcai_log_v2/passive_mid_own/2025-11-27.log:38581
2025-11-27,Unknown,/mnt/team/research-share/huangchunyang/etfmm_oe/wangcai_log_v2/passive_mid_own/2025-11-27.log:38583
2025-11-27,002583.SZ,/mnt/team/research-share/huangchunyang/etfmm_oe/wangcai_log_v2/passive_mid_own/2025-11-27.log:41711
2025-11-27,002583.SZ,/mnt/team/research-share/huangchunyang/etfmm_oe/wangcai_log_v2/passive_mid_own/2025-11-27.log:41712
2025-11-27,002583.SZ,/mnt/team/research-share/huangchunyang/etfmm_oe/wangcai_log_v2/passive_mid_own/2025-11-27.log:41714
2025-11-27,002583.SZ,/mnt/team/research-share/huangchunyang/etfmm_oe/wangcai_log_v2/passive_mid_own/2025-11-27.log:41715
2025-11-27,002583.SZ,/mnt/team/research-share/huangchunyang/etfmm_oe/wangcai_log_v2/passive_mid_own/2025-11-27.log:41717
2025-11-27,002583.SZ,/mnt/team/research-share/huangchunyang/etfmm_oe/wangcai_log_v2/passive_mid_own/2025-11-27.log:41718
2025-11-27,002583.SZ,/mnt/team/research-share/huangchunyang/etfmm_oe/wangcai_log_v2/passive_mid_own/2025-11-27.log:41720
2025-11-27,002583.SZ,/mnt/team/research-share/huangchunyang/etfmm_oe/wangcai_log_v2/passive_mid_own/2025-11-27.log:41721
2025-11-27,Unknown,/mnt/team/research-share/huangchunyang/etfmm_oe/wangcai_log_v2/passive_mid_own/2025-11-27.log:41723
2025-11-27,Unknown,/mnt/team/research-share/huangchunyang/etfmm_oe/wangcai_log_v2/passive_mid_own/2025-11-27.log:42621
2025-11-27,300455.SZ,/mnt/team/research-share/huangchunyang/etfmm_oe/wangcai_log_v2/passive_mid_own/2025-11-27.log:46682
2025-11-27,300455.SZ,/mnt/team/research-share/huangchunyang/etfmm_oe/wangcai_log_v2/passive_mid_own/2025-11-27.log:46683
2025-11-27,300455.SZ,/mnt/team/research-share/huangchunyang/etfmm_oe/wangcai_log_v2/passive_mid_own/2025-11-27.log:46685
2025-11-27,300455.SZ,/mnt/team/research-share/huangchunyang/etfmm_oe/wangcai_log_v2/passive_mid_own/2025-11-27.log:46686
2025-11-27,300455.SZ,/mnt/team/research-share/huangchunyang/etfmm_oe/wangcai_log_v2/passive_mid_own/2025-11-27.log:46688
2025-11-27,300455.SZ,/mnt/team/research-share/huangchunyang/etfmm_oe/wangcai_log_v2/passive_mid_own/2025-11-27.log:46689
2025-11-27,300455.SZ,/mnt/team/research-share/huangchunyang/etfmm_oe/wangcai_log_v2/passive_mid_own/2025-11-27.log:46691
2025-11-27,300455.SZ,/mnt/team/research-share/huangchunyang/etfmm_oe/wangcai_log_v2/passive_mid_own/2025-11-27.log:46692
2025-11-27,300455.SZ,/mnt/team/research-share/huangchunyang/etfmm_oe/wangcai_log_v2/passive_mid_own/2025-11-27.log:46694
2025-11-27,Unknown,/mnt/team/research-share/huangchunyang/etfmm_oe/wangcai_log_v2/passive_mid_own/2025-11-27.log:46696
2025-11-27,300170.SZ,/mnt/team/research-share/huangchunyang/etfmm_oe/wangcai_log_v2/passive_mid_own/2025-11-27.log:51959
2025-11-27,300170.SZ,/mnt/team/research-share/huangchunyang/etfmm_oe/wangcai_log_v2/passive_mid_own/2025-11-27.log:51960
2025-11-27,300170.SZ,/mnt/team/research-share/huangchunyang/etfmm_oe/wangcai_log_v2/passive_mid_own/2025-11-27.log:51962
2025-11-27,300170.SZ,/mnt/team/research-share/huangchunyang/etfmm_oe/wangcai_log_v2/passive_mid_own/2025-11-27.log:51963
2025-11-27,300170.SZ,/mnt/team/research-share/huangchunyang/etfmm_oe/wangcai_log_v2/passive_mid_own/2025-11-27.log:51965
2025-11-27,300170.SZ,/mnt/team/research-share/huangchunyang/etfmm_oe/wangcai_log_v2/passive_mid_own/2025-11-27.log:51966
2025-11-27,300170.SZ,/mnt/team/research-share/huangchunyang/etfmm_oe/wangcai_log_v2/passive_mid_own/2025-11-27.log:51968
2025-11-27,300170.SZ,/mnt/team/research-share/huangchunyang/etfmm_oe/wangcai_log_v2/passive_mid_own/2025-11-27.log:51969
2025-11-27,300170.SZ,/mnt/team/research-share/huangchunyang/etfmm_oe/wangcai_log_v2/passive_mid_own/2025-11-27.log:51971
2025-11-27,300252.SZ,/mnt/team/research-share/huangchunyang/etfmm_oe/wangcai_log_v2/passive_mid_own/2025-11-27.log:51973
2025-11-27,300442.SZ,/mnt/team/research-share/huangchunyang/etfmm_oe/wangcai_log_v2/passive_mid_own/2025-11-27.log:56359
2025-11-27,300442.SZ,/mnt/team/research-share/huangchunyang/etfmm_oe/wangcai_log_v2/passive_mid_own/2025-11-27.log:56360
2025-11-27,300442.SZ,/mnt/team/research-share/huangchunyang/etfmm_oe/wangcai_log_v2/passive_mid_own/2025-11-27.log:56362
2025-11-27,300442.SZ,/mnt/team/research-share/huangchunyang/etfmm_oe/wangcai_log_v2/passive_mid_own/2025-11-27.log:56363
2025-11-27,300442.SZ,/mnt/team/research-share/huangchunyang/etfmm_oe/wangcai_log_v2/passive_mid_own/2025-11-27.log:56365
2025-11-27,300442.SZ,/mnt/team/research-share/huangchunyang/etfmm_oe/wangcai_log_v2/passive_mid_own/2025-11-27.log:56366
2025-11-27,300442.SZ,/mnt/team/research-share/huangchunyang/etfmm_oe/wangcai_log_v2/passive_mid_own/2025-11-27.log:56368
2025-11-27,300442.SZ,/mnt/team/research-share/huangchunyang/etfmm_oe/wangcai_log_v2/passive_mid_own/2025-11-27.log:56369
2025-11-27,300442.SZ,/mnt/team/research-share/huangchunyang/etfmm_oe/wangcai_log_v2/passive_mid_own/2025-11-27.log:56371
2025-11-27,Unknown,/mnt/team/research-share/huangchunyang/etfmm_oe/wangcai_log_v2/passive_mid_own/2025-11-27.log:56373
2025-11-27,300638.SZ,/mnt/team/research-share/huangchunyang/etfmm_oe/wangcai_log_v2/passive_mid_own/2025-11-27.log:76660
2025-11-27,300638.SZ,/mnt/team/research-share/huangchunyang/etfmm_oe/wangcai_log_v2/passive_mid_own/2025-11-27.log:76661
2025-11-27,300638.SZ,/mnt/team/research-share/huangchunyang/etfmm_oe/wangcai_log_v2/passive_mid_own/2025-11-27.log:76663
2025-11-27,300638.SZ,/mnt/team/research-share/huangchunyang/etfmm_oe/wangcai_log_v2/passive_mid_own/2025-11-27.log:76664
2025-11-27,300638.SZ,/mnt/team/research-share/huangchunyang/etfmm_oe/wangcai_log_v2/passive_mid_own/2025-11-27.log:76666
2025-11-27,300638.SZ,/mnt/team/research-share/huangchunyang/etfmm_oe/wangcai_log_v2/passive_mid_own/2025-11-27.log:76667
2025-11-27,300638.SZ,/mnt/team/research-share/huangchunyang/etfmm_oe/wangcai_log_v2/passive_mid_own/2025-11-27.log:76669
2025-11-27,300638.SZ,/mnt/team/research-share/huangchunyang/etfmm_oe/wangcai_log_v2/passive_mid_own/2025-11-27.log:76670
2025-11-27,300638.SZ,/mnt/team/research-share/huangchunyang/etfmm_oe/wangcai_log_v2/passive_mid_own/2025-11-27.log:76672
2025-11-27,Unknown,/mnt/team/research-share/huangchunyang/etfmm_oe/wangcai_log_v2/passive_mid_own/2025-11-27.log:76674
2025-12-02,300045.SZ,/mnt/team/research-share/huangchunyang/etfmm_oe/wangcai_log_v2/passive_mid_own/2025-12-02.log:75
2025-12-02,300045.SZ,/mnt/team/research-share/huangchunyang/etfmm_oe/wangcai_log_v2/passive_mid_own/2025-12-02.log:76
2025-12-02,300045.SZ,/mnt/team/research-share/huangchunyang/etfmm_oe/wangcai_log_v2/passive_mid_own/2025-12-02.log:78
2025-12-02,300045.SZ,/mnt/team/research-share/huangchunyang/etfmm_oe/wangcai_log_v2/passive_mid_own/2025-12-02.log:79
2025-12-02,300045.SZ,/mnt/team/research-share/huangchunyang/etfmm_oe/wangcai_log_v2/passive_mid_own/2025-12-02.log:81
2025-12-02,300045.SZ,/mnt/team/research-share/huangchunyang/etfmm_oe/wangcai_log_v2/passive_mid_own/2025-12-02.log:82
2025-12-02,300045.SZ,/mnt/team/research-share/huangchunyang/etfmm_oe/wangcai_log_v2/passive_mid_own/2025-12-02.log:84
2025-12-02,300045.SZ,/mnt/team/research-share/huangchunyang/etfmm_oe/wangcai_log_v2/passive_mid_own/2025-12-02.log:85
2025-12-02,300045.SZ,/mnt/team/research-share/huangchunyang/etfmm_oe/wangcai_log_v2/passive_mid_own/2025-12-02.log:87
2025-12-02,Unknown,/mnt/team/research-share/huangchunyang/etfmm_oe/wangcai_log_v2/passive_mid_own/2025-12-02.log:89
2025-12-02,300418.SZ,/mnt/team/research-share/huangchunyang/etfmm_oe/wangcai_log_v2/passive_mid_own/2025-12-02.log:22830
2025-12-02,300418.SZ,/mnt/team/research-share/huangchunyang/etfmm_oe/wangcai_log_v2/passive_mid_own/2025-12-02.log:22831
2025-12-02,300418.SZ,/mnt/team/research-share/huangchunyang/etfmm_oe/wangcai_log_v2/passive_mid_own/2025-12-02.log:22833
2025-12-02,300418.SZ,/mnt/team/research-share/huangchunyang/etfmm_oe/wangcai_log_v2/passive_mid_own/2025-12-02.log:22834
2025-12-02,300418.SZ,/mnt/team/research-share/huangchunyang/etfmm_oe/wangcai_log_v2/passive_mid_own/2025-12-02.log:22836
2025-12-02,300418.SZ,/mnt/team/research-share/huangchunyang/etfmm_oe/wangcai_log_v2/passive_mid_own/2025-12-02.log:22837
2025-12-02,300418.SZ,/mnt/team/research-share/huangchunyang/etfmm_oe/wangcai_log_v2/passive_mid_own/2025-12-02.log:22839
2025-12-02,300418.SZ,/mnt/team/research-share/huangchunyang/etfmm_oe/wangcai_log_v2/passive_mid_own/2025-12-02.log:22840
2025-12-02,300418.SZ,/mnt/team/research-share/huangchunyang/etfmm_oe/wangcai_log_v2/passive_mid_own/2025-12-02.log:22842
2025-12-02,Unknown,/mnt/team/research-share/huangchunyang/etfmm_oe/wangcai_log_v2/passive_mid_own/2025-12-02.log:22844
2025-12-03,300458.SZ,/mnt/team/research-share/huangchunyang/etfmm_oe/wangcai_log_v2/passive_mid_own/2025-12-03.log:34
2025-12-03,300458.SZ,/mnt/team/research-share/huangchunyang/etfmm_oe/wangcai_log_v2/passive_mid_own/2025-12-03.log:35
2025-12-03,300458.SZ,/mnt/team/research-share/huangchunyang/etfmm_oe/wangcai_log_v2/passive_mid_own/2025-12-03.log:37
2025-12-03,300458.SZ,/mnt/team/research-share/huangchunyang/etfmm_oe/wangcai_log_v2/passive_mid_own/2025-12-03.log:38
2025-12-03,300458.SZ,/mnt/team/research-share/huangchunyang/etfmm_oe/wangcai_log_v2/passive_mid_own/2025-12-03.log:40
2025-12-03,300458.SZ,/mnt/team/research-share/huangchunyang/etfmm_oe/wangcai_log_v2/passive_mid_own/2025-12-03.log:41
2025-12-03,300458.SZ,/mnt/team/research-share/huangchunyang/etfmm_oe/wangcai_log_v2/passive_mid_own/2025-12-03.log:43
2025-12-03,300458.SZ,/mnt/team/research-share/huangchunyang/etfmm_oe/wangcai_log_v2/passive_mid_own/2025-12-03.log:44
2025-12-03,300458.SZ,/mnt/team/research-share/huangchunyang/etfmm_oe/wangcai_log_v2/passive_mid_own/2025-12-03.log:46
2025-12-03,Unknown,/mnt/team/research-share/huangchunyang/etfmm_oe/wangcai_log_v2/passive_mid_own/2025-12-03.log:48
2025-12-03,300223.SZ,/mnt/team/research-share/huangchunyang/etfmm_oe/wangcai_log_v2/passive_mid_own/2025-12-03.log:5776
2025-12-03,300223.SZ,/mnt/team/research-share/huangchunyang/etfmm_oe/wangcai_log_v2/passive_mid_own/2025-12-03.log:5777
2025-12-03,300223.SZ,/mnt/team/research-share/huangchunyang/etfmm_oe/wangcai_log_v2/passive_mid_own/2025-12-03.log:5779
2025-12-03,300223.SZ,/mnt/team/research-share/huangchunyang/etfmm_oe/wangcai_log_v2/passive_mid_own/2025-12-03.log:5780
2025-12-03,300223.SZ,/mnt/team/research-share/huangchunyang/etfmm_oe/wangcai_log_v2/passive_mid_own/2025-12-03.log:5782
2025-12-03,300223.SZ,/mnt/team/research-share/huangchunyang/etfmm_oe/wangcai_log_v2/passive_mid_own/2025-12-03.log:5783
2025-12-03,300223.SZ,/mnt/team/research-share/huangchunyang/etfmm_oe/wangcai_log_v2/passive_mid_own/2025-12-03.log:5785
2025-12-03,300223.SZ,/mnt/team/research-share/huangchunyang/etfmm_oe/wangcai_log_v2/passive_mid_own/2025-12-03.log:5786
2025-12-03,300223.SZ,/mnt/team/research-share/huangchunyang/etfmm_oe/wangcai_log_v2/passive_mid_own/2025-12-03.log:5788
2025-12-03,300548.SZ,/mnt/team/research-share/huangchunyang/etfmm_oe/wangcai_log_v2/passive_mid_own/2025-12-03.log:5790
2025-12-03,300353.SZ,/mnt/team/research-share/huangchunyang/etfmm_oe/wangcai_log_v2/passive_mid_own/2025-12-03.log:11176
2025-12-03,300353.SZ,/mnt/team/research-share/huangchunyang/etfmm_oe/wangcai_log_v2/passive_mid_own/2025-12-03.log:11177
2025-12-03,300353.SZ,/mnt/team/research-share/huangchunyang/etfmm_oe/wangcai_log_v2/passive_mid_own/2025-12-03.log:11179
2025-12-03,300353.SZ,/mnt/team/research-share/huangchunyang/etfmm_oe/wangcai_log_v2/passive_mid_own/2025-12-03.log:11180
2025-12-03,300353.SZ,/mnt/team/research-share/huangchunyang/etfmm_oe/wangcai_log_v2/passive_mid_own/2025-12-03.log:11182
2025-12-03,300353.SZ,/mnt/team/research-share/huangchunyang/etfmm_oe/wangcai_log_v2/passive_mid_own/2025-12-03.log:11183
2025-12-03,300353.SZ,/mnt/team/research-share/huangchunyang/etfmm_oe/wangcai_log_v2/passive_mid_own/2025-12-03.log:11185
2025-12-03,300353.SZ,/mnt/team/research-share/huangchunyang/etfmm_oe/wangcai_log_v2/passive_mid_own/2025-12-03.log:11186
2025-12-03,300353.SZ,/mnt/team/research-share/huangchunyang/etfmm_oe/wangcai_log_v2/passive_mid_own/2025-12-03.log:11188
2025-12-03,Unknown,/mnt/team/research-share/huangchunyang/etfmm_oe/wangcai_log_v2/passive_mid_own/2025-12-03.log:11190
2025-12-03,300231.SZ,/mnt/team/research-share/huangchunyang/etfmm_oe/wangcai_log_v2/passive_mid_own/2025-12-03.log:16887
2025-12-03,300231.SZ,/mnt/team/research-share/huangchunyang/etfmm_oe/wangcai_log_v2/passive_mid_own/2025-12-03.log:16888
2025-12-03,300231.SZ,/mnt/team/research-share/huangchunyang/etfmm_oe/wangcai_log_v2/passive_mid_own/2025-12-03.log:16890
2025-12-03,300231.SZ,/mnt/team/research-share/huangchunyang/etfmm_oe/wangcai_log_v2/passive_mid_own/2025-12-03.log:16891
2025-12-03,300231.SZ,/mnt/team/research-share/huangchunyang/etfmm_oe/wangcai_log_v2/passive_mid_own/2025-12-03.log:16893
2025-12-03,300231.SZ,/mnt/team/research-share/huangchunyang/etfmm_oe/wangcai_log_v2/passive_mid_own/2025-12-03.log:16894
2025-12-03,300231.SZ,/mnt/team/research-share/huangchunyang/etfmm_oe/wangcai_log_v2/passive_mid_own/2025-12-03.log:16896
2025-12-03,300231.SZ,/mnt/team/research-share/huangchunyang/etfmm_oe/wangcai_log_v2/passive_mid_own/2025-12-03.log:16897
2025-12-03,300231.SZ,/mnt/team/research-share/huangchunyang/etfmm_oe/wangcai_log_v2/passive_mid_own/2025-12-03.log:16899
2025-12-03,Unknown,/mnt/team/research-share/huangchunyang/etfmm_oe/wangcai_log_v2/passive_mid_own/2025-12-03.log:16901
2025-12-03,002465.SZ,/mnt/team/research-share/huangchunyang/etfmm_oe/wangcai_log_v2/passive_mid_own/2025-12-03.log:21525
2025-12-03,002465.SZ,/mnt/team/research-share/huangchunyang/etfmm_oe/wangcai_log_v2/passive_mid_own/2025-12-03.log:22848
2025-12-03,002465.SZ,/mnt/team/research-share/huangchunyang/etfmm_oe/wangcai_log_v2/passive_mid_own/2025-12-03.log:22849
2025-12-03,002465.SZ,/mnt/team/research-share/huangchunyang/etfmm_oe/wangcai_log_v2/passive_mid_own/2025-12-03.log:22851
2025-12-03,002465.SZ,/mnt/team/research-share/huangchunyang/etfmm_oe/wangcai_log_v2/passive_mid_own/2025-12-03.log:22852
2025-12-03,002465.SZ,/mnt/team/research-share/huangchunyang/etfmm_oe/wangcai_log_v2/passive_mid_own/2025-12-03.log:22854
2025-12-03,Unknown,/mnt/team/research-share/huangchunyang/etfmm_oe/wangcai_log_v2/passive_mid_own/2025-12-03.log:22856
2025-12-08,300101.SZ,/mnt/team/research-share/huangchunyang/etfmm_oe/wangcai_log_v2/passive_mid_own/2025-12-08.log:86
2025-12-08,300101.SZ,/mnt/team/research-share/huangchunyang/etfmm_oe/wangcai_log_v2/passive_mid_own/2025-12-08.log:87
2025-12-08,300101.SZ,/mnt/team/research-share/huangchunyang/etfmm_oe/wangcai_log_v2/passive_mid_own/2025-12-08.log:89
2025-12-08,300101.SZ,/mnt/team/research-share/huangchunyang/etfmm_oe/wangcai_log_v2/passive_mid_own/2025-12-08.log:90
2025-12-08,300101.SZ,/mnt/team/research-share/huangchunyang/etfmm_oe/wangcai_log_v2/passive_mid_own/2025-12-08.log:92
2025-12-08,300101.SZ,/mnt/team/research-share/huangchunyang/etfmm_oe/wangcai_log_v2/passive_mid_own/2025-12-08.log:93
2025-12-08,300101.SZ,/mnt/team/research-share/huangchunyang/etfmm_oe/wangcai_log_v2/passive_mid_own/2025-12-08.log:95
2025-12-08,300101.SZ,/mnt/team/research-share/huangchunyang/etfmm_oe/wangcai_log_v2/passive_mid_own/2025-12-08.log:96
2025-12-08,300101.SZ,/mnt/team/research-share/huangchunyang/etfmm_oe/wangcai_log_v2/passive_mid_own/2025-12-08.log:98
2025-12-08,Unknown,/mnt/team/research-share/huangchunyang/etfmm_oe/wangcai_log_v2/passive_mid_own/2025-12-08.log:100
2025-12-08,002396.SZ,/mnt/team/research-share/huangchunyang/etfmm_oe/wangcai_log_v2/passive_mid_own/2025-12-08.log:4233
2025-12-08,002396.SZ,/mnt/team/research-share/huangchunyang/etfmm_oe/wangcai_log_v2/passive_mid_own/2025-12-08.log:4234
2025-12-08,002396.SZ,/mnt/team/research-share/huangchunyang/etfmm_oe/wangcai_log_v2/passive_mid_own/2025-12-08.log:4236
2025-12-08,002396.SZ,/mnt/team/research-share/huangchunyang/etfmm_oe/wangcai_log_v2/passive_mid_own/2025-12-08.log:4237
2025-12-08,002396.SZ,/mnt/team/research-share/huangchunyang/etfmm_oe/wangcai_log_v2/passive_mid_own/2025-12-08.log:4239
2025-12-08,002396.SZ,/mnt/team/research-share/huangchunyang/etfmm_oe/wangcai_log_v2/passive_mid_own/2025-12-08.log:4240
2025-12-08,002396.SZ,/mnt/team/research-share/huangchunyang/etfmm_oe/wangcai_log_v2/passive_mid_own/2025-12-08.log:4242
2025-12-08,002396.SZ,/mnt/team/research-share/huangchunyang/etfmm_oe/wangcai_log_v2/passive_mid_own/2025-12-08.log:4243
2025-12-08,002396.SZ,/mnt/team/research-share/huangchunyang/etfmm_oe/wangcai_log_v2/passive_mid_own/2025-12-08.log:4245
2025-12-08,Unknown,/mnt/team/research-share/huangchunyang/etfmm_oe/wangcai_log_v2/passive_mid_own/2025-12-08.log:4247
2025-12-08,002881.SZ,/mnt/team/research-share/huangchunyang/etfmm_oe/wangcai_log_v2/passive_mid_own/2025-12-08.log:9572
2025-12-08,002881.SZ,/mnt/team/research-share/huangchunyang/etfmm_oe/wangcai_log_v2/passive_mid_own/2025-12-08.log:9573
2025-12-08,002881.SZ,/mnt/team/research-share/huangchunyang/etfmm_oe/wangcai_log_v2/passive_mid_own/2025-12-08.log:9575
2025-12-08,002881.SZ,/mnt/team/research-share/huangchunyang/etfmm_oe/wangcai_log_v2/passive_mid_own/2025-12-08.log:9576
2025-12-08,002881.SZ,/mnt/team/research-share/huangchunyang/etfmm_oe/wangcai_log_v2/passive_mid_own/2025-12-08.log:9578
2025-12-08,002881.SZ,/mnt/team/research-share/huangchunyang/etfmm_oe/wangcai_log_v2/passive_mid_own/2025-12-08.log:9579
2025-12-08,002881.SZ,/mnt/team/research-share/huangchunyang/etfmm_oe/wangcai_log_v2/passive_mid_own/2025-12-08.log:9581
2025-12-08,002881.SZ,/mnt/team/research-share/huangchunyang/etfmm_oe/wangcai_log_v2/passive_mid_own/2025-12-08.log:9582
2025-12-08,002881.SZ,/mnt/team/research-share/huangchunyang/etfmm_oe/wangcai_log_v2/passive_mid_own/2025-12-08.log:9584
2025-12-08,Unknown,/mnt/team/research-share/huangchunyang/etfmm_oe/wangcai_log_v2/passive_mid_own/2025-12-08.log:9586
2025-12-08,300620.SZ,/mnt/team/research-share/huangchunyang/etfmm_oe/wangcai_log_v2/passive_mid_own/2025-12-08.log:15225
2025-12-08,300620.SZ,/mnt/team/research-share/huangchunyang/etfmm_oe/wangcai_log_v2/passive_mid_own/2025-12-08.log:15226
2025-12-08,300620.SZ,/mnt/team/research-share/huangchunyang/etfmm_oe/wangcai_log_v2/passive_mid_own/2025-12-08.log:15228
2025-12-08,300620.SZ,/mnt/team/research-share/huangchunyang/etfmm_oe/wangcai_log_v2/passive_mid_own/2025-12-08.log:15229
2025-12-08,300620.SZ,/mnt/team/research-share/huangchunyang/etfmm_oe/wangcai_log_v2/passive_mid_own/2025-12-08.log:15231
2025-12-08,300620.SZ,/mnt/team/research-share/huangchunyang/etfmm_oe/wangcai_log_v2/passive_mid_own/2025-12-08.log:15232
2025-12-08,300620.SZ,/mnt/team/research-share/huangchunyang/etfmm_oe/wangcai_log_v2/passive_mid_own/2025-12-08.log:15234
2025-12-08,300620.SZ,/mnt/team/research-share/huangchunyang/etfmm_oe/wangcai_log_v2/passive_mid_own/2025-12-08.log:15235
2025-12-08,300620.SZ,/mnt/team/research-share/huangchunyang/etfmm_oe/wangcai_log_v2/passive_mid_own/2025-12-08.log:15237
2025-12-08,Unknown,/mnt/team/research-share/huangchunyang/etfmm_oe/wangcai_log_v2/passive_mid_own/2025-12-08.log:15239
2025-12-08,000938.SZ,/mnt/team/research-share/huangchunyang/etfmm_oe/wangcai_log_v2/passive_mid_own/2025-12-08.log:24604
2025-12-08,000938.SZ,/mnt/team/research-share/huangchunyang/etfmm_oe/wangcai_log_v2/passive_mid_own/2025-12-08.log:24605
2025-12-08,000938.SZ,/mnt/team/research-share/huangchunyang/etfmm_oe/wangcai_log_v2/passive_mid_own/2025-12-08.log:24607
2025-12-08,000938.SZ,/mnt/team/research-share/huangchunyang/etfmm_oe/wangcai_log_v2/passive_mid_own/2025-12-08.log:24608
2025-12-08,000938.SZ,/mnt/team/research-share/huangchunyang/etfmm_oe/wangcai_log_v2/passive_mid_own/2025-12-08.log:24610
2025-12-08,000938.SZ,/mnt/team/research-share/huangchunyang/etfmm_oe/wangcai_log_v2/passive_mid_own/2025-12-08.log:24611
2025-12-08,000938.SZ,/mnt/team/research-share/huangchunyang/etfmm_oe/wangcai_log_v2/passive_mid_own/2025-12-08.log:24613
2025-12-08,000938.SZ,/mnt/team/research-share/huangchunyang/etfmm_oe/wangcai_log_v2/passive_mid_own/2025-12-08.log:24614
2025-12-08,000938.SZ,/mnt/team/research-share/huangchunyang/etfmm_oe/wangcai_log_v2/passive_mid_own/2025-12-08.log:24616
2025-12-08,Unknown,/mnt/team/research-share/huangchunyang/etfmm_oe/wangcai_log_v2/passive_mid_own/2025-12-08.log:24618
2025-12-09,300045.SZ,/mnt/team/research-share/huangchunyang/etfmm_oe/wangcai_log_v2/passive_mid_own/2025-12-09.log:92
2025-12-09,300045.SZ,/mnt/team/research-share/huangchunyang/etfmm_oe/wangcai_log_v2/passive_mid_own/2025-12-09.log:93
2025-12-09,300045.SZ,/mnt/team/research-share/huangchunyang/etfmm_oe/wangcai_log_v2/passive_mid_own/2025-12-09.log:95
2025-12-09,300045.SZ,/mnt/team/research-share/huangchunyang/etfmm_oe/wangcai_log_v2/passive_mid_own/2025-12-09.log:96
2025-12-09,300045.SZ,/mnt/team/research-share/huangchunyang/etfmm_oe/wangcai_log_v2/passive_mid_own/2025-12-09.log:98
2025-12-09,300045.SZ,/mnt/team/research-share/huangchunyang/etfmm_oe/wangcai_log_v2/passive_mid_own/2025-12-09.log:99
2025-12-09,300045.SZ,/mnt/team/research-share/huangchunyang/etfmm_oe/wangcai_log_v2/passive_mid_own/2025-12-09.log:101
2025-12-09,300045.SZ,/mnt/team/research-share/huangchunyang/etfmm_oe/wangcai_log_v2/passive_mid_own/2025-12-09.log:102
2025-12-09,300045.SZ,/mnt/team/research-share/huangchunyang/etfmm_oe/wangcai_log_v2/passive_mid_own/2025-12-09.log:104
2025-12-09,Unknown,/mnt/team/research-share/huangchunyang/etfmm_oe/wangcai_log_v2/passive_mid_own/2025-12-09.log:106
2025-12-09,301050.SZ,/mnt/team/research-share/huangchunyang/etfmm_oe/wangcai_log_v2/passive_mid_own/2025-12-09.log:5676
2025-12-09,301050.SZ,/mnt/team/research-share/huangchunyang/etfmm_oe/wangcai_log_v2/passive_mid_own/2025-12-09.log:5677
2025-12-09,301050.SZ,/mnt/team/research-share/huangchunyang/etfmm_oe/wangcai_log_v2/passive_mid_own/2025-12-09.log:5679
2025-12-09,301050.SZ,/mnt/team/research-share/huangchunyang/etfmm_oe/wangcai_log_v2/passive_mid_own/2025-12-09.log:5680
2025-12-09,301050.SZ,/mnt/team/research-share/huangchunyang/etfmm_oe/wangcai_log_v2/passive_mid_own/2025-12-09.log:5682
2025-12-09,301050.SZ,/mnt/team/research-share/huangchunyang/etfmm_oe/wangcai_log_v2/passive_mid_own/2025-12-09.log:5683
2025-12-09,301050.SZ,/mnt/team/research-share/huangchunyang/etfmm_oe/wangcai_log_v2/passive_mid_own/2025-12-09.log:5685
2025-12-09,301050.SZ,/mnt/team/research-share/huangchunyang/etfmm_oe/wangcai_log_v2/passive_mid_own/2025-12-09.log:5686
2025-12-09,301050.SZ,/mnt/team/research-share/huangchunyang/etfmm_oe/wangcai_log_v2/passive_mid_own/2025-12-09.log:5688
2025-12-09,002389.SZ,/mnt/team/research-share/huangchunyang/etfmm_oe/wangcai_log_v2/passive_mid_own/2025-12-09.log:5690
2025-12-09,300593.SZ,/mnt/team/research-share/huangchunyang/etfmm_oe/wangcai_log_v2/passive_mid_own/2025-12-09.log:10035
2025-12-09,300593.SZ,/mnt/team/research-share/huangchunyang/etfmm_oe/wangcai_log_v2/passive_mid_own/2025-12-09.log:10036
2025-12-09,300593.SZ,/mnt/team/research-share/huangchunyang/etfmm_oe/wangcai_log_v2/passive_mid_own/2025-12-09.log:10038
2025-12-09,300593.SZ,/mnt/team/research-share/huangchunyang/etfmm_oe/wangcai_log_v2/passive_mid_own/2025-12-09.log:10039
2025-12-09,300593.SZ,/mnt/team/research-share/huangchunyang/etfmm_oe/wangcai_log_v2/passive_mid_own/2025-12-09.log:10041
2025-12-09,300593.SZ,/mnt/team/research-share/huangchunyang/etfmm_oe/wangcai_log_v2/passive_mid_own/2025-12-09.log:10042
2025-12-09,300593.SZ,/mnt/team/research-share/huangchunyang/etfmm_oe/wangcai_log_v2/passive_mid_own/2025-12-09.log:10044
2025-12-09,300593.SZ,/mnt/team/research-share/huangchunyang/etfmm_oe/wangcai_log_v2/passive_mid_own/2025-12-09.log:10045
2025-12-09,300593.SZ,/mnt/team/research-share/huangchunyang/etfmm_oe/wangcai_log_v2/passive_mid_own/2025-12-09.log:10047
2025-12-09,Unknown,/mnt/team/research-share/huangchunyang/etfmm_oe/wangcai_log_v2/passive_mid_own/2025-12-09.log:10049
2025-12-09,300455.SZ,/mnt/team/research-share/huangchunyang/etfmm_oe/wangcai_log_v2/passive_mid_own/2025-12-09.log:15882
2025-12-09,300455.SZ,/mnt/team/research-share/huangchunyang/etfmm_oe/wangcai_log_v2/passive_mid_own/2025-12-09.log:15883
2025-12-09,300455.SZ,/mnt/team/research-share/huangchunyang/etfmm_oe/wangcai_log_v2/passive_mid_own/2025-12-09.log:15885
2025-12-09,300455.SZ,/mnt/team/research-share/huangchunyang/etfmm_oe/wangcai_log_v2/passive_mid_own/2025-12-09.log:15886
2025-12-09,300455.SZ,/mnt/team/research-share/huangchunyang/etfmm_oe/wangcai_log_v2/passive_mid_own/2025-12-09.log:15888
2025-12-09,300455.SZ,/mnt/team/research-share/huangchunyang/etfmm_oe/wangcai_log_v2/passive_mid_own/2025-12-09.log:15889
2025-12-09,300455.SZ,/mnt/team/research-share/huangchunyang/etfmm_oe/wangcai_log_v2/passive_mid_own/2025-12-09.log:15891
2025-12-09,300455.SZ,/mnt/team/research-share/huangchunyang/etfmm_oe/wangcai_log_v2/passive_mid_own/2025-12-09.log:15892
2025-12-09,300455.SZ,/mnt/team/research-share/huangchunyang/etfmm_oe/wangcai_log_v2/passive_mid_own/2025-12-09.log:15894
2025-12-09,Unknown,/mnt/team/research-share/huangchunyang/etfmm_oe/wangcai_log_v2/passive_mid_own/2025-12-09.log:15896
2025-12-10,300045.SZ,/mnt/team/research-share/huangchunyang/etfmm_oe/wangcai_log_v2/passive_mid_own/2025-12-10.log:320
2025-12-10,300045.SZ,/mnt/team/research-share/huangchunyang/etfmm_oe/wangcai_log_v2/passive_mid_own/2025-12-10.log:321
2025-12-10,300045.SZ,/mnt/team/research-share/huangchunyang/etfmm_oe/wangcai_log_v2/passive_mid_own/2025-12-10.log:323
2025-12-10,300045.SZ,/mnt/team/research-share/huangchunyang/etfmm_oe/wangcai_log_v2/passive_mid_own/2025-12-10.log:324
2025-12-10,300045.SZ,/mnt/team/research-share/huangchunyang/etfmm_oe/wangcai_log_v2/passive_mid_own/2025-12-10.log:326
2025-12-10,300045.SZ,/mnt/team/research-share/huangchunyang/etfmm_oe/wangcai_log_v2/passive_mid_own/2025-12-10.log:327
2025-12-10,300045.SZ,/mnt/team/research-share/huangchunyang/etfmm_oe/wangcai_log_v2/passive_mid_own/2025-12-10.log:329
2025-12-10,300045.SZ,/mnt/team/research-share/huangchunyang/etfmm_oe/wangcai_log_v2/passive_mid_own/2025-12-10.log:330
2025-12-10,300045.SZ,/mnt/team/research-share/huangchunyang/etfmm_oe/wangcai_log_v2/passive_mid_own/2025-12-10.log:332
2025-12-10,Unknown,/mnt/team/research-share/huangchunyang/etfmm_oe/wangcai_log_v2/passive_mid_own/2025-12-10.log:334
2025-12-10,002046.SZ,/mnt/team/research-share/huangchunyang/etfmm_oe/wangcai_log_v2/passive_mid_own/2025-12-10.log:5689
2025-12-10,002046.SZ,/mnt/team/research-share/huangchunyang/etfmm_oe/wangcai_log_v2/passive_mid_own/2025-12-10.log:5690
2025-12-10,002046.SZ,/mnt/team/research-share/huangchunyang/etfmm_oe/wangcai_log_v2/passive_mid_own/2025-12-10.log:5692
2025-12-10,002046.SZ,/mnt/team/research-share/huangchunyang/etfmm_oe/wangcai_log_v2/passive_mid_own/2025-12-10.log:5693
2025-12-10,002046.SZ,/mnt/team/research-share/huangchunyang/etfmm_oe/wangcai_log_v2/passive_mid_own/2025-12-10.log:5695
2025-12-10,002046.SZ,/mnt/team/research-share/huangchunyang/etfmm_oe/wangcai_log_v2/passive_mid_own/2025-12-10.log:5696
2025-12-10,002046.SZ,/mnt/team/research-share/huangchunyang/etfmm_oe/wangcai_log_v2/passive_mid_own/2025-12-10.log:5698
2025-12-10,002046.SZ,/mnt/team/research-share/huangchunyang/etfmm_oe/wangcai_log_v2/passive_mid_own/2025-12-10.log:5699
2025-12-10,002046.SZ,/mnt/team/research-share/huangchunyang/etfmm_oe/wangcai_log_v2/passive_mid_own/2025-12-10.log:5701
2025-12-10,002049.SZ,/mnt/team/research-share/huangchunyang/etfmm_oe/wangcai_log_v2/passive_mid_own/2025-12-10.log:5703
2025-12-11,300502.SZ,/mnt/team/research-share/huangchunyang/etfmm_oe/wangcai_log_v2/passive_mid_own/2025-12-11.log:75
2025-12-11,300502.SZ,/mnt/team/research-share/huangchunyang/etfmm_oe/wangcai_log_v2/passive_mid_own/2025-12-11.log:76
2025-12-11,300502.SZ,/mnt/team/research-share/huangchunyang/etfmm_oe/wangcai_log_v2/passive_mid_own/2025-12-11.log:78
2025-12-11,300502.SZ,/mnt/team/research-share/huangchunyang/etfmm_oe/wangcai_log_v2/passive_mid_own/2025-12-11.log:79
2025-12-11,300502.SZ,/mnt/team/research-share/huangchunyang/etfmm_oe/wangcai_log_v2/passive_mid_own/2025-12-11.log:81
2025-12-11,300502.SZ,/mnt/team/research-share/huangchunyang/etfmm_oe/wangcai_log_v2/passive_mid_own/2025-12-11.log:82
2025-12-11,300502.SZ,/mnt/team/research-share/huangchunyang/etfmm_oe/wangcai_log_v2/passive_mid_own/2025-12-11.log:84
2025-12-11,300502.SZ,/mnt/team/research-share/huangchunyang/etfmm_oe/wangcai_log_v2/passive_mid_own/2025-12-11.log:85
2025-12-11,300502.SZ,/mnt/team/research-share/huangchunyang/etfmm_oe/wangcai_log_v2/passive_mid_own/2025-12-11.log:87
2025-12-11,300672.SZ,/mnt/team/research-share/huangchunyang/etfmm_oe/wangcai_log_v2/passive_mid_own/2025-12-11.log:4116
2025-12-11,300672.SZ,/mnt/team/research-share/huangchunyang/etfmm_oe/wangcai_log_v2/passive_mid_own/2025-12-11.log:4117
2025-12-11,300672.SZ,/mnt/team/research-share/huangchunyang/etfmm_oe/wangcai_log_v2/passive_mid_own/2025-12-11.log:4119
2025-12-11,300672.SZ,/mnt/team/research-share/huangchunyang/etfmm_oe/wangcai_log_v2/passive_mid_own/2025-12-11.log:4120
2025-12-11,300672.SZ,/mnt/team/research-share/huangchunyang/etfmm_oe/wangcai_log_v2/passive_mid_own/2025-12-11.log:4122
2025-12-11,300672.SZ,/mnt/team/research-share/huangchunyang/etfmm_oe/wangcai_log_v2/passive_mid_own/2025-12-11.log:4123
2025-12-11,300672.SZ,/mnt/team/research-share/huangchunyang/etfmm_oe/wangcai_log_v2/passive_mid_own/2025-12-11.log:4125
2025-12-11,300672.SZ,/mnt/team/research-share/huangchunyang/etfmm_oe/wangcai_log_v2/passive_mid_own/2025-12-11.log:4126
2025-12-11,300672.SZ,/mnt/team/research-share/huangchunyang/etfmm_oe/wangcai_log_v2/passive_mid_own/2025-12-11.log:4128
2025-12-11,Unknown,/mnt/team/research-share/huangchunyang/etfmm_oe/wangcai_log_v2/passive_mid_own/2025-12-11.log:4130
2025-12-11,002465.SZ,/mnt/team/research-share/huangchunyang/etfmm_oe/wangcai_log_v2/passive_mid_own/2025-12-11.log:9550
2025-12-11,002465.SZ,/mnt/team/research-share/huangchunyang/etfmm_oe/wangcai_log_v2/passive_mid_own/2025-12-11.log:9551
2025-12-11,002465.SZ,/mnt/team/research-share/huangchunyang/etfmm_oe/wangcai_log_v2/passive_mid_own/2025-12-11.log:9553
2025-12-11,002465.SZ,/mnt/team/research-share/huangchunyang/etfmm_oe/wangcai_log_v2/passive_mid_own/2025-12-11.log:9554
2025-12-11,002465.SZ,/mnt/team/research-share/huangchunyang/etfmm_oe/wangcai_log_v2/passive_mid_own/2025-12-11.log:9556
2025-12-11,002465.SZ,/mnt/team/research-share/huangchunyang/etfmm_oe/wangcai_log_v2/passive_mid_own/2025-12-11.log:9557
2025-12-11,002465.SZ,/mnt/team/research-share/huangchunyang/etfmm_oe/wangcai_log_v2/passive_mid_own/2025-12-11.log:9559
2025-12-11,002465.SZ,/mnt/team/research-share/huangchunyang/etfmm_oe/wangcai_log_v2/passive_mid_own/2025-12-11.log:9560
2025-12-11,002465.SZ,/mnt/team/research-share/huangchunyang/etfmm_oe/wangcai_log_v2/passive_mid_own/2025-12-11.log:9562
2025-12-11,Unknown,/mnt/team/research-share/huangchunyang/etfmm_oe/wangcai_log_v2/passive_mid_own/2025-12-11.log:9564
2025-12-11,300079.SZ,/mnt/team/research-share/huangchunyang/etfmm_oe/wangcai_log_v2/passive_mid_own/2025-12-11.log:13712
2025-12-11,300079.SZ,/mnt/team/research-share/huangchunyang/etfmm_oe/wangcai_log_v2/passive_mid_own/2025-12-11.log:13713
2025-12-11,300079.SZ,/mnt/team/research-share/huangchunyang/etfmm_oe/wangcai_log_v2/passive_mid_own/2025-12-11.log:13715
2025-12-11,300079.SZ,/mnt/team/research-share/huangchunyang/etfmm_oe/wangcai_log_v2/passive_mid_own/2025-12-11.log:13716
2025-12-11,300079.SZ,/mnt/team/research-share/huangchunyang/etfmm_oe/wangcai_log_v2/passive_mid_own/2025-12-11.log:13718
2025-12-11,300079.SZ,/mnt/team/research-share/huangchunyang/etfmm_oe/wangcai_log_v2/passive_mid_own/2025-12-11.log:13722
2025-12-11,Unknown,/mnt/team/research-share/huangchunyang/etfmm_oe/wangcai_log_v2/passive_mid_own/2025-12-11.log:13724
2025-12-11,300101.SZ,/mnt/team/research-share/huangchunyang/etfmm_oe/wangcai_log_v2/passive_mid_own/2025-12-11.log:18408
2025-12-11,300101.SZ,/mnt/team/research-share/huangchunyang/etfmm_oe/wangcai_log_v2/passive_mid_own/2025-12-11.log:18409
2025-12-11,300101.SZ,/mnt/team/research-share/huangchunyang/etfmm_oe/wangcai_log_v2/passive_mid_own/2025-12-11.log:18411
2025-12-11,300101.SZ,/mnt/team/research-share/huangchunyang/etfmm_oe/wangcai_log_v2/passive_mid_own/2025-12-11.log:18412
2025-12-11,300101.SZ,/mnt/team/research-share/huangchunyang/etfmm_oe/wangcai_log_v2/passive_mid_own/2025-12-11.log:18414
2025-12-11,300101.SZ,/mnt/team/research-share/huangchunyang/etfmm_oe/wangcai_log_v2/passive_mid_own/2025-12-11.log:18415
2025-12-11,300101.SZ,/mnt/team/research-share/huangchunyang/etfmm_oe/wangcai_log_v2/passive_mid_own/2025-12-11.log:18417
2025-12-11,300101.SZ,/mnt/team/research-share/huangchunyang/etfmm_oe/wangcai_log_v2/passive_mid_own/2025-12-11.log:18418
2025-12-11,300101.SZ,/mnt/team/research-share/huangchunyang/etfmm_oe/wangcai_log_v2/passive_mid_own/2025-12-11.log:18420
2025-12-11,Unknown,/mnt/team/research-share/huangchunyang/etfmm_oe/wangcai_log_v2/passive_mid_own/2025-12-11.log:18422
2025-12-12,300353.SZ,/mnt/team/research-share/huangchunyang/etfmm_oe/wangcai_log_v2/passive_mid_own/2025-12-12.log:601
2025-12-12,300353.SZ,/mnt/team/research-share/huangchunyang/etfmm_oe/wangcai_log_v2/passive_mid_own/2025-12-12.log:602
2025-12-12,300353.SZ,/mnt/team/research-share/huangchunyang/etfmm_oe/wangcai_log_v2/passive_mid_own/2025-12-12.log:604
2025-12-12,300353.SZ,/mnt/team/research-share/huangchunyang/etfmm_oe/wangcai_log_v2/passive_mid_own/2025-12-12.log:605
2025-12-12,300353.SZ,/mnt/team/research-share/huangchunyang/etfmm_oe/wangcai_log_v2/passive_mid_own/2025-12-12.log:607
2025-12-12,300353.SZ,/mnt/team/research-share/huangchunyang/etfmm_oe/wangcai_log_v2/passive_mid_own/2025-12-12.log:608
2025-12-12,300353.SZ,/mnt/team/research-share/huangchunyang/etfmm_oe/wangcai_log_v2/passive_mid_own/2025-12-12.log:610
2025-12-12,300353.SZ,/mnt/team/research-share/huangchunyang/etfmm_oe/wangcai_log_v2/passive_mid_own/2025-12-12.log:611
2025-12-12,Unknown,/mnt/team/research-share/huangchunyang/etfmm_oe/wangcai_log_v2/passive_mid_own/2025-12-12.log:613
2025-12-12,300394.SZ,/mnt/team/research-share/huangchunyang/etfmm_oe/wangcai_log_v2/passive_mid_own/2025-12-12.log:2016
2025-12-12,300672.SZ,/mnt/team/research-share/huangchunyang/etfmm_oe/wangcai_log_v2/passive_mid_own/2025-12-12.log:6309
2025-12-12,300672.SZ,/mnt/team/research-share/huangchunyang/etfmm_oe/wangcai_log_v2/passive_mid_own/2025-12-12.log:6310
2025-12-12,300672.SZ,/mnt/team/research-share/huangchunyang/etfmm_oe/wangcai_log_v2/passive_mid_own/2025-12-12.log:6312
2025-12-12,300672.SZ,/mnt/team/research-share/huangchunyang/etfmm_oe/wangcai_log_v2/passive_mid_own/2025-12-12.log:6313
2025-12-12,300672.SZ,/mnt/team/research-share/huangchunyang/etfmm_oe/wangcai_log_v2/passive_mid_own/2025-12-12.log:6315
2025-12-12,300672.SZ,/mnt/team/research-share/huangchunyang/etfmm_oe/wangcai_log_v2/passive_mid_own/2025-12-12.log:6316
2025-12-12,300672.SZ,/mnt/team/research-share/huangchunyang/etfmm_oe/wangcai_log_v2/passive_mid_own/2025-12-12.log:6318
2025-12-12,300672.SZ,/mnt/team/research-share/huangchunyang/etfmm_oe/wangcai_log_v2/passive_mid_own/2025-12-12.log:6319
2025-12-12,300672.SZ,/mnt/team/research-share/huangchunyang/etfmm_oe/wangcai_log_v2/passive_mid_own/2025-12-12.log:6321
2025-12-12,Unknown,/mnt/team/research-share/huangchunyang/etfmm_oe/wangcai_log_v2/passive_mid_own/2025-12-12.log:6323
2025-12-15,002583.SZ,/mnt/team/research-share/huangchunyang/etfmm_oe/wangcai_log_v2/passive_mid_own/2025-12-15.log:157
2025-12-15,002583.SZ,/mnt/team/research-share/huangchunyang/etfmm_oe/wangcai_log_v2/passive_mid_own/2025-12-15.log:158
2025-12-15,002583.SZ,/mnt/team/research-share/huangchunyang/etfmm_oe/wangcai_log_v2/passive_mid_own/2025-12-15.log:160
2025-12-15,002583.SZ,/mnt/team/research-share/huangchunyang/etfmm_oe/wangcai_log_v2/passive_mid_own/2025-12-15.log:161
2025-12-15,002583.SZ,/mnt/team/research-share/huangchunyang/etfmm_oe/wangcai_log_v2/passive_mid_own/2025-12-15.log:163
2025-12-15,002583.SZ,/mnt/team/research-share/huangchunyang/etfmm_oe/wangcai_log_v2/passive_mid_own/2025-12-15.log:164
2025-12-15,002583.SZ,/mnt/team/research-share/huangchunyang/etfmm_oe/wangcai_log_v2/passive_mid_own/2025-12-15.log:166
2025-12-15,300913.SZ,/mnt/team/research-share/huangchunyang/etfmm_oe/wangcai_log_v2/passive_mid_own/2025-12-15.log:39958
2025-12-15,300913.SZ,/mnt/team/research-share/huangchunyang/etfmm_oe/wangcai_log_v2/passive_mid_own/2025-12-15.log:39959
2025-12-15,300913.SZ,/mnt/team/research-share/huangchunyang/etfmm_oe/wangcai_log_v2/passive_mid_own/2025-12-15.log:39961
2025-12-15,300913.SZ,/mnt/team/research-share/huangchunyang/etfmm_oe/wangcai_log_v2/passive_mid_own/2025-12-15.log:39962
2025-12-15,300913.SZ,/mnt/team/research-share/huangchunyang/etfmm_oe/wangcai_log_v2/passive_mid_own/2025-12-15.log:39964
2025-12-15,300913.SZ,/mnt/team/research-share/huangchunyang/etfmm_oe/wangcai_log_v2/passive_mid_own/2025-12-15.log:39965
2025-12-15,300913.SZ,/mnt/team/research-share/huangchunyang/etfmm_oe/wangcai_log_v2/passive_mid_own/2025-12-15.log:39967
2025-12-15,300394.SZ,/mnt/team/research-share/huangchunyang/etfmm_oe/wangcai_log_v2/passive_mid_own/2025-12-15.log:44814
2025-12-15,300394.SZ,/mnt/team/research-share/huangchunyang/etfmm_oe/wangcai_log_v2/passive_mid_own/2025-12-15.log:44815
2025-12-15,300394.SZ,/mnt/team/research-share/huangchunyang/etfmm_oe/wangcai_log_v2/passive_mid_own/2025-12-15.log:44817
2025-12-15,300394.SZ,/mnt/team/research-share/huangchunyang/etfmm_oe/wangcai_log_v2/passive_mid_own/2025-12-15.log:44818
2025-12-15,300394.SZ,/mnt/team/research-share/huangchunyang/etfmm_oe/wangcai_log_v2/passive_mid_own/2025-12-15.log:44820
2025-12-15,300394.SZ,/mnt/team/research-share/huangchunyang/etfmm_oe/wangcai_log_v2/passive_mid_own/2025-12-15.log:44821
2025-12-15,300394.SZ,/mnt/team/research-share/huangchunyang/etfmm_oe/wangcai_log_v2/passive_mid_own/2025-12-15.log:44823
2025-12-15,300394.SZ,/mnt/team/research-share/huangchunyang/etfmm_oe/wangcai_log_v2/passive_mid_own/2025-12-15.log:44824
2025-12-15,300394.SZ,/mnt/team/research-share/huangchunyang/etfmm_oe/wangcai_log_v2/passive_mid_own/2025-12-15.log:44826
2025-12-15,Unknown,/mnt/team/research-share/huangchunyang/etfmm_oe/wangcai_log_v2/passive_mid_own/2025-12-15.log:44828
2025-12-15,300593.SZ,/mnt/team/research-share/huangchunyang/etfmm_oe/wangcai_log_v2/passive_mid_own/2025-12-15.log:48890
2025-12-15,300593.SZ,/mnt/team/research-share/huangchunyang/etfmm_oe/wangcai_log_v2/passive_mid_own/2025-12-15.log:48891
2025-12-15,300593.SZ,/mnt/team/research-share/huangchunyang/etfmm_oe/wangcai_log_v2/passive_mid_own/2025-12-15.log:48893
2025-12-15,300593.SZ,/mnt/team/research-share/huangchunyang/etfmm_oe/wangcai_log_v2/passive_mid_own/2025-12-15.log:48894
2025-12-15,300593.SZ,/mnt/team/research-share/huangchunyang/etfmm_oe/wangcai_log_v2/passive_mid_own/2025-12-15.log:48896
2025-12-15,300593.SZ,/mnt/team/research-share/huangchunyang/etfmm_oe/wangcai_log_v2/passive_mid_own/2025-12-15.log:48897
2025-12-15,300593.SZ,/mnt/team/research-share/huangchunyang/etfmm_oe/wangcai_log_v2/passive_mid_own/2025-12-15.log:48899
2025-12-15,300593.SZ,/mnt/team/research-share/huangchunyang/etfmm_oe/wangcai_log_v2/passive_mid_own/2025-12-15.log:48900
2025-12-15,300593.SZ,/mnt/team/research-share/huangchunyang/etfmm_oe/wangcai_log_v2/passive_mid_own/2025-12-15.log:48902
2025-12-15,Unknown,/mnt/team/research-share/huangchunyang/etfmm_oe/wangcai_log_v2/passive_mid_own/2025-12-15.log:48904
2025-12-15,300672.SZ,/mnt/team/research-share/huangchunyang/etfmm_oe/wangcai_log_v2/passive_mid_own/2025-12-15.log:54009
2025-12-15,300672.SZ,/mnt/team/research-share/huangchunyang/etfmm_oe/wangcai_log_v2/passive_mid_own/2025-12-15.log:54010
2025-12-15,300672.SZ,/mnt/team/research-share/huangchunyang/etfmm_oe/wangcai_log_v2/passive_mid_own/2025-12-15.log:54012
2025-12-15,300672.SZ,/mnt/team/research-share/huangchunyang/etfmm_oe/wangcai_log_v2/passive_mid_own/2025-12-15.log:54013
2025-12-15,300672.SZ,/mnt/team/research-share/huangchunyang/etfmm_oe/wangcai_log_v2/passive_mid_own/2025-12-15.log:54015
2025-12-15,300672.SZ,/mnt/team/research-share/huangchunyang/etfmm_oe/wangcai_log_v2/passive_mid_own/2025-12-15.log:54016
2025-12-15,300672.SZ,/mnt/team/research-share/huangchunyang/etfmm_oe/wangcai_log_v2/passive_mid_own/2025-12-15.log:54018
2025-12-15,300672.SZ,/mnt/team/research-share/huangchunyang/etfmm_oe/wangcai_log_v2/passive_mid_own/2025-12-15.log:54019
2025-12-15,300672.SZ,/mnt/team/research-share/huangchunyang/etfmm_oe/wangcai_log_v2/passive_mid_own/2025-12-15.log:54021
2025-12-15,Unknown,/mnt/team/research-share/huangchunyang/etfmm_oe/wangcai_log_v2/passive_mid_own/2025-12-15.log:54023
2025-11-17,301358.SZ,/mnt/team/research-share/huangchunyang/etfmm_oe/wangcai_log_v2/passive_opponent/2025-11-17.log:10435
2025-11-17,301358.SZ,/mnt/team/research-share/huangchunyang/etfmm_oe/wangcai_log_v2/passive_opponent/2025-11-17.log:10436
2025-11-17,301358.SZ,/mnt/team/research-share/huangchunyang/etfmm_oe/wangcai_log_v2/passive_opponent/2025-11-17.log:10438
2025-11-17,301358.SZ,/mnt/team/research-share/huangchunyang/etfmm_oe/wangcai_log_v2/passive_opponent/2025-11-17.log:10439
2025-11-17,301358.SZ,/mnt/team/research-share/huangchunyang/etfmm_oe/wangcai_log_v2/passive_opponent/2025-11-17.log:10441
2025-11-17,301358.SZ,/mnt/team/research-share/huangchunyang/etfmm_oe/wangcai_log_v2/passive_opponent/2025-11-17.log:10442
2025-11-17,301358.SZ,/mnt/team/research-share/huangchunyang/etfmm_oe/wangcai_log_v2/passive_opponent/2025-11-17.log:10444
2025-11-17,301358.SZ,/mnt/team/research-share/huangchunyang/etfmm_oe/wangcai_log_v2/passive_opponent/2025-11-17.log:10445
2025-11-17,301358.SZ,/mnt/team/research-share/huangchunyang/etfmm_oe/wangcai_log_v2/passive_opponent/2025-11-17.log:10447
2025-11-17,Unknown,/mnt/team/research-share/huangchunyang/etfmm_oe/wangcai_log_v2/passive_opponent/2025-11-17.log:10449
2025-11-25,300548.SZ,/mnt/team/research-share/huangchunyang/etfmm_oe/wangcai_log_v2/passive_opponent/2025-11-25.log:109
2025-11-25,300548.SZ,/mnt/team/research-share/huangchunyang/etfmm_oe/wangcai_log_v2/passive_opponent/2025-11-25.log:110
2025-11-25,300548.SZ,/mnt/team/research-share/huangchunyang/etfmm_oe/wangcai_log_v2/passive_opponent/2025-11-25.log:112
2025-11-25,300548.SZ,/mnt/team/research-share/huangchunyang/etfmm_oe/wangcai_log_v2/passive_opponent/2025-11-25.log:113
2025-11-25,300548.SZ,/mnt/team/research-share/huangchunyang/etfmm_oe/wangcai_log_v2/passive_opponent/2025-11-25.log:115
2025-11-25,300548.SZ,/mnt/team/research-share/huangchunyang/etfmm_oe/wangcai_log_v2/passive_opponent/2025-11-25.log:116
2025-11-25,300548.SZ,/mnt/team/research-share/huangchunyang/etfmm_oe/wangcai_log_v2/passive_opponent/2025-11-25.log:118
2025-11-25,300548.SZ,/mnt/team/research-share/huangchunyang/etfmm_oe/wangcai_log_v2/passive_opponent/2025-11-25.log:119
2025-11-25,300548.SZ,/mnt/team/research-share/huangchunyang/etfmm_oe/wangcai_log_v2/passive_opponent/2025-11-25.log:121
2025-11-25,Unknown,/mnt/team/research-share/huangchunyang/etfmm_oe/wangcai_log_v2/passive_opponent/2025-11-25.log:123
2025-11-25,300454.SZ,/mnt/team/research-share/huangchunyang/etfmm_oe/wangcai_log_v2/passive_opponent/2025-11-25.log:4451
2025-11-25,300454.SZ,/mnt/team/research-share/huangchunyang/etfmm_oe/wangcai_log_v2/passive_opponent/2025-11-25.log:4452
2025-11-25,300454.SZ,/mnt/team/research-share/huangchunyang/etfmm_oe/wangcai_log_v2/passive_opponent/2025-11-25.log:4454
2025-11-25,300454.SZ,/mnt/team/research-share/huangchunyang/etfmm_oe/wangcai_log_v2/passive_opponent/2025-11-25.log:4455
2025-11-25,300454.SZ,/mnt/team/research-share/huangchunyang/etfmm_oe/wangcai_log_v2/passive_opponent/2025-11-25.log:4457
2025-11-25,300454.SZ,/mnt/team/research-share/huangchunyang/etfmm_oe/wangcai_log_v2/passive_opponent/2025-11-25.log:4458
2025-11-25,300454.SZ,/mnt/team/research-share/huangchunyang/etfmm_oe/wangcai_log_v2/passive_opponent/2025-11-25.log:4460
2025-11-25,300454.SZ,/mnt/team/research-share/huangchunyang/etfmm_oe/wangcai_log_v2/passive_opponent/2025-11-25.log:4461
2025-11-25,300454.SZ,/mnt/team/research-share/huangchunyang/etfmm_oe/wangcai_log_v2/passive_opponent/2025-11-25.log:4463
2025-11-25,Unknown,/mnt/team/research-share/huangchunyang/etfmm_oe/wangcai_log_v2/passive_opponent/2025-11-25.log:4465
2025-11-25,300348.SZ,/mnt/team/research-share/huangchunyang/etfmm_oe/wangcai_log_v2/passive_opponent/2025-11-25.log:9940
2025-11-25,300348.SZ,/mnt/team/research-share/huangchunyang/etfmm_oe/wangcai_log_v2/passive_opponent/2025-11-25.log:9941
2025-11-25,300348.SZ,/mnt/team/research-share/huangchunyang/etfmm_oe/wangcai_log_v2/passive_opponent/2025-11-25.log:9943
2025-11-25,300348.SZ,/mnt/team/research-share/huangchunyang/etfmm_oe/wangcai_log_v2/passive_opponent/2025-11-25.log:9944
2025-11-25,300348.SZ,/mnt/team/research-share/huangchunyang/etfmm_oe/wangcai_log_v2/passive_opponent/2025-11-25.log:9946
2025-11-25,300348.SZ,/mnt/team/research-share/huangchunyang/etfmm_oe/wangcai_log_v2/passive_opponent/2025-11-25.log:9947
2025-11-25,300348.SZ,/mnt/team/research-share/huangchunyang/etfmm_oe/wangcai_log_v2/passive_opponent/2025-11-25.log:9949
2025-11-25,300348.SZ,/mnt/team/research-share/huangchunyang/etfmm_oe/wangcai_log_v2/passive_opponent/2025-11-25.log:9950
2025-11-25,300348.SZ,/mnt/team/research-share/huangchunyang/etfmm_oe/wangcai_log_v2/passive_opponent/2025-11-25.log:9952
2025-11-25,Unknown,/mnt/team/research-share/huangchunyang/etfmm_oe/wangcai_log_v2/passive_opponent/2025-11-25.log:9954
2025-11-25,300442.SZ,/mnt/team/research-share/huangchunyang/etfmm_oe/wangcai_log_v2/passive_opponent/2025-11-25.log:14105
2025-11-25,300442.SZ,/mnt/team/research-share/huangchunyang/etfmm_oe/wangcai_log_v2/passive_opponent/2025-11-25.log:14106
2025-11-25,300442.SZ,/mnt/team/research-share/huangchunyang/etfmm_oe/wangcai_log_v2/passive_opponent/2025-11-25.log:14108
2025-11-25,300442.SZ,/mnt/team/research-share/huangchunyang/etfmm_oe/wangcai_log_v2/passive_opponent/2025-11-25.log:14109
2025-11-25,300442.SZ,/mnt/team/research-share/huangchunyang/etfmm_oe/wangcai_log_v2/passive_opponent/2025-11-25.log:14111
2025-11-25,300442.SZ,/mnt/team/research-share/huangchunyang/etfmm_oe/wangcai_log_v2/passive_opponent/2025-11-25.log:14112
2025-11-25,300442.SZ,/mnt/team/research-share/huangchunyang/etfmm_oe/wangcai_log_v2/passive_opponent/2025-11-25.log:14114
2025-11-25,300442.SZ,/mnt/team/research-share/huangchunyang/etfmm_oe/wangcai_log_v2/passive_opponent/2025-11-25.log:14115
2025-11-25,300442.SZ,/mnt/team/research-share/huangchunyang/etfmm_oe/wangcai_log_v2/passive_opponent/2025-11-25.log:14117
2025-11-25,Unknown,/mnt/team/research-share/huangchunyang/etfmm_oe/wangcai_log_v2/passive_opponent/2025-11-25.log:14119
2025-11-25,300474.SZ,/mnt/team/research-share/huangchunyang/etfmm_oe/wangcai_log_v2/passive_opponent/2025-11-25.log:19327
2025-11-25,300474.SZ,/mnt/team/research-share/huangchunyang/etfmm_oe/wangcai_log_v2/passive_opponent/2025-11-25.log:19328
2025-11-25,300474.SZ,/mnt/team/research-share/huangchunyang/etfmm_oe/wangcai_log_v2/passive_opponent/2025-11-25.log:19330
2025-11-25,300474.SZ,/mnt/team/research-share/huangchunyang/etfmm_oe/wangcai_log_v2/passive_opponent/2025-11-25.log:19331
2025-11-25,300474.SZ,/mnt/team/research-share/huangchunyang/etfmm_oe/wangcai_log_v2/passive_opponent/2025-11-25.log:19333
2025-11-25,300474.SZ,/mnt/team/research-share/huangchunyang/etfmm_oe/wangcai_log_v2/passive_opponent/2025-11-25.log:19334
2025-11-25,300474.SZ,/mnt/team/research-share/huangchunyang/etfmm_oe/wangcai_log_v2/passive_opponent/2025-11-25.log:19336
2025-11-25,300170.SZ,/mnt/team/research-share/huangchunyang/etfmm_oe/wangcai_log_v2/passive_opponent/2025-11-25.log:28106
2025-11-25,300170.SZ,/mnt/team/research-share/huangchunyang/etfmm_oe/wangcai_log_v2/passive_opponent/2025-11-25.log:28107
2025-11-25,300170.SZ,/mnt/team/research-share/huangchunyang/etfmm_oe/wangcai_log_v2/passive_opponent/2025-11-25.log:28109
2025-11-25,300170.SZ,/mnt/team/research-share/huangchunyang/etfmm_oe/wangcai_log_v2/passive_opponent/2025-11-25.log:28110
2025-11-25,300170.SZ,/mnt/team/research-share/huangchunyang/etfmm_oe/wangcai_log_v2/passive_opponent/2025-11-25.log:28112
2025-11-25,300170.SZ,/mnt/team/research-share/huangchunyang/etfmm_oe/wangcai_log_v2/passive_opponent/2025-11-25.log:28113
2025-11-25,300170.SZ,/mnt/team/research-share/huangchunyang/etfmm_oe/wangcai_log_v2/passive_opponent/2025-11-25.log:28115
2025-11-25,300170.SZ,/mnt/team/research-share/huangchunyang/etfmm_oe/wangcai_log_v2/passive_opponent/2025-11-25.log:28116
2025-11-25,300170.SZ,/mnt/team/research-share/huangchunyang/etfmm_oe/wangcai_log_v2/passive_opponent/2025-11-25.log:28118
2025-11-25,301236.SZ,/mnt/team/research-share/huangchunyang/etfmm_oe/wangcai_log_v2/passive_opponent/2025-11-25.log:28120
2025-11-26,300442.SZ,/mnt/team/research-share/huangchunyang/etfmm_oe/wangcai_log_v2/passive_opponent/2025-11-26.log:817
2025-11-26,300442.SZ,/mnt/team/research-share/huangchunyang/etfmm_oe/wangcai_log_v2/passive_opponent/2025-11-26.log:818
2025-11-26,300442.SZ,/mnt/team/research-share/huangchunyang/etfmm_oe/wangcai_log_v2/passive_opponent/2025-11-26.log:820
2025-11-26,300442.SZ,/mnt/team/research-share/huangchunyang/etfmm_oe/wangcai_log_v2/passive_opponent/2025-11-26.log:821
2025-11-26,300442.SZ,/mnt/team/research-share/huangchunyang/etfmm_oe/wangcai_log_v2/passive_opponent/2025-11-26.log:823
2025-11-26,300442.SZ,/mnt/team/research-share/huangchunyang/etfmm_oe/wangcai_log_v2/passive_opponent/2025-11-26.log:824
2025-11-26,300442.SZ,/mnt/team/research-share/huangchunyang/etfmm_oe/wangcai_log_v2/passive_opponent/2025-11-26.log:826
2025-11-26,300442.SZ,/mnt/team/research-share/huangchunyang/etfmm_oe/wangcai_log_v2/passive_opponent/2025-11-26.log:827
2025-11-26,300442.SZ,/mnt/team/research-share/huangchunyang/etfmm_oe/wangcai_log_v2/passive_opponent/2025-11-26.log:829
2025-11-26,Unknown,/mnt/team/research-share/huangchunyang/etfmm_oe/wangcai_log_v2/passive_opponent/2025-11-26.log:831
2025-11-26,300895.SZ,/mnt/team/research-share/huangchunyang/etfmm_oe/wangcai_log_v2/passive_opponent/2025-11-26.log:6673
2025-11-26,300895.SZ,/mnt/team/research-share/huangchunyang/etfmm_oe/wangcai_log_v2/passive_opponent/2025-11-26.log:6674
2025-11-26,300895.SZ,/mnt/team/research-share/huangchunyang/etfmm_oe/wangcai_log_v2/passive_opponent/2025-11-26.log:6676
2025-11-26,300895.SZ,/mnt/team/research-share/huangchunyang/etfmm_oe/wangcai_log_v2/passive_opponent/2025-11-26.log:6677
2025-11-26,300895.SZ,/mnt/team/research-share/huangchunyang/etfmm_oe/wangcai_log_v2/passive_opponent/2025-11-26.log:6679
2025-11-26,300895.SZ,/mnt/team/research-share/huangchunyang/etfmm_oe/wangcai_log_v2/passive_opponent/2025-11-26.log:6680
2025-11-26,300895.SZ,/mnt/team/research-share/huangchunyang/etfmm_oe/wangcai_log_v2/passive_opponent/2025-11-26.log:6682
2025-11-26,300895.SZ,/mnt/team/research-share/huangchunyang/etfmm_oe/wangcai_log_v2/passive_opponent/2025-11-26.log:6683
2025-11-26,300895.SZ,/mnt/team/research-share/huangchunyang/etfmm_oe/wangcai_log_v2/passive_opponent/2025-11-26.log:6685
2025-11-26,Unknown,/mnt/team/research-share/huangchunyang/etfmm_oe/wangcai_log_v2/passive_opponent/2025-11-26.log:6687
2025-11-27,300563.SZ,/mnt/team/research-share/huangchunyang/etfmm_oe/wangcai_log_v2/passive_opponent/2025-11-27.log:38565
2025-11-27,300563.SZ,/mnt/team/research-share/huangchunyang/etfmm_oe/wangcai_log_v2/passive_opponent/2025-11-27.log:38566
2025-11-27,300563.SZ,/mnt/team/research-share/huangchunyang/etfmm_oe/wangcai_log_v2/passive_opponent/2025-11-27.log:38568
2025-11-27,300563.SZ,/mnt/team/research-share/huangchunyang/etfmm_oe/wangcai_log_v2/passive_opponent/2025-11-27.log:38569
2025-11-27,300563.SZ,/mnt/team/research-share/huangchunyang/etfmm_oe/wangcai_log_v2/passive_opponent/2025-11-27.log:38571
2025-11-27,300563.SZ,/mnt/team/research-share/huangchunyang/etfmm_oe/wangcai_log_v2/passive_opponent/2025-11-27.log:38572
2025-11-27,300563.SZ,/mnt/team/research-share/huangchunyang/etfmm_oe/wangcai_log_v2/passive_opponent/2025-11-27.log:38574
2025-11-27,300563.SZ,/mnt/team/research-share/huangchunyang/etfmm_oe/wangcai_log_v2/passive_opponent/2025-11-27.log:38575
2025-11-27,300563.SZ,/mnt/team/research-share/huangchunyang/etfmm_oe/wangcai_log_v2/passive_opponent/2025-11-27.log:38577
2025-11-27,300613.SZ,/mnt/team/research-share/huangchunyang/etfmm_oe/wangcai_log_v2/passive_opponent/2025-11-27.log:38579
2025-11-27,002583.SZ,/mnt/team/research-share/huangchunyang/etfmm_oe/wangcai_log_v2/passive_opponent/2025-11-27.log:41682
2025-11-27,002583.SZ,/mnt/team/research-share/huangchunyang/etfmm_oe/wangcai_log_v2/passive_opponent/2025-11-27.log:41683
2025-11-27,002583.SZ,/mnt/team/research-share/huangchunyang/etfmm_oe/wangcai_log_v2/passive_opponent/2025-11-27.log:41685
2025-11-27,002583.SZ,/mnt/team/research-share/huangchunyang/etfmm_oe/wangcai_log_v2/passive_opponent/2025-11-27.log:41686
2025-11-27,002583.SZ,/mnt/team/research-share/huangchunyang/etfmm_oe/wangcai_log_v2/passive_opponent/2025-11-27.log:41688
2025-11-27,002583.SZ,/mnt/team/research-share/huangchunyang/etfmm_oe/wangcai_log_v2/passive_opponent/2025-11-27.log:41689
2025-11-27,002583.SZ,/mnt/team/research-share/huangchunyang/etfmm_oe/wangcai_log_v2/passive_opponent/2025-11-27.log:41691
2025-11-27,002583.SZ,/mnt/team/research-share/huangchunyang/etfmm_oe/wangcai_log_v2/passive_opponent/2025-11-27.log:41692
2025-11-27,002583.SZ,/mnt/team/research-share/huangchunyang/etfmm_oe/wangcai_log_v2/passive_opponent/2025-11-27.log:41694
2025-11-27,Unknown,/mnt/team/research-share/huangchunyang/etfmm_oe/wangcai_log_v2/passive_opponent/2025-11-27.log:41696
2025-11-27,300455.SZ,/mnt/team/research-share/huangchunyang/etfmm_oe/wangcai_log_v2/passive_opponent/2025-11-27.log:46653
2025-11-27,300455.SZ,/mnt/team/research-share/huangchunyang/etfmm_oe/wangcai_log_v2/passive_opponent/2025-11-27.log:46654
2025-11-27,300455.SZ,/mnt/team/research-share/huangchunyang/etfmm_oe/wangcai_log_v2/passive_opponent/2025-11-27.log:46656
2025-11-27,300455.SZ,/mnt/team/research-share/huangchunyang/etfmm_oe/wangcai_log_v2/passive_opponent/2025-11-27.log:46657
2025-11-27,300455.SZ,/mnt/team/research-share/huangchunyang/etfmm_oe/wangcai_log_v2/passive_opponent/2025-11-27.log:46659
2025-11-27,300455.SZ,/mnt/team/research-share/huangchunyang/etfmm_oe/wangcai_log_v2/passive_opponent/2025-11-27.log:46660
2025-11-27,300455.SZ,/mnt/team/research-share/huangchunyang/etfmm_oe/wangcai_log_v2/passive_opponent/2025-11-27.log:46662
2025-11-27,300455.SZ,/mnt/team/research-share/huangchunyang/etfmm_oe/wangcai_log_v2/passive_opponent/2025-11-27.log:46663
2025-11-27,300455.SZ,/mnt/team/research-share/huangchunyang/etfmm_oe/wangcai_log_v2/passive_opponent/2025-11-27.log:46665
2025-11-27,Unknown,/mnt/team/research-share/huangchunyang/etfmm_oe/wangcai_log_v2/passive_opponent/2025-11-27.log:46667
2025-11-27,300170.SZ,/mnt/team/research-share/huangchunyang/etfmm_oe/wangcai_log_v2/passive_opponent/2025-11-27.log:51961
2025-11-27,300170.SZ,/mnt/team/research-share/huangchunyang/etfmm_oe/wangcai_log_v2/passive_opponent/2025-11-27.log:51962
2025-11-27,300170.SZ,/mnt/team/research-share/huangchunyang/etfmm_oe/wangcai_log_v2/passive_opponent/2025-11-27.log:51964
2025-11-27,300170.SZ,/mnt/team/research-share/huangchunyang/etfmm_oe/wangcai_log_v2/passive_opponent/2025-11-27.log:51965
2025-11-27,300170.SZ,/mnt/team/research-share/huangchunyang/etfmm_oe/wangcai_log_v2/passive_opponent/2025-11-27.log:51967
2025-11-27,300170.SZ,/mnt/team/research-share/huangchunyang/etfmm_oe/wangcai_log_v2/passive_opponent/2025-11-27.log:51968
2025-11-27,300170.SZ,/mnt/team/research-share/huangchunyang/etfmm_oe/wangcai_log_v2/passive_opponent/2025-11-27.log:51970
2025-11-27,300170.SZ,/mnt/team/research-share/huangchunyang/etfmm_oe/wangcai_log_v2/passive_opponent/2025-11-27.log:51971
2025-11-27,300170.SZ,/mnt/team/research-share/huangchunyang/etfmm_oe/wangcai_log_v2/passive_opponent/2025-11-27.log:51973
2025-11-27,603496.SH,/mnt/team/research-share/huangchunyang/etfmm_oe/wangcai_log_v2/passive_opponent/2025-11-27.log:51975
2025-11-27,300442.SZ,/mnt/team/research-share/huangchunyang/etfmm_oe/wangcai_log_v2/passive_opponent/2025-11-27.log:56315
2025-11-27,300442.SZ,/mnt/team/research-share/huangchunyang/etfmm_oe/wangcai_log_v2/passive_opponent/2025-11-27.log:56316
2025-11-27,300442.SZ,/mnt/team/research-share/huangchunyang/etfmm_oe/wangcai_log_v2/passive_opponent/2025-11-27.log:56318
2025-11-27,300442.SZ,/mnt/team/research-share/huangchunyang/etfmm_oe/wangcai_log_v2/passive_opponent/2025-11-27.log:56319
2025-11-27,300442.SZ,/mnt/team/research-share/huangchunyang/etfmm_oe/wangcai_log_v2/passive_opponent/2025-11-27.log:56321
2025-11-27,300442.SZ,/mnt/team/research-share/huangchunyang/etfmm_oe/wangcai_log_v2/passive_opponent/2025-11-27.log:56322
2025-11-27,300442.SZ,/mnt/team/research-share/huangchunyang/etfmm_oe/wangcai_log_v2/passive_opponent/2025-11-27.log:56324
2025-11-27,300442.SZ,/mnt/team/research-share/huangchunyang/etfmm_oe/wangcai_log_v2/passive_opponent/2025-11-27.log:56325
2025-11-27,300442.SZ,/mnt/team/research-share/huangchunyang/etfmm_oe/wangcai_log_v2/passive_opponent/2025-11-27.log:56327
2025-11-27,Unknown,/mnt/team/research-share/huangchunyang/etfmm_oe/wangcai_log_v2/passive_opponent/2025-11-27.log:56329
2025-11-27,300638.SZ,/mnt/team/research-share/huangchunyang/etfmm_oe/wangcai_log_v2/passive_opponent/2025-11-27.log:75831
2025-11-27,300638.SZ,/mnt/team/research-share/huangchunyang/etfmm_oe/wangcai_log_v2/passive_opponent/2025-11-27.log:75832
2025-11-27,300638.SZ,/mnt/team/research-share/huangchunyang/etfmm_oe/wangcai_log_v2/passive_opponent/2025-11-27.log:75834
2025-11-27,300638.SZ,/mnt/team/research-share/huangchunyang/etfmm_oe/wangcai_log_v2/passive_opponent/2025-11-27.log:75835
2025-11-27,300638.SZ,/mnt/team/research-share/huangchunyang/etfmm_oe/wangcai_log_v2/passive_opponent/2025-11-27.log:75837
2025-11-27,300638.SZ,/mnt/team/research-share/huangchunyang/etfmm_oe/wangcai_log_v2/passive_opponent/2025-11-27.log:75838
2025-11-27,300638.SZ,/mnt/team/research-share/huangchunyang/etfmm_oe/wangcai_log_v2/passive_opponent/2025-11-27.log:75840
2025-11-27,300638.SZ,/mnt/team/research-share/huangchunyang/etfmm_oe/wangcai_log_v2/passive_opponent/2025-11-27.log:75841
2025-11-27,300638.SZ,/mnt/team/research-share/huangchunyang/etfmm_oe/wangcai_log_v2/passive_opponent/2025-11-27.log:75843
2025-11-27,Unknown,/mnt/team/research-share/huangchunyang/etfmm_oe/wangcai_log_v2/passive_opponent/2025-11-27.log:75845
2025-12-02,300045.SZ,/mnt/team/research-share/huangchunyang/etfmm_oe/wangcai_log_v2/passive_opponent/2025-12-02.log:71
2025-12-02,300045.SZ,/mnt/team/research-share/huangchunyang/etfmm_oe/wangcai_log_v2/passive_opponent/2025-12-02.log:72
2025-12-02,300045.SZ,/mnt/team/research-share/huangchunyang/etfmm_oe/wangcai_log_v2/passive_opponent/2025-12-02.log:74
2025-12-02,300045.SZ,/mnt/team/research-share/huangchunyang/etfmm_oe/wangcai_log_v2/passive_opponent/2025-12-02.log:75
2025-12-02,300045.SZ,/mnt/team/research-share/huangchunyang/etfmm_oe/wangcai_log_v2/passive_opponent/2025-12-02.log:77
2025-12-02,300045.SZ,/mnt/team/research-share/huangchunyang/etfmm_oe/wangcai_log_v2/passive_opponent/2025-12-02.log:78
2025-12-02,300045.SZ,/mnt/team/research-share/huangchunyang/etfmm_oe/wangcai_log_v2/passive_opponent/2025-12-02.log:80
2025-12-02,300045.SZ,/mnt/team/research-share/huangchunyang/etfmm_oe/wangcai_log_v2/passive_opponent/2025-12-02.log:81
2025-12-02,300045.SZ,/mnt/team/research-share/huangchunyang/etfmm_oe/wangcai_log_v2/passive_opponent/2025-12-02.log:83
2025-12-02,Unknown,/mnt/team/research-share/huangchunyang/etfmm_oe/wangcai_log_v2/passive_opponent/2025-12-02.log:85
2025-12-02,300418.SZ,/mnt/team/research-share/huangchunyang/etfmm_oe/wangcai_log_v2/passive_opponent/2025-12-02.log:22761
2025-12-02,300418.SZ,/mnt/team/research-share/huangchunyang/etfmm_oe/wangcai_log_v2/passive_opponent/2025-12-02.log:22762
2025-12-02,300418.SZ,/mnt/team/research-share/huangchunyang/etfmm_oe/wangcai_log_v2/passive_opponent/2025-12-02.log:22764
2025-12-02,300418.SZ,/mnt/team/research-share/huangchunyang/etfmm_oe/wangcai_log_v2/passive_opponent/2025-12-02.log:22765
2025-12-02,300418.SZ,/mnt/team/research-share/huangchunyang/etfmm_oe/wangcai_log_v2/passive_opponent/2025-12-02.log:22767
2025-12-02,300418.SZ,/mnt/team/research-share/huangchunyang/etfmm_oe/wangcai_log_v2/passive_opponent/2025-12-02.log:22768
2025-12-02,300418.SZ,/mnt/team/research-share/huangchunyang/etfmm_oe/wangcai_log_v2/passive_opponent/2025-12-02.log:22770
2025-12-02,300418.SZ,/mnt/team/research-share/huangchunyang/etfmm_oe/wangcai_log_v2/passive_opponent/2025-12-02.log:22771
2025-12-02,300418.SZ,/mnt/team/research-share/huangchunyang/etfmm_oe/wangcai_log_v2/passive_opponent/2025-12-02.log:22773
2025-12-02,Unknown,/mnt/team/research-share/huangchunyang/etfmm_oe/wangcai_log_v2/passive_opponent/2025-12-02.log:22775
2025-12-03,300458.SZ,/mnt/team/research-share/huangchunyang/etfmm_oe/wangcai_log_v2/passive_opponent/2025-12-03.log:34
2025-12-03,300458.SZ,/mnt/team/research-share/huangchunyang/etfmm_oe/wangcai_log_v2/passive_opponent/2025-12-03.log:35
2025-12-03,300458.SZ,/mnt/team/research-share/huangchunyang/etfmm_oe/wangcai_log_v2/passive_opponent/2025-12-03.log:37
2025-12-03,300458.SZ,/mnt/team/research-share/huangchunyang/etfmm_oe/wangcai_log_v2/passive_opponent/2025-12-03.log:38
2025-12-03,300458.SZ,/mnt/team/research-share/huangchunyang/etfmm_oe/wangcai_log_v2/passive_opponent/2025-12-03.log:40
2025-12-03,300458.SZ,/mnt/team/research-share/huangchunyang/etfmm_oe/wangcai_log_v2/passive_opponent/2025-12-03.log:41
2025-12-03,300458.SZ,/mnt/team/research-share/huangchunyang/etfmm_oe/wangcai_log_v2/passive_opponent/2025-12-03.log:43
2025-12-03,300458.SZ,/mnt/team/research-share/huangchunyang/etfmm_oe/wangcai_log_v2/passive_opponent/2025-12-03.log:44
2025-12-03,300458.SZ,/mnt/team/research-share/huangchunyang/etfmm_oe/wangcai_log_v2/passive_opponent/2025-12-03.log:46
2025-12-03,Unknown,/mnt/team/research-share/huangchunyang/etfmm_oe/wangcai_log_v2/passive_opponent/2025-12-03.log:48
2025-12-03,300223.SZ,/mnt/team/research-share/huangchunyang/etfmm_oe/wangcai_log_v2/passive_opponent/2025-12-03.log:5758
2025-12-03,300223.SZ,/mnt/team/research-share/huangchunyang/etfmm_oe/wangcai_log_v2/passive_opponent/2025-12-03.log:5759
2025-12-03,300223.SZ,/mnt/team/research-share/huangchunyang/etfmm_oe/wangcai_log_v2/passive_opponent/2025-12-03.log:5761
2025-12-03,300223.SZ,/mnt/team/research-share/huangchunyang/etfmm_oe/wangcai_log_v2/passive_opponent/2025-12-03.log:5762
2025-12-03,300223.SZ,/mnt/team/research-share/huangchunyang/etfmm_oe/wangcai_log_v2/passive_opponent/2025-12-03.log:5764
2025-12-03,300223.SZ,/mnt/team/research-share/huangchunyang/etfmm_oe/wangcai_log_v2/passive_opponent/2025-12-03.log:5765
2025-12-03,300223.SZ,/mnt/team/research-share/huangchunyang/etfmm_oe/wangcai_log_v2/passive_opponent/2025-12-03.log:5767
2025-12-03,300223.SZ,/mnt/team/research-share/huangchunyang/etfmm_oe/wangcai_log_v2/passive_opponent/2025-12-03.log:5768
2025-12-03,300223.SZ,/mnt/team/research-share/huangchunyang/etfmm_oe/wangcai_log_v2/passive_opponent/2025-12-03.log:5770
2025-12-03,300053.SZ,/mnt/team/research-share/huangchunyang/etfmm_oe/wangcai_log_v2/passive_opponent/2025-12-03.log:5772
2025-12-03,300353.SZ,/mnt/team/research-share/huangchunyang/etfmm_oe/wangcai_log_v2/passive_opponent/2025-12-03.log:11171
2025-12-03,300353.SZ,/mnt/team/research-share/huangchunyang/etfmm_oe/wangcai_log_v2/passive_opponent/2025-12-03.log:11172
2025-12-03,300353.SZ,/mnt/team/research-share/huangchunyang/etfmm_oe/wangcai_log_v2/passive_opponent/2025-12-03.log:11174
2025-12-03,300353.SZ,/mnt/team/research-share/huangchunyang/etfmm_oe/wangcai_log_v2/passive_opponent/2025-12-03.log:11175
2025-12-03,300353.SZ,/mnt/team/research-share/huangchunyang/etfmm_oe/wangcai_log_v2/passive_opponent/2025-12-03.log:11177
2025-12-03,300353.SZ,/mnt/team/research-share/huangchunyang/etfmm_oe/wangcai_log_v2/passive_opponent/2025-12-03.log:11178
2025-12-03,300353.SZ,/mnt/team/research-share/huangchunyang/etfmm_oe/wangcai_log_v2/passive_opponent/2025-12-03.log:11180
2025-12-03,300353.SZ,/mnt/team/research-share/huangchunyang/etfmm_oe/wangcai_log_v2/passive_opponent/2025-12-03.log:11181
2025-12-03,300353.SZ,/mnt/team/research-share/huangchunyang/etfmm_oe/wangcai_log_v2/passive_opponent/2025-12-03.log:11183
2025-12-03,Unknown,/mnt/team/research-share/huangchunyang/etfmm_oe/wangcai_log_v2/passive_opponent/2025-12-03.log:11185
2025-12-03,300231.SZ,/mnt/team/research-share/huangchunyang/etfmm_oe/wangcai_log_v2/passive_opponent/2025-12-03.log:15748
2025-12-03,300231.SZ,/mnt/team/research-share/huangchunyang/etfmm_oe/wangcai_log_v2/passive_opponent/2025-12-03.log:15749
2025-12-03,300231.SZ,/mnt/team/research-share/huangchunyang/etfmm_oe/wangcai_log_v2/passive_opponent/2025-12-03.log:15751
2025-12-03,300231.SZ,/mnt/team/research-share/huangchunyang/etfmm_oe/wangcai_log_v2/passive_opponent/2025-12-03.log:15752
2025-12-03,300231.SZ,/mnt/team/research-share/huangchunyang/etfmm_oe/wangcai_log_v2/passive_opponent/2025-12-03.log:15754
2025-12-03,300231.SZ,/mnt/team/research-share/huangchunyang/etfmm_oe/wangcai_log_v2/passive_opponent/2025-12-03.log:15755
2025-12-03,Unknown,/mnt/team/research-share/huangchunyang/etfmm_oe/wangcai_log_v2/passive_opponent/2025-12-03.log:15757
2025-12-03,300231.SZ,/mnt/team/research-share/huangchunyang/etfmm_oe/wangcai_log_v2/passive_opponent/2025-12-03.log:16912
2025-12-03,300231.SZ,/mnt/team/research-share/huangchunyang/etfmm_oe/wangcai_log_v2/passive_opponent/2025-12-03.log:16914
2025-12-03,300364.SZ,/mnt/team/research-share/huangchunyang/etfmm_oe/wangcai_log_v2/passive_opponent/2025-12-03.log:16916
2025-12-03,002465.SZ,/mnt/team/research-share/huangchunyang/etfmm_oe/wangcai_log_v2/passive_opponent/2025-12-03.log:21438
2025-12-03,002465.SZ,/mnt/team/research-share/huangchunyang/etfmm_oe/wangcai_log_v2/passive_opponent/2025-12-03.log:21442
2025-12-03,002465.SZ,/mnt/team/research-share/huangchunyang/etfmm_oe/wangcai_log_v2/passive_opponent/2025-12-03.log:21443
2025-12-03,002465.SZ,/mnt/team/research-share/huangchunyang/etfmm_oe/wangcai_log_v2/passive_opponent/2025-12-03.log:21445
2025-12-03,002465.SZ,/mnt/team/research-share/huangchunyang/etfmm_oe/wangcai_log_v2/passive_opponent/2025-12-03.log:21446
2025-12-03,002465.SZ,/mnt/team/research-share/huangchunyang/etfmm_oe/wangcai_log_v2/passive_opponent/2025-12-03.log:21448
2025-12-03,Unknown,/mnt/team/research-share/huangchunyang/etfmm_oe/wangcai_log_v2/passive_opponent/2025-12-03.log:21450
2025-12-08,300101.SZ,/mnt/team/research-share/huangchunyang/etfmm_oe/wangcai_log_v2/passive_opponent/2025-12-08.log:78
2025-12-08,300101.SZ,/mnt/team/research-share/huangchunyang/etfmm_oe/wangcai_log_v2/passive_opponent/2025-12-08.log:79
2025-12-08,300101.SZ,/mnt/team/research-share/huangchunyang/etfmm_oe/wangcai_log_v2/passive_opponent/2025-12-08.log:81
2025-12-08,300101.SZ,/mnt/team/research-share/huangchunyang/etfmm_oe/wangcai_log_v2/passive_opponent/2025-12-08.log:82
2025-12-08,300101.SZ,/mnt/team/research-share/huangchunyang/etfmm_oe/wangcai_log_v2/passive_opponent/2025-12-08.log:84
2025-12-08,300101.SZ,/mnt/team/research-share/huangchunyang/etfmm_oe/wangcai_log_v2/passive_opponent/2025-12-08.log:85
2025-12-08,300101.SZ,/mnt/team/research-share/huangchunyang/etfmm_oe/wangcai_log_v2/passive_opponent/2025-12-08.log:87
2025-12-08,300101.SZ,/mnt/team/research-share/huangchunyang/etfmm_oe/wangcai_log_v2/passive_opponent/2025-12-08.log:88
2025-12-08,300101.SZ,/mnt/team/research-share/huangchunyang/etfmm_oe/wangcai_log_v2/passive_opponent/2025-12-08.log:90
2025-12-08,Unknown,/mnt/team/research-share/huangchunyang/etfmm_oe/wangcai_log_v2/passive_opponent/2025-12-08.log:92
2025-12-08,002396.SZ,/mnt/team/research-share/huangchunyang/etfmm_oe/wangcai_log_v2/passive_opponent/2025-12-08.log:4222
2025-12-08,002396.SZ,/mnt/team/research-share/huangchunyang/etfmm_oe/wangcai_log_v2/passive_opponent/2025-12-08.log:4223
2025-12-08,002396.SZ,/mnt/team/research-share/huangchunyang/etfmm_oe/wangcai_log_v2/passive_opponent/2025-12-08.log:4225
2025-12-08,002396.SZ,/mnt/team/research-share/huangchunyang/etfmm_oe/wangcai_log_v2/passive_opponent/2025-12-08.log:4226
2025-12-08,002396.SZ,/mnt/team/research-share/huangchunyang/etfmm_oe/wangcai_log_v2/passive_opponent/2025-12-08.log:4228
2025-12-08,002396.SZ,/mnt/team/research-share/huangchunyang/etfmm_oe/wangcai_log_v2/passive_opponent/2025-12-08.log:4229
2025-12-08,002396.SZ,/mnt/team/research-share/huangchunyang/etfmm_oe/wangcai_log_v2/passive_opponent/2025-12-08.log:4231
2025-12-08,002396.SZ,/mnt/team/research-share/huangchunyang/etfmm_oe/wangcai_log_v2/passive_opponent/2025-12-08.log:4232
2025-12-08,002396.SZ,/mnt/team/research-share/huangchunyang/etfmm_oe/wangcai_log_v2/passive_opponent/2025-12-08.log:4234
2025-12-08,Unknown,/mnt/team/research-share/huangchunyang/etfmm_oe/wangcai_log_v2/passive_opponent/2025-12-08.log:4236
2025-12-08,002881.SZ,/mnt/team/research-share/huangchunyang/etfmm_oe/wangcai_log_v2/passive_opponent/2025-12-08.log:9547
2025-12-08,002881.SZ,/mnt/team/research-share/huangchunyang/etfmm_oe/wangcai_log_v2/passive_opponent/2025-12-08.log:9548
2025-12-08,002881.SZ,/mnt/team/research-share/huangchunyang/etfmm_oe/wangcai_log_v2/passive_opponent/2025-12-08.log:9550
2025-12-08,002881.SZ,/mnt/team/research-share/huangchunyang/etfmm_oe/wangcai_log_v2/passive_opponent/2025-12-08.log:9551
2025-12-08,002881.SZ,/mnt/team/research-share/huangchunyang/etfmm_oe/wangcai_log_v2/passive_opponent/2025-12-08.log:9553
2025-12-08,002881.SZ,/mnt/team/research-share/huangchunyang/etfmm_oe/wangcai_log_v2/passive_opponent/2025-12-08.log:9554
2025-12-08,002881.SZ,/mnt/team/research-share/huangchunyang/etfmm_oe/wangcai_log_v2/passive_opponent/2025-12-08.log:9556
2025-12-08,002881.SZ,/mnt/team/research-share/huangchunyang/etfmm_oe/wangcai_log_v2/passive_opponent/2025-12-08.log:9557
2025-12-08,002881.SZ,/mnt/team/research-share/huangchunyang/etfmm_oe/wangcai_log_v2/passive_opponent/2025-12-08.log:9559
2025-12-08,Unknown,/mnt/team/research-share/huangchunyang/etfmm_oe/wangcai_log_v2/passive_opponent/2025-12-08.log:9561
2025-12-08,300620.SZ,/mnt/team/research-share/huangchunyang/etfmm_oe/wangcai_log_v2/passive_opponent/2025-12-08.log:15187
2025-12-08,300620.SZ,/mnt/team/research-share/huangchunyang/etfmm_oe/wangcai_log_v2/passive_opponent/2025-12-08.log:15188
2025-12-08,300620.SZ,/mnt/team/research-share/huangchunyang/etfmm_oe/wangcai_log_v2/passive_opponent/2025-12-08.log:15190
2025-12-08,300620.SZ,/mnt/team/research-share/huangchunyang/etfmm_oe/wangcai_log_v2/passive_opponent/2025-12-08.log:15191
2025-12-08,300620.SZ,/mnt/team/research-share/huangchunyang/etfmm_oe/wangcai_log_v2/passive_opponent/2025-12-08.log:15193
2025-12-08,300620.SZ,/mnt/team/research-share/huangchunyang/etfmm_oe/wangcai_log_v2/passive_opponent/2025-12-08.log:15194
2025-12-08,300620.SZ,/mnt/team/research-share/huangchunyang/etfmm_oe/wangcai_log_v2/passive_opponent/2025-12-08.log:15196
2025-12-08,300620.SZ,/mnt/team/research-share/huangchunyang/etfmm_oe/wangcai_log_v2/passive_opponent/2025-12-08.log:15197
2025-12-08,300620.SZ,/mnt/team/research-share/huangchunyang/etfmm_oe/wangcai_log_v2/passive_opponent/2025-12-08.log:15199
2025-12-08,Unknown,/mnt/team/research-share/huangchunyang/etfmm_oe/wangcai_log_v2/passive_opponent/2025-12-08.log:15201
2025-12-08,000938.SZ,/mnt/team/research-share/huangchunyang/etfmm_oe/wangcai_log_v2/passive_opponent/2025-12-08.log:24563
2025-12-08,000938.SZ,/mnt/team/research-share/huangchunyang/etfmm_oe/wangcai_log_v2/passive_opponent/2025-12-08.log:24564
2025-12-08,000938.SZ,/mnt/team/research-share/huangchunyang/etfmm_oe/wangcai_log_v2/passive_opponent/2025-12-08.log:24566
2025-12-08,000938.SZ,/mnt/team/research-share/huangchunyang/etfmm_oe/wangcai_log_v2/passive_opponent/2025-12-08.log:24567
2025-12-08,000938.SZ,/mnt/team/research-share/huangchunyang/etfmm_oe/wangcai_log_v2/passive_opponent/2025-12-08.log:24569
2025-12-08,000938.SZ,/mnt/team/research-share/huangchunyang/etfmm_oe/wangcai_log_v2/passive_opponent/2025-12-08.log:24570
2025-12-08,000938.SZ,/mnt/team/research-share/huangchunyang/etfmm_oe/wangcai_log_v2/passive_opponent/2025-12-08.log:24572
2025-12-08,000938.SZ,/mnt/team/research-share/huangchunyang/etfmm_oe/wangcai_log_v2/passive_opponent/2025-12-08.log:24573
2025-12-08,000938.SZ,/mnt/team/research-share/huangchunyang/etfmm_oe/wangcai_log_v2/passive_opponent/2025-12-08.log:24575
2025-12-08,Unknown,/mnt/team/research-share/huangchunyang/etfmm_oe/wangcai_log_v2/passive_opponent/2025-12-08.log:24577
2025-12-09,300045.SZ,/mnt/team/research-share/huangchunyang/etfmm_oe/wangcai_log_v2/passive_opponent/2025-12-09.log:92
2025-12-09,300045.SZ,/mnt/team/research-share/huangchunyang/etfmm_oe/wangcai_log_v2/passive_opponent/2025-12-09.log:93
2025-12-09,300045.SZ,/mnt/team/research-share/huangchunyang/etfmm_oe/wangcai_log_v2/passive_opponent/2025-12-09.log:95
2025-12-09,300045.SZ,/mnt/team/research-share/huangchunyang/etfmm_oe/wangcai_log_v2/passive_opponent/2025-12-09.log:96
2025-12-09,300045.SZ,/mnt/team/research-share/huangchunyang/etfmm_oe/wangcai_log_v2/passive_opponent/2025-12-09.log:98
2025-12-09,300045.SZ,/mnt/team/research-share/huangchunyang/etfmm_oe/wangcai_log_v2/passive_opponent/2025-12-09.log:99
2025-12-09,300045.SZ,/mnt/team/research-share/huangchunyang/etfmm_oe/wangcai_log_v2/passive_opponent/2025-12-09.log:101
2025-12-09,300045.SZ,/mnt/team/research-share/huangchunyang/etfmm_oe/wangcai_log_v2/passive_opponent/2025-12-09.log:102
2025-12-09,300045.SZ,/mnt/team/research-share/huangchunyang/etfmm_oe/wangcai_log_v2/passive_opponent/2025-12-09.log:104
2025-12-09,Unknown,/mnt/team/research-share/huangchunyang/etfmm_oe/wangcai_log_v2/passive_opponent/2025-12-09.log:106
2025-12-09,301050.SZ,/mnt/team/research-share/huangchunyang/etfmm_oe/wangcai_log_v2/passive_opponent/2025-12-09.log:5674
2025-12-09,301050.SZ,/mnt/team/research-share/huangchunyang/etfmm_oe/wangcai_log_v2/passive_opponent/2025-12-09.log:5675
2025-12-09,301050.SZ,/mnt/team/research-share/huangchunyang/etfmm_oe/wangcai_log_v2/passive_opponent/2025-12-09.log:5677
2025-12-09,301050.SZ,/mnt/team/research-share/huangchunyang/etfmm_oe/wangcai_log_v2/passive_opponent/2025-12-09.log:5678
2025-12-09,301050.SZ,/mnt/team/research-share/huangchunyang/etfmm_oe/wangcai_log_v2/passive_opponent/2025-12-09.log:5680
2025-12-09,301050.SZ,/mnt/team/research-share/huangchunyang/etfmm_oe/wangcai_log_v2/passive_opponent/2025-12-09.log:5681
2025-12-09,301050.SZ,/mnt/team/research-share/huangchunyang/etfmm_oe/wangcai_log_v2/passive_opponent/2025-12-09.log:5683
2025-12-09,002338.SZ,/mnt/team/research-share/huangchunyang/etfmm_oe/wangcai_log_v2/passive_opponent/2025-12-09.log:5685
2025-12-09,300593.SZ,/mnt/team/research-share/huangchunyang/etfmm_oe/wangcai_log_v2/passive_opponent/2025-12-09.log:9702
2025-12-09,300593.SZ,/mnt/team/research-share/huangchunyang/etfmm_oe/wangcai_log_v2/passive_opponent/2025-12-09.log:9703
2025-12-09,300593.SZ,/mnt/team/research-share/huangchunyang/etfmm_oe/wangcai_log_v2/passive_opponent/2025-12-09.log:9705
2025-12-09,300593.SZ,/mnt/team/research-share/huangchunyang/etfmm_oe/wangcai_log_v2/passive_opponent/2025-12-09.log:9706
2025-12-09,300593.SZ,/mnt/team/research-share/huangchunyang/etfmm_oe/wangcai_log_v2/passive_opponent/2025-12-09.log:9708
2025-12-09,300593.SZ,/mnt/team/research-share/huangchunyang/etfmm_oe/wangcai_log_v2/passive_opponent/2025-12-09.log:9709
2025-12-09,300593.SZ,/mnt/team/research-share/huangchunyang/etfmm_oe/wangcai_log_v2/passive_opponent/2025-12-09.log:9711
2025-12-09,300593.SZ,/mnt/team/research-share/huangchunyang/etfmm_oe/wangcai_log_v2/passive_opponent/2025-12-09.log:9712
2025-12-09,300593.SZ,/mnt/team/research-share/huangchunyang/etfmm_oe/wangcai_log_v2/passive_opponent/2025-12-09.log:9714
2025-12-09,Unknown,/mnt/team/research-share/huangchunyang/etfmm_oe/wangcai_log_v2/passive_opponent/2025-12-09.log:9716
2025-12-09,300455.SZ,/mnt/team/research-share/huangchunyang/etfmm_oe/wangcai_log_v2/passive_opponent/2025-12-09.log:15419
2025-12-09,300455.SZ,/mnt/team/research-share/huangchunyang/etfmm_oe/wangcai_log_v2/passive_opponent/2025-12-09.log:15420
2025-12-09,300455.SZ,/mnt/team/research-share/huangchunyang/etfmm_oe/wangcai_log_v2/passive_opponent/2025-12-09.log:15422
2025-12-09,300455.SZ,/mnt/team/research-share/huangchunyang/etfmm_oe/wangcai_log_v2/passive_opponent/2025-12-09.log:15423
2025-12-09,Unknown,/mnt/team/research-share/huangchunyang/etfmm_oe/wangcai_log_v2/passive_opponent/2025-12-09.log:15425
2025-12-09,300455.SZ,/mnt/team/research-share/huangchunyang/etfmm_oe/wangcai_log_v2/passive_opponent/2025-12-09.log:16579
2025-12-09,300455.SZ,/mnt/team/research-share/huangchunyang/etfmm_oe/wangcai_log_v2/passive_opponent/2025-12-09.log:16581
2025-12-09,300455.SZ,/mnt/team/research-share/huangchunyang/etfmm_oe/wangcai_log_v2/passive_opponent/2025-12-09.log:16582
2025-12-09,300455.SZ,/mnt/team/research-share/huangchunyang/etfmm_oe/wangcai_log_v2/passive_opponent/2025-12-09.log:16584
2025-12-09,300308.SZ,/mnt/team/research-share/huangchunyang/etfmm_oe/wangcai_log_v2/passive_opponent/2025-12-09.log:16586
2025-12-10,300045.SZ,/mnt/team/research-share/huangchunyang/etfmm_oe/wangcai_log_v2/passive_opponent/2025-12-10.log:312
2025-12-10,300045.SZ,/mnt/team/research-share/huangchunyang/etfmm_oe/wangcai_log_v2/passive_opponent/2025-12-10.log:313
2025-12-10,300045.SZ,/mnt/team/research-share/huangchunyang/etfmm_oe/wangcai_log_v2/passive_opponent/2025-12-10.log:315
2025-12-10,300045.SZ,/mnt/team/research-share/huangchunyang/etfmm_oe/wangcai_log_v2/passive_opponent/2025-12-10.log:316
2025-12-10,300045.SZ,/mnt/team/research-share/huangchunyang/etfmm_oe/wangcai_log_v2/passive_opponent/2025-12-10.log:318
2025-12-10,300045.SZ,/mnt/team/research-share/huangchunyang/etfmm_oe/wangcai_log_v2/passive_opponent/2025-12-10.log:319
2025-12-10,300045.SZ,/mnt/team/research-share/huangchunyang/etfmm_oe/wangcai_log_v2/passive_opponent/2025-12-10.log:321
2025-12-10,300045.SZ,/mnt/team/research-share/huangchunyang/etfmm_oe/wangcai_log_v2/passive_opponent/2025-12-10.log:322
2025-12-10,300045.SZ,/mnt/team/research-share/huangchunyang/etfmm_oe/wangcai_log_v2/passive_opponent/2025-12-10.log:324
2025-12-10,Unknown,/mnt/team/research-share/huangchunyang/etfmm_oe/wangcai_log_v2/passive_opponent/2025-12-10.log:326
2025-12-10,002046.SZ,/mnt/team/research-share/huangchunyang/etfmm_oe/wangcai_log_v2/passive_opponent/2025-12-10.log:5693
2025-12-10,002046.SZ,/mnt/team/research-share/huangchunyang/etfmm_oe/wangcai_log_v2/passive_opponent/2025-12-10.log:5694
2025-12-10,002046.SZ,/mnt/team/research-share/huangchunyang/etfmm_oe/wangcai_log_v2/passive_opponent/2025-12-10.log:5696
2025-12-10,002046.SZ,/mnt/team/research-share/huangchunyang/etfmm_oe/wangcai_log_v2/passive_opponent/2025-12-10.log:5697
2025-12-10,002046.SZ,/mnt/team/research-share/huangchunyang/etfmm_oe/wangcai_log_v2/passive_opponent/2025-12-10.log:5699
2025-12-10,002046.SZ,/mnt/team/research-share/huangchunyang/etfmm_oe/wangcai_log_v2/passive_opponent/2025-12-10.log:5700
2025-12-10,002046.SZ,/mnt/team/research-share/huangchunyang/etfmm_oe/wangcai_log_v2/passive_opponent/2025-12-10.log:5702
2025-12-10,002046.SZ,/mnt/team/research-share/huangchunyang/etfmm_oe/wangcai_log_v2/passive_opponent/2025-12-10.log:5703
2025-12-10,002046.SZ,/mnt/team/research-share/huangchunyang/etfmm_oe/wangcai_log_v2/passive_opponent/2025-12-10.log:5705
2025-12-10,Unknown,/mnt/team/research-share/huangchunyang/etfmm_oe/wangcai_log_v2/passive_opponent/2025-12-10.log:5707
2025-12-11,300502.SZ,/mnt/team/research-share/huangchunyang/etfmm_oe/wangcai_log_v2/passive_opponent/2025-12-11.log:75
2025-12-11,300502.SZ,/mnt/team/research-share/huangchunyang/etfmm_oe/wangcai_log_v2/passive_opponent/2025-12-11.log:76
2025-12-11,300502.SZ,/mnt/team/research-share/huangchunyang/etfmm_oe/wangcai_log_v2/passive_opponent/2025-12-11.log:78
2025-12-11,300502.SZ,/mnt/team/research-share/huangchunyang/etfmm_oe/wangcai_log_v2/passive_opponent/2025-12-11.log:79
2025-12-11,300502.SZ,/mnt/team/research-share/huangchunyang/etfmm_oe/wangcai_log_v2/passive_opponent/2025-12-11.log:81
2025-12-11,300502.SZ,/mnt/team/research-share/huangchunyang/etfmm_oe/wangcai_log_v2/passive_opponent/2025-12-11.log:82
2025-12-11,300502.SZ,/mnt/team/research-share/huangchunyang/etfmm_oe/wangcai_log_v2/passive_opponent/2025-12-11.log:84
2025-12-11,300502.SZ,/mnt/team/research-share/huangchunyang/etfmm_oe/wangcai_log_v2/passive_opponent/2025-12-11.log:85
2025-12-11,300502.SZ,/mnt/team/research-share/huangchunyang/etfmm_oe/wangcai_log_v2/passive_opponent/2025-12-11.log:87
2025-12-11,300672.SZ,/mnt/team/research-share/huangchunyang/etfmm_oe/wangcai_log_v2/passive_opponent/2025-12-11.log:4100
2025-12-11,300672.SZ,/mnt/team/research-share/huangchunyang/etfmm_oe/wangcai_log_v2/passive_opponent/2025-12-11.log:4101
2025-12-11,300672.SZ,/mnt/team/research-share/huangchunyang/etfmm_oe/wangcai_log_v2/passive_opponent/2025-12-11.log:4103
2025-12-11,300672.SZ,/mnt/team/research-share/huangchunyang/etfmm_oe/wangcai_log_v2/passive_opponent/2025-12-11.log:4104
2025-12-11,300672.SZ,/mnt/team/research-share/huangchunyang/etfmm_oe/wangcai_log_v2/passive_opponent/2025-12-11.log:4106
2025-12-11,300672.SZ,/mnt/team/research-share/huangchunyang/etfmm_oe/wangcai_log_v2/passive_opponent/2025-12-11.log:4107
2025-12-11,300672.SZ,/mnt/team/research-share/huangchunyang/etfmm_oe/wangcai_log_v2/passive_opponent/2025-12-11.log:4109
2025-12-11,300672.SZ,/mnt/team/research-share/huangchunyang/etfmm_oe/wangcai_log_v2/passive_opponent/2025-12-11.log:4110
2025-12-11,300672.SZ,/mnt/team/research-share/huangchunyang/etfmm_oe/wangcai_log_v2/passive_opponent/2025-12-11.log:4112
2025-12-11,Unknown,/mnt/team/research-share/huangchunyang/etfmm_oe/wangcai_log_v2/passive_opponent/2025-12-11.log:4114
2025-12-11,002465.SZ,/mnt/team/research-share/huangchunyang/etfmm_oe/wangcai_log_v2/passive_opponent/2025-12-11.log:9536
2025-12-11,002465.SZ,/mnt/team/research-share/huangchunyang/etfmm_oe/wangcai_log_v2/passive_opponent/2025-12-11.log:9537
2025-12-11,002465.SZ,/mnt/team/research-share/huangchunyang/etfmm_oe/wangcai_log_v2/passive_opponent/2025-12-11.log:9539
2025-12-11,002465.SZ,/mnt/team/research-share/huangchunyang/etfmm_oe/wangcai_log_v2/passive_opponent/2025-12-11.log:9540
2025-12-11,002465.SZ,/mnt/team/research-share/huangchunyang/etfmm_oe/wangcai_log_v2/passive_opponent/2025-12-11.log:9542
2025-12-11,002465.SZ,/mnt/team/research-share/huangchunyang/etfmm_oe/wangcai_log_v2/passive_opponent/2025-12-11.log:9543
2025-12-11,002465.SZ,/mnt/team/research-share/huangchunyang/etfmm_oe/wangcai_log_v2/passive_opponent/2025-12-11.log:9545
2025-12-11,002465.SZ,/mnt/team/research-share/huangchunyang/etfmm_oe/wangcai_log_v2/passive_opponent/2025-12-11.log:9546
2025-12-11,002465.SZ,/mnt/team/research-share/huangchunyang/etfmm_oe/wangcai_log_v2/passive_opponent/2025-12-11.log:9548
2025-12-11,Unknown,/mnt/team/research-share/huangchunyang/etfmm_oe/wangcai_log_v2/passive_opponent/2025-12-11.log:9550
2025-12-11,300079.SZ,/mnt/team/research-share/huangchunyang/etfmm_oe/wangcai_log_v2/passive_opponent/2025-12-11.log:13694
2025-12-11,300079.SZ,/mnt/team/research-share/huangchunyang/etfmm_oe/wangcai_log_v2/passive_opponent/2025-12-11.log:13695
2025-12-11,300079.SZ,/mnt/team/research-share/huangchunyang/etfmm_oe/wangcai_log_v2/passive_opponent/2025-12-11.log:13697
2025-12-11,300079.SZ,/mnt/team/research-share/huangchunyang/etfmm_oe/wangcai_log_v2/passive_opponent/2025-12-11.log:13698
2025-12-11,300079.SZ,/mnt/team/research-share/huangchunyang/etfmm_oe/wangcai_log_v2/passive_opponent/2025-12-11.log:13700
2025-12-11,300079.SZ,/mnt/team/research-share/huangchunyang/etfmm_oe/wangcai_log_v2/passive_opponent/2025-12-11.log:13704
2025-12-11,Unknown,/mnt/team/research-share/huangchunyang/etfmm_oe/wangcai_log_v2/passive_opponent/2025-12-11.log:13706
2025-12-11,300101.SZ,/mnt/team/research-share/huangchunyang/etfmm_oe/wangcai_log_v2/passive_opponent/2025-12-11.log:18389
2025-12-11,300101.SZ,/mnt/team/research-share/huangchunyang/etfmm_oe/wangcai_log_v2/passive_opponent/2025-12-11.log:18390
2025-12-11,300101.SZ,/mnt/team/research-share/huangchunyang/etfmm_oe/wangcai_log_v2/passive_opponent/2025-12-11.log:18392
2025-12-11,300101.SZ,/mnt/team/research-share/huangchunyang/etfmm_oe/wangcai_log_v2/passive_opponent/2025-12-11.log:18393
2025-12-11,300101.SZ,/mnt/team/research-share/huangchunyang/etfmm_oe/wangcai_log_v2/passive_opponent/2025-12-11.log:18395
2025-12-11,300101.SZ,/mnt/team/research-share/huangchunyang/etfmm_oe/wangcai_log_v2/passive_opponent/2025-12-11.log:18396
2025-12-11,300101.SZ,/mnt/team/research-share/huangchunyang/etfmm_oe/wangcai_log_v2/passive_opponent/2025-12-11.log:18398
2025-12-11,300101.SZ,/mnt/team/research-share/huangchunyang/etfmm_oe/wangcai_log_v2/passive_opponent/2025-12-11.log:18399
2025-12-11,300101.SZ,/mnt/team/research-share/huangchunyang/etfmm_oe/wangcai_log_v2/passive_opponent/2025-12-11.log:18401
2025-12-11,Unknown,/mnt/team/research-share/huangchunyang/etfmm_oe/wangcai_log_v2/passive_opponent/2025-12-11.log:18403
2025-12-12,300353.SZ,/mnt/team/research-share/huangchunyang/etfmm_oe/wangcai_log_v2/passive_opponent/2025-12-12.log:575
2025-12-12,300353.SZ,/mnt/team/research-share/huangchunyang/etfmm_oe/wangcai_log_v2/passive_opponent/2025-12-12.log:576
2025-12-12,300353.SZ,/mnt/team/research-share/huangchunyang/etfmm_oe/wangcai_log_v2/passive_opponent/2025-12-12.log:578
2025-12-12,300353.SZ,/mnt/team/research-share/huangchunyang/etfmm_oe/wangcai_log_v2/passive_opponent/2025-12-12.log:579
2025-12-12,300353.SZ,/mnt/team/research-share/huangchunyang/etfmm_oe/wangcai_log_v2/passive_opponent/2025-12-12.log:581
2025-12-12,300353.SZ,/mnt/team/research-share/huangchunyang/etfmm_oe/wangcai_log_v2/passive_opponent/2025-12-12.log:582
2025-12-12,300353.SZ,/mnt/team/research-share/huangchunyang/etfmm_oe/wangcai_log_v2/passive_opponent/2025-12-12.log:584
2025-12-12,300353.SZ,/mnt/team/research-share/huangchunyang/etfmm_oe/wangcai_log_v2/passive_opponent/2025-12-12.log:585
2025-12-12,300353.SZ,/mnt/team/research-share/huangchunyang/etfmm_oe/wangcai_log_v2/passive_opponent/2025-12-12.log:587
2025-12-12,Unknown,/mnt/team/research-share/huangchunyang/etfmm_oe/wangcai_log_v2/passive_opponent/2025-12-12.log:589
2025-12-12,300672.SZ,/mnt/team/research-share/huangchunyang/etfmm_oe/wangcai_log_v2/passive_opponent/2025-12-12.log:6284
2025-12-12,300672.SZ,/mnt/team/research-share/huangchunyang/etfmm_oe/wangcai_log_v2/passive_opponent/2025-12-12.log:6285
2025-12-12,300672.SZ,/mnt/team/research-share/huangchunyang/etfmm_oe/wangcai_log_v2/passive_opponent/2025-12-12.log:6287
2025-12-12,300672.SZ,/mnt/team/research-share/huangchunyang/etfmm_oe/wangcai_log_v2/passive_opponent/2025-12-12.log:6288
2025-12-12,300672.SZ,/mnt/team/research-share/huangchunyang/etfmm_oe/wangcai_log_v2/passive_opponent/2025-12-12.log:6290
2025-12-12,300672.SZ,/mnt/team/research-share/huangchunyang/etfmm_oe/wangcai_log_v2/passive_opponent/2025-12-12.log:6291
2025-12-12,300672.SZ,/mnt/team/research-share/huangchunyang/etfmm_oe/wangcai_log_v2/passive_opponent/2025-12-12.log:6293
2025-12-12,300672.SZ,/mnt/team/research-share/huangchunyang/etfmm_oe/wangcai_log_v2/passive_opponent/2025-12-12.log:6294
2025-12-12,300672.SZ,/mnt/team/research-share/huangchunyang/etfmm_oe/wangcai_log_v2/passive_opponent/2025-12-12.log:6296
2025-12-12,Unknown,/mnt/team/research-share/huangchunyang/etfmm_oe/wangcai_log_v2/passive_opponent/2025-12-12.log:6298
2025-12-15,002583.SZ,/mnt/team/research-share/huangchunyang/etfmm_oe/wangcai_log_v2/passive_opponent/2025-12-15.log:155
2025-12-15,002583.SZ,/mnt/team/research-share/huangchunyang/etfmm_oe/wangcai_log_v2/passive_opponent/2025-12-15.log:156
2025-12-15,002583.SZ,/mnt/team/research-share/huangchunyang/etfmm_oe/wangcai_log_v2/passive_opponent/2025-12-15.log:158
2025-12-15,002583.SZ,/mnt/team/research-share/huangchunyang/etfmm_oe/wangcai_log_v2/passive_opponent/2025-12-15.log:159
2025-12-15,002583.SZ,/mnt/team/research-share/huangchunyang/etfmm_oe/wangcai_log_v2/passive_opponent/2025-12-15.log:161
2025-12-15,002583.SZ,/mnt/team/research-share/huangchunyang/etfmm_oe/wangcai_log_v2/passive_opponent/2025-12-15.log:162
2025-12-15,002583.SZ,/mnt/team/research-share/huangchunyang/etfmm_oe/wangcai_log_v2/passive_opponent/2025-12-15.log:164
2025-12-15,300913.SZ,/mnt/team/research-share/huangchunyang/etfmm_oe/wangcai_log_v2/passive_opponent/2025-12-15.log:38876
2025-12-15,300913.SZ,/mnt/team/research-share/huangchunyang/etfmm_oe/wangcai_log_v2/passive_opponent/2025-12-15.log:38877
2025-12-15,300913.SZ,/mnt/team/research-share/huangchunyang/etfmm_oe/wangcai_log_v2/passive_opponent/2025-12-15.log:38879
2025-12-15,300913.SZ,/mnt/team/research-share/huangchunyang/etfmm_oe/wangcai_log_v2/passive_opponent/2025-12-15.log:38880
2025-12-15,Unknown,/mnt/team/research-share/huangchunyang/etfmm_oe/wangcai_log_v2/passive_opponent/2025-12-15.log:38882
2025-12-15,300913.SZ,/mnt/team/research-share/huangchunyang/etfmm_oe/wangcai_log_v2/passive_opponent/2025-12-15.log:39970
2025-12-15,300913.SZ,/mnt/team/research-share/huangchunyang/etfmm_oe/wangcai_log_v2/passive_opponent/2025-12-15.log:39972
2025-12-15,300394.SZ,/mnt/team/research-share/huangchunyang/etfmm_oe/wangcai_log_v2/passive_opponent/2025-12-15.log:43878
2025-12-15,300394.SZ,/mnt/team/research-share/huangchunyang/etfmm_oe/wangcai_log_v2/passive_opponent/2025-12-15.log:43879
2025-12-15,300394.SZ,/mnt/team/research-share/huangchunyang/etfmm_oe/wangcai_log_v2/passive_opponent/2025-12-15.log:43881
2025-12-15,300394.SZ,/mnt/team/research-share/huangchunyang/etfmm_oe/wangcai_log_v2/passive_opponent/2025-12-15.log:43882
2025-12-15,300394.SZ,/mnt/team/research-share/huangchunyang/etfmm_oe/wangcai_log_v2/passive_opponent/2025-12-15.log:43884
2025-12-15,300394.SZ,/mnt/team/research-share/huangchunyang/etfmm_oe/wangcai_log_v2/passive_opponent/2025-12-15.log:43885
2025-12-15,Unknown,/mnt/team/research-share/huangchunyang/etfmm_oe/wangcai_log_v2/passive_opponent/2025-12-15.log:43887
2025-12-15,300394.SZ,/mnt/team/research-share/huangchunyang/etfmm_oe/wangcai_log_v2/passive_opponent/2025-12-15.log:44824
2025-12-15,300394.SZ,/mnt/team/research-share/huangchunyang/etfmm_oe/wangcai_log_v2/passive_opponent/2025-12-15.log:44826
2025-12-15,300548.SZ,/mnt/team/research-share/huangchunyang/etfmm_oe/wangcai_log_v2/passive_opponent/2025-12-15.log:44828
2025-12-15,300593.SZ,/mnt/team/research-share/huangchunyang/etfmm_oe/wangcai_log_v2/passive_opponent/2025-12-15.log:48871
2025-12-15,300593.SZ,/mnt/team/research-share/huangchunyang/etfmm_oe/wangcai_log_v2/passive_opponent/2025-12-15.log:48872
2025-12-15,300593.SZ,/mnt/team/research-share/huangchunyang/etfmm_oe/wangcai_log_v2/passive_opponent/2025-12-15.log:48874
2025-12-15,300593.SZ,/mnt/team/research-share/huangchunyang/etfmm_oe/wangcai_log_v2/passive_opponent/2025-12-15.log:48875
2025-12-15,300593.SZ,/mnt/team/research-share/huangchunyang/etfmm_oe/wangcai_log_v2/passive_opponent/2025-12-15.log:48877
2025-12-15,300593.SZ,/mnt/team/research-share/huangchunyang/etfmm_oe/wangcai_log_v2/passive_opponent/2025-12-15.log:48878
2025-12-15,300593.SZ,/mnt/team/research-share/huangchunyang/etfmm_oe/wangcai_log_v2/passive_opponent/2025-12-15.log:48880
2025-12-15,300593.SZ,/mnt/team/research-share/huangchunyang/etfmm_oe/wangcai_log_v2/passive_opponent/2025-12-15.log:48881
2025-12-15,300593.SZ,/mnt/team/research-share/huangchunyang/etfmm_oe/wangcai_log_v2/passive_opponent/2025-12-15.log:48883
2025-12-15,Unknown,/mnt/team/research-share/huangchunyang/etfmm_oe/wangcai_log_v2/passive_opponent/2025-12-15.log:48885
2025-12-15,300672.SZ,/mnt/team/research-share/huangchunyang/etfmm_oe/wangcai_log_v2/passive_opponent/2025-12-15.log:54006
2025-12-15,300672.SZ,/mnt/team/research-share/huangchunyang/etfmm_oe/wangcai_log_v2/passive_opponent/2025-12-15.log:54007
2025-12-15,300672.SZ,/mnt/team/research-share/huangchunyang/etfmm_oe/wangcai_log_v2/passive_opponent/2025-12-15.log:54009
2025-12-15,300672.SZ,/mnt/team/research-share/huangchunyang/etfmm_oe/wangcai_log_v2/passive_opponent/2025-12-15.log:54010
2025-12-15,300672.SZ,/mnt/team/research-share/huangchunyang/etfmm_oe/wangcai_log_v2/passive_opponent/2025-12-15.log:54012
2025-12-15,300672.SZ,/mnt/team/research-share/huangchunyang/etfmm_oe/wangcai_log_v2/passive_opponent/2025-12-15.log:54013
2025-12-15,300672.SZ,/mnt/team/research-share/huangchunyang/etfmm_oe/wangcai_log_v2/passive_opponent/2025-12-15.log:54015
2025-12-15,300672.SZ,/mnt/team/research-share/huangchunyang/etfmm_oe/wangcai_log_v2/passive_opponent/2025-12-15.log:54016
2025-12-15,300672.SZ,/mnt/team/research-share/huangchunyang/etfmm_oe/wangcai_log_v2/passive_opponent/2025-12-15.log:54018
2025-12-15,300353.SZ,/mnt/team/research-share/huangchunyang/etfmm_oe/wangcai_log_v2/passive_opponent/2025-12-15.log:54020
2025-11-17,301358.SZ,/mnt/team/research-share/huangchunyang/etfmm_oe/wangcai_log_v2/passive_own/2025-11-17.log:10772
2025-11-17,301358.SZ,/mnt/team/research-share/huangchunyang/etfmm_oe/wangcai_log_v2/passive_own/2025-11-17.log:10773
2025-11-17,301358.SZ,/mnt/team/research-share/huangchunyang/etfmm_oe/wangcai_log_v2/passive_own/2025-11-17.log:10775
2025-11-17,301358.SZ,/mnt/team/research-share/huangchunyang/etfmm_oe/wangcai_log_v2/passive_own/2025-11-17.log:10776
2025-11-17,301358.SZ,/mnt/team/research-share/huangchunyang/etfmm_oe/wangcai_log_v2/passive_own/2025-11-17.log:10778
2025-11-17,301358.SZ,/mnt/team/research-share/huangchunyang/etfmm_oe/wangcai_log_v2/passive_own/2025-11-17.log:10779
2025-11-17,301358.SZ,/mnt/team/research-share/huangchunyang/etfmm_oe/wangcai_log_v2/passive_own/2025-11-17.log:10781
2025-11-17,301358.SZ,/mnt/team/research-share/huangchunyang/etfmm_oe/wangcai_log_v2/passive_own/2025-11-17.log:10782
2025-11-17,301358.SZ,/mnt/team/research-share/huangchunyang/etfmm_oe/wangcai_log_v2/passive_own/2025-11-17.log:10784
2025-11-17,Unknown,/mnt/team/research-share/huangchunyang/etfmm_oe/wangcai_log_v2/passive_own/2025-11-17.log:10786
2025-11-25,300548.SZ,/mnt/team/research-share/huangchunyang/etfmm_oe/wangcai_log_v2/passive_own/2025-11-25.log:113
2025-11-25,300548.SZ,/mnt/team/research-share/huangchunyang/etfmm_oe/wangcai_log_v2/passive_own/2025-11-25.log:114
2025-11-25,300548.SZ,/mnt/team/research-share/huangchunyang/etfmm_oe/wangcai_log_v2/passive_own/2025-11-25.log:116
2025-11-25,300548.SZ,/mnt/team/research-share/huangchunyang/etfmm_oe/wangcai_log_v2/passive_own/2025-11-25.log:117
2025-11-25,300548.SZ,/mnt/team/research-share/huangchunyang/etfmm_oe/wangcai_log_v2/passive_own/2025-11-25.log:119
2025-11-25,300548.SZ,/mnt/team/research-share/huangchunyang/etfmm_oe/wangcai_log_v2/passive_own/2025-11-25.log:120
2025-11-25,300548.SZ,/mnt/team/research-share/huangchunyang/etfmm_oe/wangcai_log_v2/passive_own/2025-11-25.log:122
2025-11-25,300548.SZ,/mnt/team/research-share/huangchunyang/etfmm_oe/wangcai_log_v2/passive_own/2025-11-25.log:123
2025-11-25,300548.SZ,/mnt/team/research-share/huangchunyang/etfmm_oe/wangcai_log_v2/passive_own/2025-11-25.log:125
2025-11-25,Unknown,/mnt/team/research-share/huangchunyang/etfmm_oe/wangcai_log_v2/passive_own/2025-11-25.log:127
2025-11-25,300548.SZ,/mnt/team/research-share/huangchunyang/etfmm_oe/wangcai_log_v2/passive_own/2025-11-25.log:45398
2025-11-25,300548.SZ,/mnt/team/research-share/huangchunyang/etfmm_oe/wangcai_log_v2/passive_own/2025-11-25.log:45399
2025-11-25,300548.SZ,/mnt/team/research-share/huangchunyang/etfmm_oe/wangcai_log_v2/passive_own/2025-11-25.log:45401
2025-11-25,300548.SZ,/mnt/team/research-share/huangchunyang/etfmm_oe/wangcai_log_v2/passive_own/2025-11-25.log:45402
2025-11-25,300548.SZ,/mnt/team/research-share/huangchunyang/etfmm_oe/wangcai_log_v2/passive_own/2025-11-25.log:45404
2025-11-25,300548.SZ,/mnt/team/research-share/huangchunyang/etfmm_oe/wangcai_log_v2/passive_own/2025-11-25.log:45405
2025-11-25,300548.SZ,/mnt/team/research-share/huangchunyang/etfmm_oe/wangcai_log_v2/passive_own/2025-11-25.log:45407
2025-11-25,300548.SZ,/mnt/team/research-share/huangchunyang/etfmm_oe/wangcai_log_v2/passive_own/2025-11-25.log:45408
2025-11-25,300548.SZ,/mnt/team/research-share/huangchunyang/etfmm_oe/wangcai_log_v2/passive_own/2025-11-25.log:45410
2025-11-25,Unknown,/mnt/team/research-share/huangchunyang/etfmm_oe/wangcai_log_v2/passive_own/2025-11-25.log:45412
2025-11-25,300454.SZ,/mnt/team/research-share/huangchunyang/etfmm_oe/wangcai_log_v2/passive_own/2025-11-25.log:49774
2025-11-25,300454.SZ,/mnt/team/research-share/huangchunyang/etfmm_oe/wangcai_log_v2/passive_own/2025-11-25.log:49775
2025-11-25,300454.SZ,/mnt/team/research-share/huangchunyang/etfmm_oe/wangcai_log_v2/passive_own/2025-11-25.log:49777
2025-11-25,300454.SZ,/mnt/team/research-share/huangchunyang/etfmm_oe/wangcai_log_v2/passive_own/2025-11-25.log:49778
2025-11-25,300454.SZ,/mnt/team/research-share/huangchunyang/etfmm_oe/wangcai_log_v2/passive_own/2025-11-25.log:49780
2025-11-25,300454.SZ,/mnt/team/research-share/huangchunyang/etfmm_oe/wangcai_log_v2/passive_own/2025-11-25.log:49781
2025-11-25,300454.SZ,/mnt/team/research-share/huangchunyang/etfmm_oe/wangcai_log_v2/passive_own/2025-11-25.log:49783
2025-11-25,300454.SZ,/mnt/team/research-share/huangchunyang/etfmm_oe/wangcai_log_v2/passive_own/2025-11-25.log:49784
2025-11-25,300454.SZ,/mnt/team/research-share/huangchunyang/etfmm_oe/wangcai_log_v2/passive_own/2025-11-25.log:49786
2025-11-25,Unknown,/mnt/team/research-share/huangchunyang/etfmm_oe/wangcai_log_v2/passive_own/2025-11-25.log:49788
2025-11-25,300348.SZ,/mnt/team/research-share/huangchunyang/etfmm_oe/wangcai_log_v2/passive_own/2025-11-25.log:55267
2025-11-25,300348.SZ,/mnt/team/research-share/huangchunyang/etfmm_oe/wangcai_log_v2/passive_own/2025-11-25.log:55268
2025-11-25,300348.SZ,/mnt/team/research-share/huangchunyang/etfmm_oe/wangcai_log_v2/passive_own/2025-11-25.log:55270
2025-11-25,300348.SZ,/mnt/team/research-share/huangchunyang/etfmm_oe/wangcai_log_v2/passive_own/2025-11-25.log:55271
2025-11-25,300348.SZ,/mnt/team/research-share/huangchunyang/etfmm_oe/wangcai_log_v2/passive_own/2025-11-25.log:55273
2025-11-25,300348.SZ,/mnt/team/research-share/huangchunyang/etfmm_oe/wangcai_log_v2/passive_own/2025-11-25.log:55274
2025-11-25,300348.SZ,/mnt/team/research-share/huangchunyang/etfmm_oe/wangcai_log_v2/passive_own/2025-11-25.log:55276
2025-11-25,300348.SZ,/mnt/team/research-share/huangchunyang/etfmm_oe/wangcai_log_v2/passive_own/2025-11-25.log:55277
2025-11-25,300348.SZ,/mnt/team/research-share/huangchunyang/etfmm_oe/wangcai_log_v2/passive_own/2025-11-25.log:55279
2025-11-25,Unknown,/mnt/team/research-share/huangchunyang/etfmm_oe/wangcai_log_v2/passive_own/2025-11-25.log:55281
2025-11-25,300442.SZ,/mnt/team/research-share/huangchunyang/etfmm_oe/wangcai_log_v2/passive_own/2025-11-25.log:59432
2025-11-25,300442.SZ,/mnt/team/research-share/huangchunyang/etfmm_oe/wangcai_log_v2/passive_own/2025-11-25.log:59433
2025-11-25,300442.SZ,/mnt/team/research-share/huangchunyang/etfmm_oe/wangcai_log_v2/passive_own/2025-11-25.log:59435
2025-11-25,300442.SZ,/mnt/team/research-share/huangchunyang/etfmm_oe/wangcai_log_v2/passive_own/2025-11-25.log:59436
2025-11-25,300442.SZ,/mnt/team/research-share/huangchunyang/etfmm_oe/wangcai_log_v2/passive_own/2025-11-25.log:59438
2025-11-25,300442.SZ,/mnt/team/research-share/huangchunyang/etfmm_oe/wangcai_log_v2/passive_own/2025-11-25.log:59439
2025-11-25,300442.SZ,/mnt/team/research-share/huangchunyang/etfmm_oe/wangcai_log_v2/passive_own/2025-11-25.log:59441
2025-11-25,300442.SZ,/mnt/team/research-share/huangchunyang/etfmm_oe/wangcai_log_v2/passive_own/2025-11-25.log:59442
2025-11-25,300442.SZ,/mnt/team/research-share/huangchunyang/etfmm_oe/wangcai_log_v2/passive_own/2025-11-25.log:59444
2025-11-25,Unknown,/mnt/team/research-share/huangchunyang/etfmm_oe/wangcai_log_v2/passive_own/2025-11-25.log:59446
2025-11-25,300474.SZ,/mnt/team/research-share/huangchunyang/etfmm_oe/wangcai_log_v2/passive_own/2025-11-25.log:64669
2025-11-25,300474.SZ,/mnt/team/research-share/huangchunyang/etfmm_oe/wangcai_log_v2/passive_own/2025-11-25.log:64670
2025-11-25,300474.SZ,/mnt/team/research-share/huangchunyang/etfmm_oe/wangcai_log_v2/passive_own/2025-11-25.log:64672
2025-11-25,300474.SZ,/mnt/team/research-share/huangchunyang/etfmm_oe/wangcai_log_v2/passive_own/2025-11-25.log:64673
2025-11-25,300474.SZ,/mnt/team/research-share/huangchunyang/etfmm_oe/wangcai_log_v2/passive_own/2025-11-25.log:64675
2025-11-25,300474.SZ,/mnt/team/research-share/huangchunyang/etfmm_oe/wangcai_log_v2/passive_own/2025-11-25.log:64676
2025-11-25,300474.SZ,/mnt/team/research-share/huangchunyang/etfmm_oe/wangcai_log_v2/passive_own/2025-11-25.log:64678
2025-11-25,300170.SZ,/mnt/team/research-share/huangchunyang/etfmm_oe/wangcai_log_v2/passive_own/2025-11-25.log:73387
2025-11-25,300170.SZ,/mnt/team/research-share/huangchunyang/etfmm_oe/wangcai_log_v2/passive_own/2025-11-25.log:73388
2025-11-25,300170.SZ,/mnt/team/research-share/huangchunyang/etfmm_oe/wangcai_log_v2/passive_own/2025-11-25.log:73390
2025-11-25,300170.SZ,/mnt/team/research-share/huangchunyang/etfmm_oe/wangcai_log_v2/passive_own/2025-11-25.log:73391
2025-11-25,300170.SZ,/mnt/team/research-share/huangchunyang/etfmm_oe/wangcai_log_v2/passive_own/2025-11-25.log:73393
2025-11-25,300170.SZ,/mnt/team/research-share/huangchunyang/etfmm_oe/wangcai_log_v2/passive_own/2025-11-25.log:73394
2025-11-25,300170.SZ,/mnt/team/research-share/huangchunyang/etfmm_oe/wangcai_log_v2/passive_own/2025-11-25.log:73396
2025-11-25,300170.SZ,/mnt/team/research-share/huangchunyang/etfmm_oe/wangcai_log_v2/passive_own/2025-11-25.log:73397
2025-11-25,300170.SZ,/mnt/team/research-share/huangchunyang/etfmm_oe/wangcai_log_v2/passive_own/2025-11-25.log:73399
2025-11-25,688036.SH,/mnt/team/research-share/huangchunyang/etfmm_oe/wangcai_log_v2/passive_own/2025-11-25.log:73401
2025-11-26,300442.SZ,/mnt/team/research-share/huangchunyang/etfmm_oe/wangcai_log_v2/passive_own/2025-11-26.log:1300
2025-11-26,300442.SZ,/mnt/team/research-share/huangchunyang/etfmm_oe/wangcai_log_v2/passive_own/2025-11-26.log:1301
2025-11-26,300442.SZ,/mnt/team/research-share/huangchunyang/etfmm_oe/wangcai_log_v2/passive_own/2025-11-26.log:1303
2025-11-26,300442.SZ,/mnt/team/research-share/huangchunyang/etfmm_oe/wangcai_log_v2/passive_own/2025-11-26.log:1304
2025-11-26,300442.SZ,/mnt/team/research-share/huangchunyang/etfmm_oe/wangcai_log_v2/passive_own/2025-11-26.log:1306
2025-11-26,300442.SZ,/mnt/team/research-share/huangchunyang/etfmm_oe/wangcai_log_v2/passive_own/2025-11-26.log:1307
2025-11-26,300442.SZ,/mnt/team/research-share/huangchunyang/etfmm_oe/wangcai_log_v2/passive_own/2025-11-26.log:1309
2025-11-26,300442.SZ,/mnt/team/research-share/huangchunyang/etfmm_oe/wangcai_log_v2/passive_own/2025-11-26.log:1310
2025-11-26,300442.SZ,/mnt/team/research-share/huangchunyang/etfmm_oe/wangcai_log_v2/passive_own/2025-11-26.log:1312
2025-11-26,Unknown,/mnt/team/research-share/huangchunyang/etfmm_oe/wangcai_log_v2/passive_own/2025-11-26.log:1314
2025-11-26,300895.SZ,/mnt/team/research-share/huangchunyang/etfmm_oe/wangcai_log_v2/passive_own/2025-11-26.log:7163
2025-11-26,300895.SZ,/mnt/team/research-share/huangchunyang/etfmm_oe/wangcai_log_v2/passive_own/2025-11-26.log:7164
2025-11-26,300895.SZ,/mnt/team/research-share/huangchunyang/etfmm_oe/wangcai_log_v2/passive_own/2025-11-26.log:7166
2025-11-26,300895.SZ,/mnt/team/research-share/huangchunyang/etfmm_oe/wangcai_log_v2/passive_own/2025-11-26.log:7167
2025-11-26,300895.SZ,/mnt/team/research-share/huangchunyang/etfmm_oe/wangcai_log_v2/passive_own/2025-11-26.log:7169
2025-11-26,300895.SZ,/mnt/team/research-share/huangchunyang/etfmm_oe/wangcai_log_v2/passive_own/2025-11-26.log:7170
2025-11-26,300895.SZ,/mnt/team/research-share/huangchunyang/etfmm_oe/wangcai_log_v2/passive_own/2025-11-26.log:7172
2025-11-26,300895.SZ,/mnt/team/research-share/huangchunyang/etfmm_oe/wangcai_log_v2/passive_own/2025-11-26.log:7173
2025-11-26,300895.SZ,/mnt/team/research-share/huangchunyang/etfmm_oe/wangcai_log_v2/passive_own/2025-11-26.log:7175
2025-11-26,Unknown,/mnt/team/research-share/huangchunyang/etfmm_oe/wangcai_log_v2/passive_own/2025-11-26.log:7177
2025-11-27,300563.SZ,/mnt/team/research-share/huangchunyang/etfmm_oe/wangcai_log_v2/passive_own/2025-11-27.log:38576
2025-11-27,300563.SZ,/mnt/team/research-share/huangchunyang/etfmm_oe/wangcai_log_v2/passive_own/2025-11-27.log:38577
2025-11-27,300563.SZ,/mnt/team/research-share/huangchunyang/etfmm_oe/wangcai_log_v2/passive_own/2025-11-27.log:38579
2025-11-27,300563.SZ,/mnt/team/research-share/huangchunyang/etfmm_oe/wangcai_log_v2/passive_own/2025-11-27.log:38580
2025-11-27,300563.SZ,/mnt/team/research-share/huangchunyang/etfmm_oe/wangcai_log_v2/passive_own/2025-11-27.log:38582
2025-11-27,300563.SZ,/mnt/team/research-share/huangchunyang/etfmm_oe/wangcai_log_v2/passive_own/2025-11-27.log:38583
2025-11-27,300563.SZ,/mnt/team/research-share/huangchunyang/etfmm_oe/wangcai_log_v2/passive_own/2025-11-27.log:38585
2025-11-27,300563.SZ,/mnt/team/research-share/huangchunyang/etfmm_oe/wangcai_log_v2/passive_own/2025-11-27.log:38586
2025-11-27,300563.SZ,/mnt/team/research-share/huangchunyang/etfmm_oe/wangcai_log_v2/passive_own/2025-11-27.log:38588
2025-11-27,002929.SZ,/mnt/team/research-share/huangchunyang/etfmm_oe/wangcai_log_v2/passive_own/2025-11-27.log:38590
2025-11-27,002583.SZ,/mnt/team/research-share/huangchunyang/etfmm_oe/wangcai_log_v2/passive_own/2025-11-27.log:41710
2025-11-27,002583.SZ,/mnt/team/research-share/huangchunyang/etfmm_oe/wangcai_log_v2/passive_own/2025-11-27.log:41711
2025-11-27,002583.SZ,/mnt/team/research-share/huangchunyang/etfmm_oe/wangcai_log_v2/passive_own/2025-11-27.log:41713
2025-11-27,002583.SZ,/mnt/team/research-share/huangchunyang/etfmm_oe/wangcai_log_v2/passive_own/2025-11-27.log:41714
2025-11-27,002583.SZ,/mnt/team/research-share/huangchunyang/etfmm_oe/wangcai_log_v2/passive_own/2025-11-27.log:41716
2025-11-27,002583.SZ,/mnt/team/research-share/huangchunyang/etfmm_oe/wangcai_log_v2/passive_own/2025-11-27.log:41717
2025-11-27,002583.SZ,/mnt/team/research-share/huangchunyang/etfmm_oe/wangcai_log_v2/passive_own/2025-11-27.log:41719
2025-11-27,002583.SZ,/mnt/team/research-share/huangchunyang/etfmm_oe/wangcai_log_v2/passive_own/2025-11-27.log:41720
2025-11-27,002583.SZ,/mnt/team/research-share/huangchunyang/etfmm_oe/wangcai_log_v2/passive_own/2025-11-27.log:41722
2025-11-27,Unknown,/mnt/team/research-share/huangchunyang/etfmm_oe/wangcai_log_v2/passive_own/2025-11-27.log:41724
2025-11-27,300455.SZ,/mnt/team/research-share/huangchunyang/etfmm_oe/wangcai_log_v2/passive_own/2025-11-27.log:46681
2025-11-27,300455.SZ,/mnt/team/research-share/huangchunyang/etfmm_oe/wangcai_log_v2/passive_own/2025-11-27.log:46682
2025-11-27,300455.SZ,/mnt/team/research-share/huangchunyang/etfmm_oe/wangcai_log_v2/passive_own/2025-11-27.log:46684
2025-11-27,300455.SZ,/mnt/team/research-share/huangchunyang/etfmm_oe/wangcai_log_v2/passive_own/2025-11-27.log:46685
2025-11-27,300455.SZ,/mnt/team/research-share/huangchunyang/etfmm_oe/wangcai_log_v2/passive_own/2025-11-27.log:46687
2025-11-27,300455.SZ,/mnt/team/research-share/huangchunyang/etfmm_oe/wangcai_log_v2/passive_own/2025-11-27.log:46688
2025-11-27,300455.SZ,/mnt/team/research-share/huangchunyang/etfmm_oe/wangcai_log_v2/passive_own/2025-11-27.log:46690
2025-11-27,300455.SZ,/mnt/team/research-share/huangchunyang/etfmm_oe/wangcai_log_v2/passive_own/2025-11-27.log:46691
2025-11-27,300455.SZ,/mnt/team/research-share/huangchunyang/etfmm_oe/wangcai_log_v2/passive_own/2025-11-27.log:46693
2025-11-27,Unknown,/mnt/team/research-share/huangchunyang/etfmm_oe/wangcai_log_v2/passive_own/2025-11-27.log:46695
2025-11-27,300170.SZ,/mnt/team/research-share/huangchunyang/etfmm_oe/wangcai_log_v2/passive_own/2025-11-27.log:51973
2025-11-27,300170.SZ,/mnt/team/research-share/huangchunyang/etfmm_oe/wangcai_log_v2/passive_own/2025-11-27.log:51974
2025-11-27,300170.SZ,/mnt/team/research-share/huangchunyang/etfmm_oe/wangcai_log_v2/passive_own/2025-11-27.log:51976
2025-11-27,300170.SZ,/mnt/team/research-share/huangchunyang/etfmm_oe/wangcai_log_v2/passive_own/2025-11-27.log:51977
2025-11-27,300170.SZ,/mnt/team/research-share/huangchunyang/etfmm_oe/wangcai_log_v2/passive_own/2025-11-27.log:51979
2025-11-27,300170.SZ,/mnt/team/research-share/huangchunyang/etfmm_oe/wangcai_log_v2/passive_own/2025-11-27.log:51980
2025-11-27,300170.SZ,/mnt/team/research-share/huangchunyang/etfmm_oe/wangcai_log_v2/passive_own/2025-11-27.log:51982
2025-11-27,300170.SZ,/mnt/team/research-share/huangchunyang/etfmm_oe/wangcai_log_v2/passive_own/2025-11-27.log:51983
2025-11-27,300170.SZ,/mnt/team/research-share/huangchunyang/etfmm_oe/wangcai_log_v2/passive_own/2025-11-27.log:51985
2025-11-27,Unknown,/mnt/team/research-share/huangchunyang/etfmm_oe/wangcai_log_v2/passive_own/2025-11-27.log:51987
2025-11-27,300442.SZ,/mnt/team/research-share/huangchunyang/etfmm_oe/wangcai_log_v2/passive_own/2025-11-27.log:56358
2025-11-27,300442.SZ,/mnt/team/research-share/huangchunyang/etfmm_oe/wangcai_log_v2/passive_own/2025-11-27.log:56359
2025-11-27,300442.SZ,/mnt/team/research-share/huangchunyang/etfmm_oe/wangcai_log_v2/passive_own/2025-11-27.log:56361
2025-11-27,300442.SZ,/mnt/team/research-share/huangchunyang/etfmm_oe/wangcai_log_v2/passive_own/2025-11-27.log:56362
2025-11-27,300442.SZ,/mnt/team/research-share/huangchunyang/etfmm_oe/wangcai_log_v2/passive_own/2025-11-27.log:56364
2025-11-27,300442.SZ,/mnt/team/research-share/huangchunyang/etfmm_oe/wangcai_log_v2/passive_own/2025-11-27.log:56365
2025-11-27,300442.SZ,/mnt/team/research-share/huangchunyang/etfmm_oe/wangcai_log_v2/passive_own/2025-11-27.log:56367
2025-11-27,300442.SZ,/mnt/team/research-share/huangchunyang/etfmm_oe/wangcai_log_v2/passive_own/2025-11-27.log:56368
2025-11-27,300442.SZ,/mnt/team/research-share/huangchunyang/etfmm_oe/wangcai_log_v2/passive_own/2025-11-27.log:56370
2025-11-27,Unknown,/mnt/team/research-share/huangchunyang/etfmm_oe/wangcai_log_v2/passive_own/2025-11-27.log:56372
2025-11-27,300638.SZ,/mnt/team/research-share/huangchunyang/etfmm_oe/wangcai_log_v2/passive_own/2025-11-27.log:76659
2025-11-27,300638.SZ,/mnt/team/research-share/huangchunyang/etfmm_oe/wangcai_log_v2/passive_own/2025-11-27.log:76660
2025-11-27,300638.SZ,/mnt/team/research-share/huangchunyang/etfmm_oe/wangcai_log_v2/passive_own/2025-11-27.log:76662
2025-11-27,300638.SZ,/mnt/team/research-share/huangchunyang/etfmm_oe/wangcai_log_v2/passive_own/2025-11-27.log:76663
2025-11-27,300638.SZ,/mnt/team/research-share/huangchunyang/etfmm_oe/wangcai_log_v2/passive_own/2025-11-27.log:76665
2025-11-27,300638.SZ,/mnt/team/research-share/huangchunyang/etfmm_oe/wangcai_log_v2/passive_own/2025-11-27.log:76666
2025-11-27,300638.SZ,/mnt/team/research-share/huangchunyang/etfmm_oe/wangcai_log_v2/passive_own/2025-11-27.log:76668
2025-11-27,300638.SZ,/mnt/team/research-share/huangchunyang/etfmm_oe/wangcai_log_v2/passive_own/2025-11-27.log:76669
2025-11-27,300638.SZ,/mnt/team/research-share/huangchunyang/etfmm_oe/wangcai_log_v2/passive_own/2025-11-27.log:76671
2025-11-27,Unknown,/mnt/team/research-share/huangchunyang/etfmm_oe/wangcai_log_v2/passive_own/2025-11-27.log:76673
2025-12-02,300045.SZ,/mnt/team/research-share/huangchunyang/etfmm_oe/wangcai_log_v2/passive_own/2025-12-02.log:117
2025-12-02,300045.SZ,/mnt/team/research-share/huangchunyang/etfmm_oe/wangcai_log_v2/passive_own/2025-12-02.log:118
2025-12-02,300045.SZ,/mnt/team/research-share/huangchunyang/etfmm_oe/wangcai_log_v2/passive_own/2025-12-02.log:120
2025-12-02,300045.SZ,/mnt/team/research-share/huangchunyang/etfmm_oe/wangcai_log_v2/passive_own/2025-12-02.log:121
2025-12-02,300045.SZ,/mnt/team/research-share/huangchunyang/etfmm_oe/wangcai_log_v2/passive_own/2025-12-02.log:123
2025-12-02,300045.SZ,/mnt/team/research-share/huangchunyang/etfmm_oe/wangcai_log_v2/passive_own/2025-12-02.log:124
2025-12-02,300045.SZ,/mnt/team/research-share/huangchunyang/etfmm_oe/wangcai_log_v2/passive_own/2025-12-02.log:126
2025-12-02,300045.SZ,/mnt/team/research-share/huangchunyang/etfmm_oe/wangcai_log_v2/passive_own/2025-12-02.log:127
2025-12-02,300045.SZ,/mnt/team/research-share/huangchunyang/etfmm_oe/wangcai_log_v2/passive_own/2025-12-02.log:129
2025-12-02,Unknown,/mnt/team/research-share/huangchunyang/etfmm_oe/wangcai_log_v2/passive_own/2025-12-02.log:131
2025-12-02,300418.SZ,/mnt/team/research-share/huangchunyang/etfmm_oe/wangcai_log_v2/passive_own/2025-12-02.log:22857
2025-12-02,300418.SZ,/mnt/team/research-share/huangchunyang/etfmm_oe/wangcai_log_v2/passive_own/2025-12-02.log:22858
2025-12-02,300418.SZ,/mnt/team/research-share/huangchunyang/etfmm_oe/wangcai_log_v2/passive_own/2025-12-02.log:22860
2025-12-02,300418.SZ,/mnt/team/research-share/huangchunyang/etfmm_oe/wangcai_log_v2/passive_own/2025-12-02.log:22861
2025-12-02,300418.SZ,/mnt/team/research-share/huangchunyang/etfmm_oe/wangcai_log_v2/passive_own/2025-12-02.log:22863
2025-12-02,300418.SZ,/mnt/team/research-share/huangchunyang/etfmm_oe/wangcai_log_v2/passive_own/2025-12-02.log:22864
2025-12-02,300418.SZ,/mnt/team/research-share/huangchunyang/etfmm_oe/wangcai_log_v2/passive_own/2025-12-02.log:22866
2025-12-02,300418.SZ,/mnt/team/research-share/huangchunyang/etfmm_oe/wangcai_log_v2/passive_own/2025-12-02.log:22867
2025-12-02,300418.SZ,/mnt/team/research-share/huangchunyang/etfmm_oe/wangcai_log_v2/passive_own/2025-12-02.log:22869
2025-12-02,Unknown,/mnt/team/research-share/huangchunyang/etfmm_oe/wangcai_log_v2/passive_own/2025-12-02.log:22871
2025-12-03,300458.SZ,/mnt/team/research-share/huangchunyang/etfmm_oe/wangcai_log_v2/passive_own/2025-12-03.log:36
2025-12-03,300458.SZ,/mnt/team/research-share/huangchunyang/etfmm_oe/wangcai_log_v2/passive_own/2025-12-03.log:37
2025-12-03,300458.SZ,/mnt/team/research-share/huangchunyang/etfmm_oe/wangcai_log_v2/passive_own/2025-12-03.log:39
2025-12-03,300458.SZ,/mnt/team/research-share/huangchunyang/etfmm_oe/wangcai_log_v2/passive_own/2025-12-03.log:40
2025-12-03,300458.SZ,/mnt/team/research-share/huangchunyang/etfmm_oe/wangcai_log_v2/passive_own/2025-12-03.log:42
2025-12-03,300458.SZ,/mnt/team/research-share/huangchunyang/etfmm_oe/wangcai_log_v2/passive_own/2025-12-03.log:43
2025-12-03,300458.SZ,/mnt/team/research-share/huangchunyang/etfmm_oe/wangcai_log_v2/passive_own/2025-12-03.log:45
2025-12-03,300458.SZ,/mnt/team/research-share/huangchunyang/etfmm_oe/wangcai_log_v2/passive_own/2025-12-03.log:46
2025-12-03,300458.SZ,/mnt/team/research-share/huangchunyang/etfmm_oe/wangcai_log_v2/passive_own/2025-12-03.log:48
2025-12-03,Unknown,/mnt/team/research-share/huangchunyang/etfmm_oe/wangcai_log_v2/passive_own/2025-12-03.log:50
2025-12-03,300458.SZ,/mnt/team/research-share/huangchunyang/etfmm_oe/wangcai_log_v2/passive_own/2025-12-03.log:48873
2025-12-03,300458.SZ,/mnt/team/research-share/huangchunyang/etfmm_oe/wangcai_log_v2/passive_own/2025-12-03.log:48874
2025-12-03,300458.SZ,/mnt/team/research-share/huangchunyang/etfmm_oe/wangcai_log_v2/passive_own/2025-12-03.log:48876
2025-12-03,300458.SZ,/mnt/team/research-share/huangchunyang/etfmm_oe/wangcai_log_v2/passive_own/2025-12-03.log:48877
2025-12-03,300458.SZ,/mnt/team/research-share/huangchunyang/etfmm_oe/wangcai_log_v2/passive_own/2025-12-03.log:48879
2025-12-03,300458.SZ,/mnt/team/research-share/huangchunyang/etfmm_oe/wangcai_log_v2/passive_own/2025-12-03.log:48880
2025-12-03,300458.SZ,/mnt/team/research-share/huangchunyang/etfmm_oe/wangcai_log_v2/passive_own/2025-12-03.log:48882
2025-12-03,300458.SZ,/mnt/team/research-share/huangchunyang/etfmm_oe/wangcai_log_v2/passive_own/2025-12-03.log:48883
2025-12-03,300458.SZ,/mnt/team/research-share/huangchunyang/etfmm_oe/wangcai_log_v2/passive_own/2025-12-03.log:48885
2025-12-03,Unknown,/mnt/team/research-share/huangchunyang/etfmm_oe/wangcai_log_v2/passive_own/2025-12-03.log:48887
2025-12-03,300223.SZ,/mnt/team/research-share/huangchunyang/etfmm_oe/wangcai_log_v2/passive_own/2025-12-03.log:54612
2025-12-03,300223.SZ,/mnt/team/research-share/huangchunyang/etfmm_oe/wangcai_log_v2/passive_own/2025-12-03.log:54613
2025-12-03,300223.SZ,/mnt/team/research-share/huangchunyang/etfmm_oe/wangcai_log_v2/passive_own/2025-12-03.log:54615
2025-12-03,300223.SZ,/mnt/team/research-share/huangchunyang/etfmm_oe/wangcai_log_v2/passive_own/2025-12-03.log:54616
2025-12-03,300223.SZ,/mnt/team/research-share/huangchunyang/etfmm_oe/wangcai_log_v2/passive_own/2025-12-03.log:54618
2025-12-03,300223.SZ,/mnt/team/research-share/huangchunyang/etfmm_oe/wangcai_log_v2/passive_own/2025-12-03.log:54619
2025-12-03,300223.SZ,/mnt/team/research-share/huangchunyang/etfmm_oe/wangcai_log_v2/passive_own/2025-12-03.log:54621
2025-12-03,300223.SZ,/mnt/team/research-share/huangchunyang/etfmm_oe/wangcai_log_v2/passive_own/2025-12-03.log:54622
2025-12-03,300223.SZ,/mnt/team/research-share/huangchunyang/etfmm_oe/wangcai_log_v2/passive_own/2025-12-03.log:54624
2025-12-03,Unknown,/mnt/team/research-share/huangchunyang/etfmm_oe/wangcai_log_v2/passive_own/2025-12-03.log:54626
2025-12-03,300353.SZ,/mnt/team/research-share/huangchunyang/etfmm_oe/wangcai_log_v2/passive_own/2025-12-03.log:60007
2025-12-03,300353.SZ,/mnt/team/research-share/huangchunyang/etfmm_oe/wangcai_log_v2/passive_own/2025-12-03.log:60008
2025-12-03,300353.SZ,/mnt/team/research-share/huangchunyang/etfmm_oe/wangcai_log_v2/passive_own/2025-12-03.log:60010
2025-12-03,300353.SZ,/mnt/team/research-share/huangchunyang/etfmm_oe/wangcai_log_v2/passive_own/2025-12-03.log:60011
2025-12-03,300353.SZ,/mnt/team/research-share/huangchunyang/etfmm_oe/wangcai_log_v2/passive_own/2025-12-03.log:60013
2025-12-03,300353.SZ,/mnt/team/research-share/huangchunyang/etfmm_oe/wangcai_log_v2/passive_own/2025-12-03.log:60014
2025-12-03,300353.SZ,/mnt/team/research-share/huangchunyang/etfmm_oe/wangcai_log_v2/passive_own/2025-12-03.log:60016
2025-12-03,300353.SZ,/mnt/team/research-share/huangchunyang/etfmm_oe/wangcai_log_v2/passive_own/2025-12-03.log:60017
2025-12-03,300353.SZ,/mnt/team/research-share/huangchunyang/etfmm_oe/wangcai_log_v2/passive_own/2025-12-03.log:60019
2025-12-03,Unknown,/mnt/team/research-share/huangchunyang/etfmm_oe/wangcai_log_v2/passive_own/2025-12-03.log:60021
2025-12-03,300231.SZ,/mnt/team/research-share/huangchunyang/etfmm_oe/wangcai_log_v2/passive_own/2025-12-03.log:65713
2025-12-03,300231.SZ,/mnt/team/research-share/huangchunyang/etfmm_oe/wangcai_log_v2/passive_own/2025-12-03.log:65714
2025-12-03,300231.SZ,/mnt/team/research-share/huangchunyang/etfmm_oe/wangcai_log_v2/passive_own/2025-12-03.log:65716
2025-12-03,300231.SZ,/mnt/team/research-share/huangchunyang/etfmm_oe/wangcai_log_v2/passive_own/2025-12-03.log:65717
2025-12-03,300231.SZ,/mnt/team/research-share/huangchunyang/etfmm_oe/wangcai_log_v2/passive_own/2025-12-03.log:65719
2025-12-03,300231.SZ,/mnt/team/research-share/huangchunyang/etfmm_oe/wangcai_log_v2/passive_own/2025-12-03.log:65720
2025-12-03,300231.SZ,/mnt/team/research-share/huangchunyang/etfmm_oe/wangcai_log_v2/passive_own/2025-12-03.log:65722
2025-12-03,300231.SZ,/mnt/team/research-share/huangchunyang/etfmm_oe/wangcai_log_v2/passive_own/2025-12-03.log:65723
2025-12-03,300231.SZ,/mnt/team/research-share/huangchunyang/etfmm_oe/wangcai_log_v2/passive_own/2025-12-03.log:65725
2025-12-03,Unknown,/mnt/team/research-share/huangchunyang/etfmm_oe/wangcai_log_v2/passive_own/2025-12-03.log:65727
2025-12-03,002465.SZ,/mnt/team/research-share/huangchunyang/etfmm_oe/wangcai_log_v2/passive_own/2025-12-03.log:70318
2025-12-03,002465.SZ,/mnt/team/research-share/huangchunyang/etfmm_oe/wangcai_log_v2/passive_own/2025-12-03.log:70322
2025-12-03,002465.SZ,/mnt/team/research-share/huangchunyang/etfmm_oe/wangcai_log_v2/passive_own/2025-12-03.log:70323
2025-12-03,002465.SZ,/mnt/team/research-share/huangchunyang/etfmm_oe/wangcai_log_v2/passive_own/2025-12-03.log:70325
2025-12-03,002465.SZ,/mnt/team/research-share/huangchunyang/etfmm_oe/wangcai_log_v2/passive_own/2025-12-03.log:70326
2025-12-03,002465.SZ,/mnt/team/research-share/huangchunyang/etfmm_oe/wangcai_log_v2/passive_own/2025-12-03.log:70328
2025-12-03,Unknown,/mnt/team/research-share/huangchunyang/etfmm_oe/wangcai_log_v2/passive_own/2025-12-03.log:70330
2025-12-08,300101.SZ,/mnt/team/research-share/huangchunyang/etfmm_oe/wangcai_log_v2/passive_own/2025-12-08.log:84
2025-12-08,300101.SZ,/mnt/team/research-share/huangchunyang/etfmm_oe/wangcai_log_v2/passive_own/2025-12-08.log:85
2025-12-08,300101.SZ,/mnt/team/research-share/huangchunyang/etfmm_oe/wangcai_log_v2/passive_own/2025-12-08.log:87
2025-12-08,300101.SZ,/mnt/team/research-share/huangchunyang/etfmm_oe/wangcai_log_v2/passive_own/2025-12-08.log:88
2025-12-08,300101.SZ,/mnt/team/research-share/huangchunyang/etfmm_oe/wangcai_log_v2/passive_own/2025-12-08.log:90
2025-12-08,300101.SZ,/mnt/team/research-share/huangchunyang/etfmm_oe/wangcai_log_v2/passive_own/2025-12-08.log:91
2025-12-08,300101.SZ,/mnt/team/research-share/huangchunyang/etfmm_oe/wangcai_log_v2/passive_own/2025-12-08.log:93
2025-12-08,300101.SZ,/mnt/team/research-share/huangchunyang/etfmm_oe/wangcai_log_v2/passive_own/2025-12-08.log:94
2025-12-08,300101.SZ,/mnt/team/research-share/huangchunyang/etfmm_oe/wangcai_log_v2/passive_own/2025-12-08.log:96
2025-12-08,Unknown,/mnt/team/research-share/huangchunyang/etfmm_oe/wangcai_log_v2/passive_own/2025-12-08.log:98
2025-12-08,002396.SZ,/mnt/team/research-share/huangchunyang/etfmm_oe/wangcai_log_v2/passive_own/2025-12-08.log:4231
2025-12-08,002396.SZ,/mnt/team/research-share/huangchunyang/etfmm_oe/wangcai_log_v2/passive_own/2025-12-08.log:4232
2025-12-08,002396.SZ,/mnt/team/research-share/huangchunyang/etfmm_oe/wangcai_log_v2/passive_own/2025-12-08.log:4234
2025-12-08,002396.SZ,/mnt/team/research-share/huangchunyang/etfmm_oe/wangcai_log_v2/passive_own/2025-12-08.log:4235
2025-12-08,002396.SZ,/mnt/team/research-share/huangchunyang/etfmm_oe/wangcai_log_v2/passive_own/2025-12-08.log:4237
2025-12-08,002396.SZ,/mnt/team/research-share/huangchunyang/etfmm_oe/wangcai_log_v2/passive_own/2025-12-08.log:4238
2025-12-08,002396.SZ,/mnt/team/research-share/huangchunyang/etfmm_oe/wangcai_log_v2/passive_own/2025-12-08.log:4240
2025-12-08,002396.SZ,/mnt/team/research-share/huangchunyang/etfmm_oe/wangcai_log_v2/passive_own/2025-12-08.log:4241
2025-12-08,002396.SZ,/mnt/team/research-share/huangchunyang/etfmm_oe/wangcai_log_v2/passive_own/2025-12-08.log:4243
2025-12-08,Unknown,/mnt/team/research-share/huangchunyang/etfmm_oe/wangcai_log_v2/passive_own/2025-12-08.log:4245
2025-12-08,002881.SZ,/mnt/team/research-share/huangchunyang/etfmm_oe/wangcai_log_v2/passive_own/2025-12-08.log:9577
2025-12-08,002881.SZ,/mnt/team/research-share/huangchunyang/etfmm_oe/wangcai_log_v2/passive_own/2025-12-08.log:9578
2025-12-08,002881.SZ,/mnt/team/research-share/huangchunyang/etfmm_oe/wangcai_log_v2/passive_own/2025-12-08.log:9580
2025-12-08,002881.SZ,/mnt/team/research-share/huangchunyang/etfmm_oe/wangcai_log_v2/passive_own/2025-12-08.log:9581
2025-12-08,002881.SZ,/mnt/team/research-share/huangchunyang/etfmm_oe/wangcai_log_v2/passive_own/2025-12-08.log:9583
2025-12-08,002881.SZ,/mnt/team/research-share/huangchunyang/etfmm_oe/wangcai_log_v2/passive_own/2025-12-08.log:9584
2025-12-08,002881.SZ,/mnt/team/research-share/huangchunyang/etfmm_oe/wangcai_log_v2/passive_own/2025-12-08.log:9586
2025-12-08,002881.SZ,/mnt/team/research-share/huangchunyang/etfmm_oe/wangcai_log_v2/passive_own/2025-12-08.log:9587
2025-12-08,002881.SZ,/mnt/team/research-share/huangchunyang/etfmm_oe/wangcai_log_v2/passive_own/2025-12-08.log:9589
2025-12-08,Unknown,/mnt/team/research-share/huangchunyang/etfmm_oe/wangcai_log_v2/passive_own/2025-12-08.log:9591
2025-12-08,300620.SZ,/mnt/team/research-share/huangchunyang/etfmm_oe/wangcai_log_v2/passive_own/2025-12-08.log:15227
2025-12-08,300620.SZ,/mnt/team/research-share/huangchunyang/etfmm_oe/wangcai_log_v2/passive_own/2025-12-08.log:15228
2025-12-08,300620.SZ,/mnt/team/research-share/huangchunyang/etfmm_oe/wangcai_log_v2/passive_own/2025-12-08.log:15230
2025-12-08,300620.SZ,/mnt/team/research-share/huangchunyang/etfmm_oe/wangcai_log_v2/passive_own/2025-12-08.log:15231
2025-12-08,300620.SZ,/mnt/team/research-share/huangchunyang/etfmm_oe/wangcai_log_v2/passive_own/2025-12-08.log:15233
2025-12-08,300620.SZ,/mnt/team/research-share/huangchunyang/etfmm_oe/wangcai_log_v2/passive_own/2025-12-08.log:15234
2025-12-08,300620.SZ,/mnt/team/research-share/huangchunyang/etfmm_oe/wangcai_log_v2/passive_own/2025-12-08.log:15236
2025-12-08,300620.SZ,/mnt/team/research-share/huangchunyang/etfmm_oe/wangcai_log_v2/passive_own/2025-12-08.log:15237
2025-12-08,300620.SZ,/mnt/team/research-share/huangchunyang/etfmm_oe/wangcai_log_v2/passive_own/2025-12-08.log:15239
2025-12-08,Unknown,/mnt/team/research-share/huangchunyang/etfmm_oe/wangcai_log_v2/passive_own/2025-12-08.log:15241
2025-12-08,000938.SZ,/mnt/team/research-share/huangchunyang/etfmm_oe/wangcai_log_v2/passive_own/2025-12-08.log:24605
2025-12-08,000938.SZ,/mnt/team/research-share/huangchunyang/etfmm_oe/wangcai_log_v2/passive_own/2025-12-08.log:24606
2025-12-08,000938.SZ,/mnt/team/research-share/huangchunyang/etfmm_oe/wangcai_log_v2/passive_own/2025-12-08.log:24608
2025-12-08,000938.SZ,/mnt/team/research-share/huangchunyang/etfmm_oe/wangcai_log_v2/passive_own/2025-12-08.log:24609
2025-12-08,000938.SZ,/mnt/team/research-share/huangchunyang/etfmm_oe/wangcai_log_v2/passive_own/2025-12-08.log:24611
2025-12-08,000938.SZ,/mnt/team/research-share/huangchunyang/etfmm_oe/wangcai_log_v2/passive_own/2025-12-08.log:24612
2025-12-08,000938.SZ,/mnt/team/research-share/huangchunyang/etfmm_oe/wangcai_log_v2/passive_own/2025-12-08.log:24614
2025-12-08,000938.SZ,/mnt/team/research-share/huangchunyang/etfmm_oe/wangcai_log_v2/passive_own/2025-12-08.log:24615
2025-12-08,000938.SZ,/mnt/team/research-share/huangchunyang/etfmm_oe/wangcai_log_v2/passive_own/2025-12-08.log:24617
2025-12-08,Unknown,/mnt/team/research-share/huangchunyang/etfmm_oe/wangcai_log_v2/passive_own/2025-12-08.log:24619
2025-12-09,300045.SZ,/mnt/team/research-share/huangchunyang/etfmm_oe/wangcai_log_v2/passive_own/2025-12-09.log:92
2025-12-09,300045.SZ,/mnt/team/research-share/huangchunyang/etfmm_oe/wangcai_log_v2/passive_own/2025-12-09.log:93
2025-12-09,300045.SZ,/mnt/team/research-share/huangchunyang/etfmm_oe/wangcai_log_v2/passive_own/2025-12-09.log:95
2025-12-09,300045.SZ,/mnt/team/research-share/huangchunyang/etfmm_oe/wangcai_log_v2/passive_own/2025-12-09.log:96
2025-12-09,300045.SZ,/mnt/team/research-share/huangchunyang/etfmm_oe/wangcai_log_v2/passive_own/2025-12-09.log:98
2025-12-09,300045.SZ,/mnt/team/research-share/huangchunyang/etfmm_oe/wangcai_log_v2/passive_own/2025-12-09.log:99
2025-12-09,300045.SZ,/mnt/team/research-share/huangchunyang/etfmm_oe/wangcai_log_v2/passive_own/2025-12-09.log:101
2025-12-09,300045.SZ,/mnt/team/research-share/huangchunyang/etfmm_oe/wangcai_log_v2/passive_own/2025-12-09.log:102
2025-12-09,300045.SZ,/mnt/team/research-share/huangchunyang/etfmm_oe/wangcai_log_v2/passive_own/2025-12-09.log:104
2025-12-09,Unknown,/mnt/team/research-share/huangchunyang/etfmm_oe/wangcai_log_v2/passive_own/2025-12-09.log:106
2025-12-09,301050.SZ,/mnt/team/research-share/huangchunyang/etfmm_oe/wangcai_log_v2/passive_own/2025-12-09.log:5678
2025-12-09,301050.SZ,/mnt/team/research-share/huangchunyang/etfmm_oe/wangcai_log_v2/passive_own/2025-12-09.log:5679
2025-12-09,301050.SZ,/mnt/team/research-share/huangchunyang/etfmm_oe/wangcai_log_v2/passive_own/2025-12-09.log:5681
2025-12-09,301050.SZ,/mnt/team/research-share/huangchunyang/etfmm_oe/wangcai_log_v2/passive_own/2025-12-09.log:5682
2025-12-09,301050.SZ,/mnt/team/research-share/huangchunyang/etfmm_oe/wangcai_log_v2/passive_own/2025-12-09.log:5684
2025-12-09,301050.SZ,/mnt/team/research-share/huangchunyang/etfmm_oe/wangcai_log_v2/passive_own/2025-12-09.log:5685
2025-12-09,301050.SZ,/mnt/team/research-share/huangchunyang/etfmm_oe/wangcai_log_v2/passive_own/2025-12-09.log:5687
2025-12-09,301050.SZ,/mnt/team/research-share/huangchunyang/etfmm_oe/wangcai_log_v2/passive_own/2025-12-09.log:5688
2025-12-09,301050.SZ,/mnt/team/research-share/huangchunyang/etfmm_oe/wangcai_log_v2/passive_own/2025-12-09.log:5690
2025-12-09,002389.SZ,/mnt/team/research-share/huangchunyang/etfmm_oe/wangcai_log_v2/passive_own/2025-12-09.log:5692
2025-12-09,300593.SZ,/mnt/team/research-share/huangchunyang/etfmm_oe/wangcai_log_v2/passive_own/2025-12-09.log:10031
2025-12-09,300593.SZ,/mnt/team/research-share/huangchunyang/etfmm_oe/wangcai_log_v2/passive_own/2025-12-09.log:10032
2025-12-09,300593.SZ,/mnt/team/research-share/huangchunyang/etfmm_oe/wangcai_log_v2/passive_own/2025-12-09.log:10034
2025-12-09,300593.SZ,/mnt/team/research-share/huangchunyang/etfmm_oe/wangcai_log_v2/passive_own/2025-12-09.log:10035
2025-12-09,300593.SZ,/mnt/team/research-share/huangchunyang/etfmm_oe/wangcai_log_v2/passive_own/2025-12-09.log:10037
2025-12-09,300593.SZ,/mnt/team/research-share/huangchunyang/etfmm_oe/wangcai_log_v2/passive_own/2025-12-09.log:10038
2025-12-09,300593.SZ,/mnt/team/research-share/huangchunyang/etfmm_oe/wangcai_log_v2/passive_own/2025-12-09.log:10040
2025-12-09,300593.SZ,/mnt/team/research-share/huangchunyang/etfmm_oe/wangcai_log_v2/passive_own/2025-12-09.log:10041
2025-12-09,300593.SZ,/mnt/team/research-share/huangchunyang/etfmm_oe/wangcai_log_v2/passive_own/2025-12-09.log:10043
2025-12-09,Unknown,/mnt/team/research-share/huangchunyang/etfmm_oe/wangcai_log_v2/passive_own/2025-12-09.log:10045
2025-12-09,300455.SZ,/mnt/team/research-share/huangchunyang/etfmm_oe/wangcai_log_v2/passive_own/2025-12-09.log:15872
2025-12-09,300455.SZ,/mnt/team/research-share/huangchunyang/etfmm_oe/wangcai_log_v2/passive_own/2025-12-09.log:15873
2025-12-09,300455.SZ,/mnt/team/research-share/huangchunyang/etfmm_oe/wangcai_log_v2/passive_own/2025-12-09.log:15875
2025-12-09,300455.SZ,/mnt/team/research-share/huangchunyang/etfmm_oe/wangcai_log_v2/passive_own/2025-12-09.log:15876
2025-12-09,300455.SZ,/mnt/team/research-share/huangchunyang/etfmm_oe/wangcai_log_v2/passive_own/2025-12-09.log:15878
2025-12-09,300455.SZ,/mnt/team/research-share/huangchunyang/etfmm_oe/wangcai_log_v2/passive_own/2025-12-09.log:15879
2025-12-09,300455.SZ,/mnt/team/research-share/huangchunyang/etfmm_oe/wangcai_log_v2/passive_own/2025-12-09.log:15881
2025-12-09,300455.SZ,/mnt/team/research-share/huangchunyang/etfmm_oe/wangcai_log_v2/passive_own/2025-12-09.log:15882
2025-12-09,300455.SZ,/mnt/team/research-share/huangchunyang/etfmm_oe/wangcai_log_v2/passive_own/2025-12-09.log:15884
2025-12-09,Unknown,/mnt/team/research-share/huangchunyang/etfmm_oe/wangcai_log_v2/passive_own/2025-12-09.log:15886
2025-12-10,300045.SZ,/mnt/team/research-share/huangchunyang/etfmm_oe/wangcai_log_v2/passive_own/2025-12-10.log:326
2025-12-10,300045.SZ,/mnt/team/research-share/huangchunyang/etfmm_oe/wangcai_log_v2/passive_own/2025-12-10.log:327
2025-12-10,300045.SZ,/mnt/team/research-share/huangchunyang/etfmm_oe/wangcai_log_v2/passive_own/2025-12-10.log:329
2025-12-10,300045.SZ,/mnt/team/research-share/huangchunyang/etfmm_oe/wangcai_log_v2/passive_own/2025-12-10.log:330
2025-12-10,300045.SZ,/mnt/team/research-share/huangchunyang/etfmm_oe/wangcai_log_v2/passive_own/2025-12-10.log:332
2025-12-10,300045.SZ,/mnt/team/research-share/huangchunyang/etfmm_oe/wangcai_log_v2/passive_own/2025-12-10.log:333
2025-12-10,300045.SZ,/mnt/team/research-share/huangchunyang/etfmm_oe/wangcai_log_v2/passive_own/2025-12-10.log:335
2025-12-10,300045.SZ,/mnt/team/research-share/huangchunyang/etfmm_oe/wangcai_log_v2/passive_own/2025-12-10.log:336
2025-12-10,300045.SZ,/mnt/team/research-share/huangchunyang/etfmm_oe/wangcai_log_v2/passive_own/2025-12-10.log:338
2025-12-10,Unknown,/mnt/team/research-share/huangchunyang/etfmm_oe/wangcai_log_v2/passive_own/2025-12-10.log:340
2025-12-10,002046.SZ,/mnt/team/research-share/huangchunyang/etfmm_oe/wangcai_log_v2/passive_own/2025-12-10.log:5694
2025-12-10,002046.SZ,/mnt/team/research-share/huangchunyang/etfmm_oe/wangcai_log_v2/passive_own/2025-12-10.log:5695
2025-12-10,002046.SZ,/mnt/team/research-share/huangchunyang/etfmm_oe/wangcai_log_v2/passive_own/2025-12-10.log:5697
2025-12-10,002046.SZ,/mnt/team/research-share/huangchunyang/etfmm_oe/wangcai_log_v2/passive_own/2025-12-10.log:5698
2025-12-10,002046.SZ,/mnt/team/research-share/huangchunyang/etfmm_oe/wangcai_log_v2/passive_own/2025-12-10.log:5700
2025-12-10,002046.SZ,/mnt/team/research-share/huangchunyang/etfmm_oe/wangcai_log_v2/passive_own/2025-12-10.log:5701
2025-12-10,002046.SZ,/mnt/team/research-share/huangchunyang/etfmm_oe/wangcai_log_v2/passive_own/2025-12-10.log:5703
2025-12-10,002046.SZ,/mnt/team/research-share/huangchunyang/etfmm_oe/wangcai_log_v2/passive_own/2025-12-10.log:5704
2025-12-10,002046.SZ,/mnt/team/research-share/huangchunyang/etfmm_oe/wangcai_log_v2/passive_own/2025-12-10.log:5706
2025-12-10,Unknown,/mnt/team/research-share/huangchunyang/etfmm_oe/wangcai_log_v2/passive_own/2025-12-10.log:5708
2025-12-11,300502.SZ,/mnt/team/research-share/huangchunyang/etfmm_oe/wangcai_log_v2/passive_own/2025-12-11.log:75
2025-12-11,300502.SZ,/mnt/team/research-share/huangchunyang/etfmm_oe/wangcai_log_v2/passive_own/2025-12-11.log:76
2025-12-11,300502.SZ,/mnt/team/research-share/huangchunyang/etfmm_oe/wangcai_log_v2/passive_own/2025-12-11.log:78
2025-12-11,300502.SZ,/mnt/team/research-share/huangchunyang/etfmm_oe/wangcai_log_v2/passive_own/2025-12-11.log:79
2025-12-11,300502.SZ,/mnt/team/research-share/huangchunyang/etfmm_oe/wangcai_log_v2/passive_own/2025-12-11.log:81
2025-12-11,300502.SZ,/mnt/team/research-share/huangchunyang/etfmm_oe/wangcai_log_v2/passive_own/2025-12-11.log:82
2025-12-11,300502.SZ,/mnt/team/research-share/huangchunyang/etfmm_oe/wangcai_log_v2/passive_own/2025-12-11.log:84
2025-12-11,300502.SZ,/mnt/team/research-share/huangchunyang/etfmm_oe/wangcai_log_v2/passive_own/2025-12-11.log:85
2025-12-11,300502.SZ,/mnt/team/research-share/huangchunyang/etfmm_oe/wangcai_log_v2/passive_own/2025-12-11.log:87
2025-12-11,300672.SZ,/mnt/team/research-share/huangchunyang/etfmm_oe/wangcai_log_v2/passive_own/2025-12-11.log:4104
2025-12-11,300672.SZ,/mnt/team/research-share/huangchunyang/etfmm_oe/wangcai_log_v2/passive_own/2025-12-11.log:4105
2025-12-11,300672.SZ,/mnt/team/research-share/huangchunyang/etfmm_oe/wangcai_log_v2/passive_own/2025-12-11.log:4107
2025-12-11,300672.SZ,/mnt/team/research-share/huangchunyang/etfmm_oe/wangcai_log_v2/passive_own/2025-12-11.log:4108
2025-12-11,300672.SZ,/mnt/team/research-share/huangchunyang/etfmm_oe/wangcai_log_v2/passive_own/2025-12-11.log:4110
2025-12-11,300672.SZ,/mnt/team/research-share/huangchunyang/etfmm_oe/wangcai_log_v2/passive_own/2025-12-11.log:4111
2025-12-11,300672.SZ,/mnt/team/research-share/huangchunyang/etfmm_oe/wangcai_log_v2/passive_own/2025-12-11.log:4113
2025-12-11,300672.SZ,/mnt/team/research-share/huangchunyang/etfmm_oe/wangcai_log_v2/passive_own/2025-12-11.log:4114
2025-12-11,300672.SZ,/mnt/team/research-share/huangchunyang/etfmm_oe/wangcai_log_v2/passive_own/2025-12-11.log:4116
2025-12-11,Unknown,/mnt/team/research-share/huangchunyang/etfmm_oe/wangcai_log_v2/passive_own/2025-12-11.log:4118
2025-12-11,002465.SZ,/mnt/team/research-share/huangchunyang/etfmm_oe/wangcai_log_v2/passive_own/2025-12-11.log:9537
2025-12-11,002465.SZ,/mnt/team/research-share/huangchunyang/etfmm_oe/wangcai_log_v2/passive_own/2025-12-11.log:9538
2025-12-11,002465.SZ,/mnt/team/research-share/huangchunyang/etfmm_oe/wangcai_log_v2/passive_own/2025-12-11.log:9540
2025-12-11,002465.SZ,/mnt/team/research-share/huangchunyang/etfmm_oe/wangcai_log_v2/passive_own/2025-12-11.log:9541
2025-12-11,002465.SZ,/mnt/team/research-share/huangchunyang/etfmm_oe/wangcai_log_v2/passive_own/2025-12-11.log:9543
2025-12-11,002465.SZ,/mnt/team/research-share/huangchunyang/etfmm_oe/wangcai_log_v2/passive_own/2025-12-11.log:9544
2025-12-11,002465.SZ,/mnt/team/research-share/huangchunyang/etfmm_oe/wangcai_log_v2/passive_own/2025-12-11.log:9546
2025-12-11,002465.SZ,/mnt/team/research-share/huangchunyang/etfmm_oe/wangcai_log_v2/passive_own/2025-12-11.log:9547
2025-12-11,002465.SZ,/mnt/team/research-share/huangchunyang/etfmm_oe/wangcai_log_v2/passive_own/2025-12-11.log:9549
2025-12-11,Unknown,/mnt/team/research-share/huangchunyang/etfmm_oe/wangcai_log_v2/passive_own/2025-12-11.log:9551
2025-12-11,300079.SZ,/mnt/team/research-share/huangchunyang/etfmm_oe/wangcai_log_v2/passive_own/2025-12-11.log:13699
2025-12-11,300079.SZ,/mnt/team/research-share/huangchunyang/etfmm_oe/wangcai_log_v2/passive_own/2025-12-11.log:13700
2025-12-11,300079.SZ,/mnt/team/research-share/huangchunyang/etfmm_oe/wangcai_log_v2/passive_own/2025-12-11.log:13702
2025-12-11,300079.SZ,/mnt/team/research-share/huangchunyang/etfmm_oe/wangcai_log_v2/passive_own/2025-12-11.log:13703
2025-12-11,300079.SZ,/mnt/team/research-share/huangchunyang/etfmm_oe/wangcai_log_v2/passive_own/2025-12-11.log:13705
2025-12-11,300079.SZ,/mnt/team/research-share/huangchunyang/etfmm_oe/wangcai_log_v2/passive_own/2025-12-11.log:13709
2025-12-11,Unknown,/mnt/team/research-share/huangchunyang/etfmm_oe/wangcai_log_v2/passive_own/2025-12-11.log:13711
2025-12-11,300101.SZ,/mnt/team/research-share/huangchunyang/etfmm_oe/wangcai_log_v2/passive_own/2025-12-11.log:18393
2025-12-11,300101.SZ,/mnt/team/research-share/huangchunyang/etfmm_oe/wangcai_log_v2/passive_own/2025-12-11.log:18394
2025-12-11,300101.SZ,/mnt/team/research-share/huangchunyang/etfmm_oe/wangcai_log_v2/passive_own/2025-12-11.log:18396
2025-12-11,300101.SZ,/mnt/team/research-share/huangchunyang/etfmm_oe/wangcai_log_v2/passive_own/2025-12-11.log:18397
2025-12-11,300101.SZ,/mnt/team/research-share/huangchunyang/etfmm_oe/wangcai_log_v2/passive_own/2025-12-11.log:18399
2025-12-11,300101.SZ,/mnt/team/research-share/huangchunyang/etfmm_oe/wangcai_log_v2/passive_own/2025-12-11.log:18400
2025-12-11,300101.SZ,/mnt/team/research-share/huangchunyang/etfmm_oe/wangcai_log_v2/passive_own/2025-12-11.log:18402
2025-12-11,300101.SZ,/mnt/team/research-share/huangchunyang/etfmm_oe/wangcai_log_v2/passive_own/2025-12-11.log:18403
2025-12-11,300101.SZ,/mnt/team/research-share/huangchunyang/etfmm_oe/wangcai_log_v2/passive_own/2025-12-11.log:18405
2025-12-11,Unknown,/mnt/team/research-share/huangchunyang/etfmm_oe/wangcai_log_v2/passive_own/2025-12-11.log:18407
2025-12-12,300353.SZ,/mnt/team/research-share/huangchunyang/etfmm_oe/wangcai_log_v2/passive_own/2025-12-12.log:587
2025-12-12,300353.SZ,/mnt/team/research-share/huangchunyang/etfmm_oe/wangcai_log_v2/passive_own/2025-12-12.log:588
2025-12-12,300353.SZ,/mnt/team/research-share/huangchunyang/etfmm_oe/wangcai_log_v2/passive_own/2025-12-12.log:590
2025-12-12,300353.SZ,/mnt/team/research-share/huangchunyang/etfmm_oe/wangcai_log_v2/passive_own/2025-12-12.log:591
2025-12-12,300353.SZ,/mnt/team/research-share/huangchunyang/etfmm_oe/wangcai_log_v2/passive_own/2025-12-12.log:593
2025-12-12,300353.SZ,/mnt/team/research-share/huangchunyang/etfmm_oe/wangcai_log_v2/passive_own/2025-12-12.log:594
2025-12-12,300353.SZ,/mnt/team/research-share/huangchunyang/etfmm_oe/wangcai_log_v2/passive_own/2025-12-12.log:596
2025-12-12,300353.SZ,/mnt/team/research-share/huangchunyang/etfmm_oe/wangcai_log_v2/passive_own/2025-12-12.log:597
2025-12-12,300353.SZ,/mnt/team/research-share/huangchunyang/etfmm_oe/wangcai_log_v2/passive_own/2025-12-12.log:599
2025-12-12,Unknown,/mnt/team/research-share/huangchunyang/etfmm_oe/wangcai_log_v2/passive_own/2025-12-12.log:601
2025-12-12,300672.SZ,/mnt/team/research-share/huangchunyang/etfmm_oe/wangcai_log_v2/passive_own/2025-12-12.log:6292
2025-12-12,300672.SZ,/mnt/team/research-share/huangchunyang/etfmm_oe/wangcai_log_v2/passive_own/2025-12-12.log:6293
2025-12-12,300672.SZ,/mnt/team/research-share/huangchunyang/etfmm_oe/wangcai_log_v2/passive_own/2025-12-12.log:6295
2025-12-12,300672.SZ,/mnt/team/research-share/huangchunyang/etfmm_oe/wangcai_log_v2/passive_own/2025-12-12.log:6296
2025-12-12,300672.SZ,/mnt/team/research-share/huangchunyang/etfmm_oe/wangcai_log_v2/passive_own/2025-12-12.log:6298
2025-12-12,300672.SZ,/mnt/team/research-share/huangchunyang/etfmm_oe/wangcai_log_v2/passive_own/2025-12-12.log:6299
2025-12-12,300672.SZ,/mnt/team/research-share/huangchunyang/etfmm_oe/wangcai_log_v2/passive_own/2025-12-12.log:6301
2025-12-12,300672.SZ,/mnt/team/research-share/huangchunyang/etfmm_oe/wangcai_log_v2/passive_own/2025-12-12.log:6302
2025-12-12,300672.SZ,/mnt/team/research-share/huangchunyang/etfmm_oe/wangcai_log_v2/passive_own/2025-12-12.log:6304
2025-12-12,Unknown,/mnt/team/research-share/huangchunyang/etfmm_oe/wangcai_log_v2/passive_own/2025-12-12.log:6306
2025-12-15,002583.SZ,/mnt/team/research-share/huangchunyang/etfmm_oe/wangcai_log_v2/passive_own/2025-12-15.log:159
2025-12-15,002583.SZ,/mnt/team/research-share/huangchunyang/etfmm_oe/wangcai_log_v2/passive_own/2025-12-15.log:160
2025-12-15,002583.SZ,/mnt/team/research-share/huangchunyang/etfmm_oe/wangcai_log_v2/passive_own/2025-12-15.log:162
2025-12-15,002583.SZ,/mnt/team/research-share/huangchunyang/etfmm_oe/wangcai_log_v2/passive_own/2025-12-15.log:163
2025-12-15,002583.SZ,/mnt/team/research-share/huangchunyang/etfmm_oe/wangcai_log_v2/passive_own/2025-12-15.log:165
2025-12-15,002583.SZ,/mnt/team/research-share/huangchunyang/etfmm_oe/wangcai_log_v2/passive_own/2025-12-15.log:166
2025-12-15,002583.SZ,/mnt/team/research-share/huangchunyang/etfmm_oe/wangcai_log_v2/passive_own/2025-12-15.log:168
2025-12-15,300913.SZ,/mnt/team/research-share/huangchunyang/etfmm_oe/wangcai_log_v2/passive_own/2025-12-15.log:39958
2025-12-15,300913.SZ,/mnt/team/research-share/huangchunyang/etfmm_oe/wangcai_log_v2/passive_own/2025-12-15.log:39959
2025-12-15,300913.SZ,/mnt/team/research-share/huangchunyang/etfmm_oe/wangcai_log_v2/passive_own/2025-12-15.log:39961
2025-12-15,300913.SZ,/mnt/team/research-share/huangchunyang/etfmm_oe/wangcai_log_v2/passive_own/2025-12-15.log:39962
2025-12-15,300913.SZ,/mnt/team/research-share/huangchunyang/etfmm_oe/wangcai_log_v2/passive_own/2025-12-15.log:39964
2025-12-15,300913.SZ,/mnt/team/research-share/huangchunyang/etfmm_oe/wangcai_log_v2/passive_own/2025-12-15.log:39965
2025-12-15,300913.SZ,/mnt/team/research-share/huangchunyang/etfmm_oe/wangcai_log_v2/passive_own/2025-12-15.log:39967
2025-12-15,Unknown,/mnt/team/research-share/huangchunyang/etfmm_oe/wangcai_log_v2/passive_own/2025-12-15.log:43899
2025-12-15,Unknown,/mnt/team/research-share/huangchunyang/etfmm_oe/wangcai_log_v2/passive_own/2025-12-15.log:43900
2025-12-15,300394.SZ,/mnt/team/research-share/huangchunyang/etfmm_oe/wangcai_log_v2/passive_own/2025-12-15.log:44819
2025-12-15,300394.SZ,/mnt/team/research-share/huangchunyang/etfmm_oe/wangcai_log_v2/passive_own/2025-12-15.log:44820
2025-12-15,300394.SZ,/mnt/team/research-share/huangchunyang/etfmm_oe/wangcai_log_v2/passive_own/2025-12-15.log:44822
2025-12-15,300394.SZ,/mnt/team/research-share/huangchunyang/etfmm_oe/wangcai_log_v2/passive_own/2025-12-15.log:44823
2025-12-15,300394.SZ,/mnt/team/research-share/huangchunyang/etfmm_oe/wangcai_log_v2/passive_own/2025-12-15.log:44825
2025-12-15,300394.SZ,/mnt/team/research-share/huangchunyang/etfmm_oe/wangcai_log_v2/passive_own/2025-12-15.log:44826
2025-12-15,300394.SZ,/mnt/team/research-share/huangchunyang/etfmm_oe/wangcai_log_v2/passive_own/2025-12-15.log:44828
2025-12-15,Unknown,/mnt/team/research-share/huangchunyang/etfmm_oe/wangcai_log_v2/passive_own/2025-12-15.log:44830
2025-12-15,300593.SZ,/mnt/team/research-share/huangchunyang/etfmm_oe/wangcai_log_v2/passive_own/2025-12-15.log:48892
2025-12-15,300593.SZ,/mnt/team/research-share/huangchunyang/etfmm_oe/wangcai_log_v2/passive_own/2025-12-15.log:48893
2025-12-15,300593.SZ,/mnt/team/research-share/huangchunyang/etfmm_oe/wangcai_log_v2/passive_own/2025-12-15.log:48895
2025-12-15,300593.SZ,/mnt/team/research-share/huangchunyang/etfmm_oe/wangcai_log_v2/passive_own/2025-12-15.log:48896
2025-12-15,300593.SZ,/mnt/team/research-share/huangchunyang/etfmm_oe/wangcai_log_v2/passive_own/2025-12-15.log:48898
2025-12-15,300593.SZ,/mnt/team/research-share/huangchunyang/etfmm_oe/wangcai_log_v2/passive_own/2025-12-15.log:48899
2025-12-15,300593.SZ,/mnt/team/research-share/huangchunyang/etfmm_oe/wangcai_log_v2/passive_own/2025-12-15.log:48901
2025-12-15,300593.SZ,/mnt/team/research-share/huangchunyang/etfmm_oe/wangcai_log_v2/passive_own/2025-12-15.log:48902
2025-12-15,300593.SZ,/mnt/team/research-share/huangchunyang/etfmm_oe/wangcai_log_v2/passive_own/2025-12-15.log:48904
2025-12-15,Unknown,/mnt/team/research-share/huangchunyang/etfmm_oe/wangcai_log_v2/passive_own/2025-12-15.log:48906
2025-12-15,300672.SZ,/mnt/team/research-share/huangchunyang/etfmm_oe/wangcai_log_v2/passive_own/2025-12-15.log:54011
2025-12-15,300672.SZ,/mnt/team/research-share/huangchunyang/etfmm_oe/wangcai_log_v2/passive_own/2025-12-15.log:54012
2025-12-15,300672.SZ,/mnt/team/research-share/huangchunyang/etfmm_oe/wangcai_log_v2/passive_own/2025-12-15.log:54014
2025-12-15,300672.SZ,/mnt/team/research-share/huangchunyang/etfmm_oe/wangcai_log_v2/passive_own/2025-12-15.log:54015
2025-12-15,300672.SZ,/mnt/team/research-share/huangchunyang/etfmm_oe/wangcai_log_v2/passive_own/2025-12-15.log:54017
2025-12-15,300672.SZ,/mnt/team/research-share/huangchunyang/etfmm_oe/wangcai_log_v2/passive_own/2025-12-15.log:54018
2025-12-15,300672.SZ,/mnt/team/research-share/huangchunyang/etfmm_oe/wangcai_log_v2/passive_own/2025-12-15.log:54020
2025-12-15,300672.SZ,/mnt/team/research-share/huangchunyang/etfmm_oe/wangcai_log_v2/passive_own/2025-12-15.log:54021
2025-12-15,300672.SZ,/mnt/team/research-share/huangchunyang/etfmm_oe/wangcai_log_v2/passive_own/2025-12-15.log:54023
2025-12-15,Unknown,/mnt/team/research-share/huangchunyang/etfmm_oe/wangcai_log_v2/passive_own/2025-12-15.log:54025
