Predicted,Real,Correct,StockCode,Date,File
29.12,29.05,False,300001.SZ,2025-11-17,/mnt/team/research-share/huangchunyang/etfmm_oe/wangcai_log_v2/passive_mid_opponent/2025-11-17.log:11
66.72,66.71,False,300776.SZ,2025-11-17,/mnt/team/research-share/huangchunyang/etfmm_oe/wangcai_log_v2/passive_mid_opponent/2025-11-17.log:58
19.5,19.35,False,300432.SZ,2025-11-17,/mnt/team/research-share/huangchunyang/etfmm_oe/wangcai_log_v2/passive_mid_opponent/2025-11-17.log:79
44.78,44.6,False,688516.SH,2025-11-17,/mnt/team/research-share/huangchunyang/etfmm_oe/wangcai_log_v2/passive_mid_opponent/2025-11-17.log:94
12.13,12.1,False,688148.SH,2025-11-17,/mnt/team/research-share/huangchunyang/etfmm_oe/wangcai_log_v2/passive_mid_opponent/2025-11-17.log:111
8.7,8.6,False,300393.SZ,2025-11-17,/mnt/team/research-share/huangchunyang/etfmm_oe/wangcai_log_v2/passive_mid_opponent/2025-11-17.log:225
58.0,57.95,False,688116.SH,2025-11-17,/mnt/team/research-share/huangchunyang/etfmm_oe/wangcai_log_v2/passive_mid_opponent/2025-11-17.log:4574
45.7,45.34,False,300827.SZ,2025-11-17,/mnt/team/research-share/huangchunyang/etfmm_oe/wangcai_log_v2/passive_mid_opponent/2025-11-17.log:4620
27.15,27.23,False,688349.SH,2025-11-17,/mnt/team/research-share/huangchunyang/etfmm_oe/wangcai_log_v2/passive_mid_opponent/2025-11-17.log:4636
15.72,15.71,False,688560.SH,2025-11-17,/mnt/team/research-share/huangchunyang/etfmm_oe/wangcai_log_v2/passive_mid_opponent/2025-11-17.log:4653
68.5,68.41,False,688063.SH,2025-11-17,/mnt/team/research-share/huangchunyang/etfmm_oe/wangcai_log_v2/passive_mid_opponent/2025-11-17.log:4671
67.57,67.45,False,300842.SZ,2025-11-17,/mnt/team/research-share/huangchunyang/etfmm_oe/wangcai_log_v2/passive_mid_opponent/2025-11-17.log:4693
17.82,17.81,False,688567.SH,2025-11-17,/mnt/team/research-share/huangchunyang/etfmm_oe/wangcai_log_v2/passive_mid_opponent/2025-11-17.log:5689
183.0,182.54,False,300274.SZ,2025-11-17,/mnt/team/research-share/huangchunyang/etfmm_oe/wangcai_log_v2/passive_mid_opponent/2025-11-17.log:5760
57.6,57.55,False,688499.SH,2025-11-17,/mnt/team/research-share/huangchunyang/etfmm_oe/wangcai_log_v2/passive_mid_opponent/2025-11-17.log:5809
27.28,27.3,False,300443.SZ,2025-11-17,/mnt/team/research-share/huangchunyang/etfmm_oe/wangcai_log_v2/passive_mid_opponent/2025-11-17.log:5827
65.68,65.45,False,688348.SH,2025-11-17,/mnt/team/research-share/huangchunyang/etfmm_oe/wangcai_log_v2/passive_mid_opponent/2025-11-17.log:5843
139.0,138.0,False,688353.SH,2025-11-17,/mnt/team/research-share/huangchunyang/etfmm_oe/wangcai_log_v2/passive_mid_opponent/2025-11-17.log:5902
388.38,388.0,False,300750.SZ,2025-11-17,/mnt/team/research-share/huangchunyang/etfmm_oe/wangcai_log_v2/passive_mid_opponent/2025-11-17.log:5957
47.49,47.52,False,300693.SZ,2025-11-17,/mnt/team/research-share/huangchunyang/etfmm_oe/wangcai_log_v2/passive_mid_opponent/2025-11-17.log:5974
37.13,37.1,False,688388.SH,2025-11-17,/mnt/team/research-share/huangchunyang/etfmm_oe/wangcai_log_v2/passive_mid_opponent/2025-11-17.log:5989
32.61,32.8,False,301511.SZ,2025-11-17,/mnt/team/research-share/huangchunyang/etfmm_oe/wangcai_log_v2/passive_mid_opponent/2025-11-17.log:6068
30.89,30.85,False,688303.SH,2025-11-17,/mnt/team/research-share/huangchunyang/etfmm_oe/wangcai_log_v2/passive_mid_opponent/2025-11-17.log:6092
202.51,202.0,False,300757.SZ,2025-11-17,/mnt/team/research-share/huangchunyang/etfmm_oe/wangcai_log_v2/passive_mid_opponent/2025-11-17.log:6187
17.2,17.15,False,300568.SZ,2025-11-17,/mnt/team/research-share/huangchunyang/etfmm_oe/wangcai_log_v2/passive_mid_opponent/2025-11-17.log:6211
100.94,100.4,False,688275.SH,2025-11-17,/mnt/team/research-share/huangchunyang/etfmm_oe/wangcai_log_v2/passive_mid_opponent/2025-11-17.log:6241
85.7,85.53,False,300763.SZ,2025-11-17,/mnt/team/research-share/huangchunyang/etfmm_oe/wangcai_log_v2/passive_mid_opponent/2025-11-17.log:6256
29.39,29.38,False,300457.SZ,2025-11-17,/mnt/team/research-share/huangchunyang/etfmm_oe/wangcai_log_v2/passive_mid_opponent/2025-11-17.log:6279
57.48,57.4,False,300769.SZ,2025-11-17,/mnt/team/research-share/huangchunyang/etfmm_oe/wangcai_log_v2/passive_mid_opponent/2025-11-17.log:7744
23.8,23.85,False,688186.SH,2025-11-17,/mnt/team/research-share/huangchunyang/etfmm_oe/wangcai_log_v2/passive_mid_opponent/2025-11-17.log:7897
114.43,113.0,False,688392.SH,2025-11-17,/mnt/team/research-share/huangchunyang/etfmm_oe/wangcai_log_v2/passive_mid_opponent/2025-11-17.log:7913
48.69,48.68,False,300850.SZ,2025-11-17,/mnt/team/research-share/huangchunyang/etfmm_oe/wangcai_log_v2/passive_mid_opponent/2025-11-17.log:7936
17.96,17.93,False,300351.SZ,2025-11-17,/mnt/team/research-share/huangchunyang/etfmm_oe/wangcai_log_v2/passive_mid_opponent/2025-11-17.log:7974
34.77,34.78,False,300748.SZ,2025-11-17,/mnt/team/research-share/huangchunyang/etfmm_oe/wangcai_log_v2/passive_mid_opponent/2025-11-17.log:7994
62.59,62.58,False,301325.SZ,2025-11-17,/mnt/team/research-share/huangchunyang/etfmm_oe/wangcai_log_v2/passive_mid_opponent/2025-11-17.log:8009
26.95,26.8,False,300035.SZ,2025-11-17,/mnt/team/research-share/huangchunyang/etfmm_oe/wangcai_log_v2/passive_mid_opponent/2025-11-17.log:8053
46.33,46.35,False,688680.SH,2025-11-17,/mnt/team/research-share/huangchunyang/etfmm_oe/wangcai_log_v2/passive_mid_opponent/2025-11-17.log:8086
30.4,33.0,False,301155.SZ,2025-11-17,/mnt/team/research-share/huangchunyang/etfmm_oe/wangcai_log_v2/passive_mid_opponent/2025-11-17.log:8470
21.22,21.21,False,300077.SZ,2025-11-17,/mnt/team/research-share/huangchunyang/etfmm_oe/wangcai_log_v2/passive_mid_opponent/2025-11-17.log:8507
62.1,62.16,False,301327.SZ,2025-11-17,/mnt/team/research-share/huangchunyang/etfmm_oe/wangcai_log_v2/passive_mid_opponent/2025-11-17.log:8521
16.82,16.76,False,688707.SH,2025-11-17,/mnt/team/research-share/huangchunyang/etfmm_oe/wangcai_log_v2/passive_mid_opponent/2025-11-17.log:8556
38.76,38.73,False,301266.SZ,2025-11-17,/mnt/team/research-share/huangchunyang/etfmm_oe/wangcai_log_v2/passive_mid_opponent/2025-11-17.log:8611
62.29,62.3,False,300037.SZ,2025-11-17,/mnt/team/research-share/huangchunyang/etfmm_oe/wangcai_log_v2/passive_mid_opponent/2025-11-17.log:8637
65.93,65.92,False,688717.SH,2025-11-17,/mnt/team/research-share/huangchunyang/etfmm_oe/wangcai_log_v2/passive_mid_opponent/2025-11-17.log:8653
70.0,70.01,False,688717.SH,2025-11-17,/mnt/team/research-share/huangchunyang/etfmm_oe/wangcai_log_v2/passive_mid_opponent/2025-11-17.log:8668
5.7,5.65,False,688660.SH,2025-11-17,/mnt/team/research-share/huangchunyang/etfmm_oe/wangcai_log_v2/passive_mid_opponent/2025-11-17.log:10103
17.67,17.5,False,688660.SH,2025-11-17,/mnt/team/research-share/huangchunyang/etfmm_oe/wangcai_log_v2/passive_mid_opponent/2025-11-17.log:10169
31.74,31.7,False,688006.SH,2025-11-17,/mnt/team/research-share/huangchunyang/etfmm_oe/wangcai_log_v2/passive_mid_opponent/2025-11-17.log:10209
15.38,15.37,False,300224.SZ,2025-11-17,/mnt/team/research-share/huangchunyang/etfmm_oe/wangcai_log_v2/passive_mid_opponent/2025-11-17.log:10225
9.03,9.01,False,688779.SH,2025-11-17,/mnt/team/research-share/huangchunyang/etfmm_oe/wangcai_log_v2/passive_mid_opponent/2025-11-17.log:10340
16.18,16.1,False,688022.SH,2025-11-17,/mnt/team/research-share/huangchunyang/etfmm_oe/wangcai_log_v2/passive_mid_opponent/2025-11-17.log:10355
82.72,82.88,False,300014.SZ,2025-11-17,/mnt/team/research-share/huangchunyang/etfmm_oe/wangcai_log_v2/passive_mid_opponent/2025-11-17.log:10404
0.0,84.26,False,300953.SZ,2025-11-17,/mnt/team/research-share/huangchunyang/etfmm_oe/wangcai_log_v2/passive_mid_opponent/2025-11-17.log:10435
47.09,47.2,False,600111.SH,2025-11-18,/mnt/team/research-share/huangchunyang/etfmm_oe/wangcai_log_v2/passive_mid_opponent/2025-11-18.log:23
27.92,27.99,False,688573.SH,2025-11-18,/mnt/team/research-share/huangchunyang/etfmm_oe/wangcai_log_v2/passive_mid_opponent/2025-11-18.log:1321
105.95,105.84,False,688392.SH,2025-11-18,/mnt/team/research-share/huangchunyang/etfmm_oe/wangcai_log_v2/passive_mid_opponent/2025-11-18.log:6702
37.08,38.0,False,688005.SH,2025-11-18,/mnt/team/research-share/huangchunyang/etfmm_oe/wangcai_log_v2/passive_mid_opponent/2025-11-18.log:7167
21.23,21.25,False,688599.SH,2025-11-18,/mnt/team/research-share/huangchunyang/etfmm_oe/wangcai_log_v2/passive_mid_opponent/2025-11-18.log:8790
25.88,26.01,False,688518.SH,2025-11-18,/mnt/team/research-share/huangchunyang/etfmm_oe/wangcai_log_v2/passive_mid_opponent/2025-11-18.log:10350
32.01,32.0,False,688006.SH,2025-11-18,/mnt/team/research-share/huangchunyang/etfmm_oe/wangcai_log_v2/passive_mid_opponent/2025-11-18.log:10441
101.98,100.76,False,688275.SH,2025-11-18,/mnt/team/research-share/huangchunyang/etfmm_oe/wangcai_log_v2/passive_mid_opponent/2025-11-18.log:10607
54.2,54.0,False,688559.SH,2025-11-18,/mnt/team/research-share/huangchunyang/etfmm_oe/wangcai_log_v2/passive_mid_opponent/2025-11-18.log:12679
58.37,58.35,False,688499.SH,2025-11-18,/mnt/team/research-share/huangchunyang/etfmm_oe/wangcai_log_v2/passive_mid_opponent/2025-11-18.log:12757
16.16,16.1,False,603659.SH,2025-11-18,/mnt/team/research-share/huangchunyang/etfmm_oe/wangcai_log_v2/passive_mid_opponent/2025-11-18.log:12822
19.39,19.2,False,688472.SH,2025-11-18,/mnt/team/research-share/huangchunyang/etfmm_oe/wangcai_log_v2/passive_mid_opponent/2025-11-18.log:13096
69.57,69.54,False,688122.SH,2025-11-18,/mnt/team/research-share/huangchunyang/etfmm_oe/wangcai_log_v2/passive_mid_opponent/2025-11-18.log:15667
33.71,33.36,False,688733.SH,2025-11-18,/mnt/team/research-share/huangchunyang/etfmm_oe/wangcai_log_v2/passive_mid_opponent/2025-11-18.log:15971
80.74,80.7,False,688778.SH,2025-11-18,/mnt/team/research-share/huangchunyang/etfmm_oe/wangcai_log_v2/passive_mid_opponent/2025-11-18.log:16236
62.92,62.88,False,688155.SH,2025-11-18,/mnt/team/research-share/huangchunyang/etfmm_oe/wangcai_log_v2/passive_mid_opponent/2025-11-18.log:16310
35.21,35.18,False,688339.SH,2025-11-18,/mnt/team/research-share/huangchunyang/etfmm_oe/wangcai_log_v2/passive_mid_opponent/2025-11-18.log:35502
6.38,6.39,False,688223.SH,2025-11-18,/mnt/team/research-share/huangchunyang/etfmm_oe/wangcai_log_v2/passive_mid_opponent/2025-11-18.log:35543
65.7,65.69,False,688348.SH,2025-11-18,/mnt/team/research-share/huangchunyang/etfmm_oe/wangcai_log_v2/passive_mid_opponent/2025-11-18.log:36184
45.54,45.9,False,688680.SH,2025-11-18,/mnt/team/research-share/huangchunyang/etfmm_oe/wangcai_log_v2/passive_mid_opponent/2025-11-18.log:49925
59.48,59.47,False,688147.SH,2025-11-18,/mnt/team/research-share/huangchunyang/etfmm_oe/wangcai_log_v2/passive_mid_opponent/2025-11-18.log:50005
9.04,9.03,False,688303.SH,2025-11-18,/mnt/team/research-share/huangchunyang/etfmm_oe/wangcai_log_v2/passive_mid_opponent/2025-11-18.log:50287
18.35,18.18,False,688707.SH,2025-11-18,/mnt/team/research-share/huangchunyang/etfmm_oe/wangcai_log_v2/passive_mid_opponent/2025-11-18.log:50789
131.5,130.0,False,688353.SH,2025-11-18,/mnt/team/research-share/huangchunyang/etfmm_oe/wangcai_log_v2/passive_mid_opponent/2025-11-18.log:51259
26.14,26.15,False,688573.SH,2025-11-19,/mnt/team/research-share/huangchunyang/etfmm_oe/wangcai_log_v2/passive_mid_opponent/2025-11-19.log:15
6.1,6.11,False,688598.SH,2025-11-19,/mnt/team/research-share/huangchunyang/etfmm_oe/wangcai_log_v2/passive_mid_opponent/2025-11-19.log:45
33.99,33.9,False,688005.SH,2025-11-19,/mnt/team/research-share/huangchunyang/etfmm_oe/wangcai_log_v2/passive_mid_opponent/2025-11-19.log:568
17.0,16.99,False,688429.SH,2025-11-19,/mnt/team/research-share/huangchunyang/etfmm_oe/wangcai_log_v2/passive_mid_opponent/2025-11-19.log:3845
18.17,18.11,False,688567.SH,2025-11-19,/mnt/team/research-share/huangchunyang/etfmm_oe/wangcai_log_v2/passive_mid_opponent/2025-11-19.log:3871
55.06,55.24,False,688503.SH,2025-11-19,/mnt/team/research-share/huangchunyang/etfmm_oe/wangcai_log_v2/passive_mid_opponent/2025-11-19.log:4050
30.53,30.5,False,688006.SH,2025-11-19,/mnt/team/research-share/huangchunyang/etfmm_oe/wangcai_log_v2/passive_mid_opponent/2025-11-19.log:4082
90.3,90.98,False,688275.SH,2025-11-19,/mnt/team/research-share/huangchunyang/etfmm_oe/wangcai_log_v2/passive_mid_opponent/2025-11-19.log:4260
54.39,55.14,False,688559.SH,2025-11-19,/mnt/team/research-share/huangchunyang/etfmm_oe/wangcai_log_v2/passive_mid_opponent/2025-11-19.log:4376
18.48,18.42,False,688472.SH,2025-11-19,/mnt/team/research-share/huangchunyang/etfmm_oe/wangcai_log_v2/passive_mid_opponent/2025-11-19.log:4532
33.0,33.11,False,688612.SH,2025-11-19,/mnt/team/research-share/huangchunyang/etfmm_oe/wangcai_log_v2/passive_mid_opponent/2025-11-19.log:7752
41.58,41.6,False,688516.SH,2025-11-19,/mnt/team/research-share/huangchunyang/etfmm_oe/wangcai_log_v2/passive_mid_opponent/2025-11-19.log:7777
83.38,83.41,False,688778.SH,2025-11-19,/mnt/team/research-share/huangchunyang/etfmm_oe/wangcai_log_v2/passive_mid_opponent/2025-11-19.log:7895
63.7,63.1,False,688155.SH,2025-11-19,/mnt/team/research-share/huangchunyang/etfmm_oe/wangcai_log_v2/passive_mid_opponent/2025-11-19.log:8126
44.81,44.9,False,688726.SH,2025-11-19,/mnt/team/research-share/huangchunyang/etfmm_oe/wangcai_log_v2/passive_mid_opponent/2025-11-19.log:8169
32.42,32.41,False,688223.SH,2025-11-19,/mnt/team/research-share/huangchunyang/etfmm_oe/wangcai_log_v2/passive_mid_opponent/2025-11-19.log:8233
63.02,62.05,False,688348.SH,2025-11-19,/mnt/team/research-share/huangchunyang/etfmm_oe/wangcai_log_v2/passive_mid_opponent/2025-11-19.log:8558
11.45,11.49,False,600563.SH,2025-11-19,/mnt/team/research-share/huangchunyang/etfmm_oe/wangcai_log_v2/passive_mid_opponent/2025-11-19.log:8720
37.52,37.5,False,688388.SH,2025-11-19,/mnt/team/research-share/huangchunyang/etfmm_oe/wangcai_log_v2/passive_mid_opponent/2025-11-19.log:8916
8.36,8.38,False,688779.SH,2025-11-19,/mnt/team/research-share/huangchunyang/etfmm_oe/wangcai_log_v2/passive_mid_opponent/2025-11-19.log:9112
16.89,16.8,False,688707.SH,2025-11-19,/mnt/team/research-share/huangchunyang/etfmm_oe/wangcai_log_v2/passive_mid_opponent/2025-11-19.log:11114
24.92,25.01,False,688573.SH,2025-11-20,/mnt/team/research-share/huangchunyang/etfmm_oe/wangcai_log_v2/passive_mid_opponent/2025-11-20.log:48744
102.5,101.99,False,688392.SH,2025-11-20,/mnt/team/research-share/huangchunyang/etfmm_oe/wangcai_log_v2/passive_mid_opponent/2025-11-20.log:50097
54.43,54.39,False,688116.SH,2025-11-20,/mnt/team/research-share/huangchunyang/etfmm_oe/wangcai_log_v2/passive_mid_opponent/2025-11-20.log:50122
36.02,35.8,False,688005.SH,2025-11-20,/mnt/team/research-share/huangchunyang/etfmm_oe/wangcai_log_v2/passive_mid_opponent/2025-11-20.log:50313
59.33,59.2,False,688390.SH,2025-11-20,/mnt/team/research-share/huangchunyang/etfmm_oe/wangcai_log_v2/passive_mid_opponent/2025-11-20.log:50626
17.55,17.52,False,603399.SH,2025-11-20,/mnt/team/research-share/huangchunyang/etfmm_oe/wangcai_log_v2/passive_mid_opponent/2025-11-20.log:50980
54.84,54.5,False,688503.SH,2025-11-20,/mnt/team/research-share/huangchunyang/etfmm_oe/wangcai_log_v2/passive_mid_opponent/2025-11-20.log:51163
55.99,55.87,False,688499.SH,2025-11-20,/mnt/team/research-share/huangchunyang/etfmm_oe/wangcai_log_v2/passive_mid_opponent/2025-11-20.log:68510
15.42,15.41,False,688560.SH,2025-11-20,/mnt/team/research-share/huangchunyang/etfmm_oe/wangcai_log_v2/passive_mid_opponent/2025-11-20.log:68580
16.01,16.0,False,688660.SH,2025-11-20,/mnt/team/research-share/huangchunyang/etfmm_oe/wangcai_log_v2/passive_mid_opponent/2025-11-20.log:70433
68.8,68.9,False,688122.SH,2025-11-20,/mnt/team/research-share/huangchunyang/etfmm_oe/wangcai_log_v2/passive_mid_opponent/2025-11-20.log:70524
41.2,41.13,False,688516.SH,2025-11-20,/mnt/team/research-share/huangchunyang/etfmm_oe/wangcai_log_v2/passive_mid_opponent/2025-11-20.log:70657
29.52,29.5,False,688733.SH,2025-11-20,/mnt/team/research-share/huangchunyang/etfmm_oe/wangcai_log_v2/passive_mid_opponent/2025-11-20.log:70690
79.65,78.98,False,688778.SH,2025-11-20,/mnt/team/research-share/huangchunyang/etfmm_oe/wangcai_log_v2/passive_mid_opponent/2025-11-20.log:70752
62.46,62.1,False,688155.SH,2025-11-20,/mnt/team/research-share/huangchunyang/etfmm_oe/wangcai_log_v2/passive_mid_opponent/2025-11-20.log:70955
11.11,11.09,False,688148.SH,2025-11-20,/mnt/team/research-share/huangchunyang/etfmm_oe/wangcai_log_v2/passive_mid_opponent/2025-11-20.log:72771
37.22,37.5,False,688388.SH,2025-11-20,/mnt/team/research-share/huangchunyang/etfmm_oe/wangcai_log_v2/passive_mid_opponent/2025-11-20.log:72968
61.27,61.3,False,688147.SH,2025-11-20,/mnt/team/research-share/huangchunyang/etfmm_oe/wangcai_log_v2/passive_mid_opponent/2025-11-20.log:73017
29.91,29.87,False,688303.SH,2025-11-20,/mnt/team/research-share/huangchunyang/etfmm_oe/wangcai_log_v2/passive_mid_opponent/2025-11-20.log:73288
22.59,22.5,False,688186.SH,2025-11-20,/mnt/team/research-share/huangchunyang/etfmm_oe/wangcai_log_v2/passive_mid_opponent/2025-11-20.log:73454
115.0,114.77,False,688353.SH,2025-11-20,/mnt/team/research-share/huangchunyang/etfmm_oe/wangcai_log_v2/passive_mid_opponent/2025-11-20.log:73560
15.27,15.28,False,601155.SH,2025-11-24,/mnt/team/research-share/huangchunyang/etfmm_oe/wangcai_log_v2/passive_mid_opponent/2025-11-24.log:30239
0.0,113.24,False,300339.SZ,2025-11-25,/mnt/team/research-share/huangchunyang/etfmm_oe/wangcai_log_v2/passive_mid_opponent/2025-11-25.log:107
476.0,477.01,False,300308.SZ,2025-11-25,/mnt/team/research-share/huangchunyang/etfmm_oe/wangcai_log_v2/passive_mid_opponent/2025-11-25.log:4235
51.2,51.01,False,300598.SZ,2025-11-25,/mnt/team/research-share/huangchunyang/etfmm_oe/wangcai_log_v2/passive_mid_opponent/2025-11-25.log:4351
10.99,10.95,False,600487.SH,2025-11-25,/mnt/team/research-share/huangchunyang/etfmm_oe/wangcai_log_v2/passive_mid_opponent/2025-11-25.log:4433
0.0,115.96,False,600487.SH,2025-11-25,/mnt/team/research-share/huangchunyang/etfmm_oe/wangcai_log_v2/passive_mid_opponent/2025-11-25.log:4455
125.44,125.11,False,300620.SZ,2025-11-25,/mnt/team/research-share/huangchunyang/etfmm_oe/wangcai_log_v2/passive_mid_opponent/2025-11-25.log:9865
0.0,13.94,False,600996.SH,2025-11-25,/mnt/team/research-share/huangchunyang/etfmm_oe/wangcai_log_v2/passive_mid_opponent/2025-11-25.log:9948
0.0,47.61,False,600996.SH,2025-11-25,/mnt/team/research-share/huangchunyang/etfmm_oe/wangcai_log_v2/passive_mid_opponent/2025-11-25.log:14112
41.35,41.3,False,300458.SZ,2025-11-25,/mnt/team/research-share/huangchunyang/etfmm_oe/wangcai_log_v2/passive_mid_opponent/2025-11-25.log:19066
43.55,43.5,False,300418.SZ,2025-11-25,/mnt/team/research-share/huangchunyang/etfmm_oe/wangcai_log_v2/passive_mid_opponent/2025-11-25.log:19123
11.59,11.58,False,601098.SH,2025-11-25,/mnt/team/research-share/huangchunyang/etfmm_oe/wangcai_log_v2/passive_mid_opponent/2025-11-25.log:19176
43.0,42.14,False,301171.SZ,2025-11-25,/mnt/team/research-share/huangchunyang/etfmm_oe/wangcai_log_v2/passive_mid_opponent/2025-11-25.log:19311
0.0,71.51,False,300394.SZ,2025-11-25,/mnt/team/research-share/huangchunyang/etfmm_oe/wangcai_log_v2/passive_mid_opponent/2025-11-25.log:19336
146.8,146.66,False,300394.SZ,2025-11-25,/mnt/team/research-share/huangchunyang/etfmm_oe/wangcai_log_v2/passive_mid_opponent/2025-11-25.log:24123
28.46,28.4,False,300364.SZ,2025-11-25,/mnt/team/research-share/huangchunyang/etfmm_oe/wangcai_log_v2/passive_mid_opponent/2025-11-25.log:24265
302.0,303.0,False,300502.SZ,2025-11-25,/mnt/team/research-share/huangchunyang/etfmm_oe/wangcai_log_v2/passive_mid_opponent/2025-11-25.log:24345
321.02,321.0,False,300033.SZ,2025-11-25,/mnt/team/research-share/huangchunyang/etfmm_oe/wangcai_log_v2/passive_mid_opponent/2025-11-25.log:25629
48.0,47.95,False,301486.SZ,2025-11-25,/mnt/team/research-share/huangchunyang/etfmm_oe/wangcai_log_v2/passive_mid_opponent/2025-11-25.log:25684
75.74,75.73,False,301486.SZ,2025-11-25,/mnt/team/research-share/huangchunyang/etfmm_oe/wangcai_log_v2/passive_mid_opponent/2025-11-25.log:25697
45.68,45.35,False,300895.SZ,2025-11-25,/mnt/team/research-share/huangchunyang/etfmm_oe/wangcai_log_v2/passive_mid_opponent/2025-11-25.log:25715
79.99,79.9,False,300624.SZ,2025-11-25,/mnt/team/research-share/huangchunyang/etfmm_oe/wangcai_log_v2/passive_mid_opponent/2025-11-25.log:25760
6.11,6.1,False,300081.SZ,2025-11-25,/mnt/team/research-share/huangchunyang/etfmm_oe/wangcai_log_v2/passive_mid_opponent/2025-11-25.log:25886
54.68,55.2,False,301536.SZ,2025-11-25,/mnt/team/research-share/huangchunyang/etfmm_oe/wangcai_log_v2/passive_mid_opponent/2025-11-25.log:25948
10.86,10.82,False,300058.SZ,2025-11-25,/mnt/team/research-share/huangchunyang/etfmm_oe/wangcai_log_v2/passive_mid_opponent/2025-11-25.log:26298
64.45,64.46,False,688036.SH,2025-11-25,/mnt/team/research-share/huangchunyang/etfmm_oe/wangcai_log_v2/passive_mid_opponent/2025-11-25.log:26314
137.0,137.88,False,300857.SZ,2025-11-25,/mnt/team/research-share/huangchunyang/etfmm_oe/wangcai_log_v2/passive_mid_opponent/2025-11-25.log:26335
23.5,23.56,False,688182.SH,2025-11-25,/mnt/team/research-share/huangchunyang/etfmm_oe/wangcai_log_v2/passive_mid_opponent/2025-11-25.log:26352
11.27,11.22,False,300166.SZ,2025-11-25,/mnt/team/research-share/huangchunyang/etfmm_oe/wangcai_log_v2/passive_mid_opponent/2025-11-25.log:26370
6.74,6.73,False,688387.SH,2025-11-25,/mnt/team/research-share/huangchunyang/etfmm_oe/wangcai_log_v2/passive_mid_opponent/2025-11-25.log:27891
69.99,69.96,False,301165.SZ,2025-11-25,/mnt/team/research-share/huangchunyang/etfmm_oe/wangcai_log_v2/passive_mid_opponent/2025-11-25.log:27925
34.0,33.99,False,300628.SZ,2025-11-25,/mnt/team/research-share/huangchunyang/etfmm_oe/wangcai_log_v2/passive_mid_opponent/2025-11-25.log:27947
0.0,18.04,False,603444.SH,2025-11-25,/mnt/team/research-share/huangchunyang/etfmm_oe/wangcai_log_v2/passive_mid_opponent/2025-11-25.log:28093
19.85,19.7,False,301205.SZ,2025-11-25,/mnt/team/research-share/huangchunyang/etfmm_oe/wangcai_log_v2/passive_mid_opponent/2025-11-25.log:32315
115.0,115.2,False,301205.SZ,2025-11-25,/mnt/team/research-share/huangchunyang/etfmm_oe/wangcai_log_v2/passive_mid_opponent/2025-11-25.log:32351
14.82,14.81,False,300252.SZ,2025-11-26,/mnt/team/research-share/huangchunyang/etfmm_oe/wangcai_log_v2/passive_mid_opponent/2025-11-26.log:21
12.74,12.73,False,300252.SZ,2025-11-26,/mnt/team/research-share/huangchunyang/etfmm_oe/wangcai_log_v2/passive_mid_opponent/2025-11-26.log:36
48.8,48.86,False,301236.SZ,2025-11-26,/mnt/team/research-share/huangchunyang/etfmm_oe/wangcai_log_v2/passive_mid_opponent/2025-11-26.log:69
119.0,118.26,False,300548.SZ,2025-11-26,/mnt/team/research-share/huangchunyang/etfmm_oe/wangcai_log_v2/passive_mid_opponent/2025-11-26.log:120
21.0,20.98,False,300229.SZ,2025-11-26,/mnt/team/research-share/huangchunyang/etfmm_oe/wangcai_log_v2/passive_mid_opponent/2025-11-26.log:144
5.53,5.54,False,300223.SZ,2025-11-26,/mnt/team/research-share/huangchunyang/etfmm_oe/wangcai_log_v2/passive_mid_opponent/2025-11-26.log:453
19.73,19.75,False,300212.SZ,2025-11-26,/mnt/team/research-share/huangchunyang/etfmm_oe/wangcai_log_v2/passive_mid_opponent/2025-11-26.log:487
50.8,50.78,False,300598.SZ,2025-11-26,/mnt/team/research-share/huangchunyang/etfmm_oe/wangcai_log_v2/passive_mid_opponent/2025-11-26.log:537
15.01,15.0,False,300188.SZ,2025-11-26,/mnt/team/research-share/huangchunyang/etfmm_oe/wangcai_log_v2/passive_mid_opponent/2025-11-26.log:565
18.45,18.37,False,300170.SZ,2025-11-26,/mnt/team/research-share/huangchunyang/etfmm_oe/wangcai_log_v2/passive_mid_opponent/2025-11-26.log:605
76.91,76.94,False,301486.SZ,2025-11-26,/mnt/team/research-share/huangchunyang/etfmm_oe/wangcai_log_v2/passive_mid_opponent/2025-11-26.log:639
63.7,63.68,False,300496.SZ,2025-11-26,/mnt/team/research-share/huangchunyang/etfmm_oe/wangcai_log_v2/passive_mid_opponent/2025-11-26.log:703
45.0,44.68,False,301171.SZ,2025-11-26,/mnt/team/research-share/huangchunyang/etfmm_oe/wangcai_log_v2/passive_mid_opponent/2025-11-26.log:822
0.0,47.48,False,300394.SZ,2025-11-26,/mnt/team/research-share/huangchunyang/etfmm_oe/wangcai_log_v2/passive_mid_opponent/2025-11-26.log:841
145.0,144.87,False,300394.SZ,2025-11-26,/mnt/team/research-share/huangchunyang/etfmm_oe/wangcai_log_v2/passive_mid_opponent/2025-11-26.log:6272
475.23,475.2,False,300308.SZ,2025-11-26,/mnt/team/research-share/huangchunyang/etfmm_oe/wangcai_log_v2/passive_mid_opponent/2025-11-26.log:6348
28.7,28.5,False,300364.SZ,2025-11-26,/mnt/team/research-share/huangchunyang/etfmm_oe/wangcai_log_v2/passive_mid_opponent/2025-11-26.log:6380
72.9,72.88,False,300474.SZ,2025-11-26,/mnt/team/research-share/huangchunyang/etfmm_oe/wangcai_log_v2/passive_mid_opponent/2025-11-26.log:6422
117.3,116.61,False,301205.SZ,2025-11-26,/mnt/team/research-share/huangchunyang/etfmm_oe/wangcai_log_v2/passive_mid_opponent/2025-11-26.log:6456
143.51,141.18,False,300620.SZ,2025-11-26,/mnt/team/research-share/huangchunyang/etfmm_oe/wangcai_log_v2/passive_mid_opponent/2025-11-26.log:6630
45.53,45.52,False,300418.SZ,2025-11-26,/mnt/team/research-share/huangchunyang/etfmm_oe/wangcai_log_v2/passive_mid_opponent/2025-11-26.log:6686
0.0,46.15,False,300058.SZ,2025-11-26,/mnt/team/research-share/huangchunyang/etfmm_oe/wangcai_log_v2/passive_mid_opponent/2025-11-26.log:6704
14.71,14.72,False,300053.SZ,2025-11-26,/mnt/team/research-share/huangchunyang/etfmm_oe/wangcai_log_v2/passive_mid_opponent/2025-11-26.log:11185
55.05,55.17,False,301536.SZ,2025-11-26,/mnt/team/research-share/huangchunyang/etfmm_oe/wangcai_log_v2/passive_mid_opponent/2025-11-26.log:11207
33.83,33.88,False,300033.SZ,2025-11-26,/mnt/team/research-share/huangchunyang/etfmm_oe/wangcai_log_v2/passive_mid_opponent/2025-11-26.log:11245
21.25,21.24,False,300846.SZ,2025-11-26,/mnt/team/research-share/huangchunyang/etfmm_oe/wangcai_log_v2/passive_mid_opponent/2025-11-26.log:11299
79.94,78.5,False,300624.SZ,2025-11-26,/mnt/team/research-share/huangchunyang/etfmm_oe/wangcai_log_v2/passive_mid_opponent/2025-11-26.log:11326
6.02,5.98,False,300081.SZ,2025-11-26,/mnt/team/research-share/huangchunyang/etfmm_oe/wangcai_log_v2/passive_mid_opponent/2025-11-26.log:11343
41.69,41.66,False,300458.SZ,2025-11-27,/mnt/team/research-share/huangchunyang/etfmm_oe/wangcai_log_v2/passive_mid_opponent/2025-11-27.log:21
73.49,73.31,False,300474.SZ,2025-11-27,/mnt/team/research-share/huangchunyang/etfmm_oe/wangcai_log_v2/passive_mid_opponent/2025-11-27.log:35
21.57,21.56,False,300496.SZ,2025-11-27,/mnt/team/research-share/huangchunyang/etfmm_oe/wangcai_log_v2/passive_mid_opponent/2025-11-27.log:60
63.92,63.9,False,300496.SZ,2025-11-27,/mnt/team/research-share/huangchunyang/etfmm_oe/wangcai_log_v2/passive_mid_opponent/2025-11-27.log:74
320.29,320.34,False,300033.SZ,2025-11-27,/mnt/team/research-share/huangchunyang/etfmm_oe/wangcai_log_v2/passive_mid_opponent/2025-11-27.log:90
64.74,64.7,False,688036.SH,2025-11-27,/mnt/team/research-share/huangchunyang/etfmm_oe/wangcai_log_v2/passive_mid_opponent/2025-11-27.log:114
120.55,120.0,False,300548.SZ,2025-11-27,/mnt/team/research-share/huangchunyang/etfmm_oe/wangcai_log_v2/passive_mid_opponent/2025-11-27.log:36932
14.4,14.38,False,300053.SZ,2025-11-27,/mnt/team/research-share/huangchunyang/etfmm_oe/wangcai_log_v2/passive_mid_opponent/2025-11-27.log:36949
11.63,11.62,False,300570.SZ,2025-11-27,/mnt/team/research-share/huangchunyang/etfmm_oe/wangcai_log_v2/passive_mid_opponent/2025-11-27.log:36964
20.76,20.75,False,300229.SZ,2025-11-27,/mnt/team/research-share/huangchunyang/etfmm_oe/wangcai_log_v2/passive_mid_opponent/2025-11-27.log:37025
148.6,147.16,False,300620.SZ,2025-11-27,/mnt/team/research-share/huangchunyang/etfmm_oe/wangcai_log_v2/passive_mid_opponent/2025-11-27.log:37410
35.01,35.0,False,688100.SH,2025-11-27,/mnt/team/research-share/huangchunyang/etfmm_oe/wangcai_log_v2/passive_mid_opponent/2025-11-27.log:37436
78.51,78.24,False,300624.SZ,2025-11-27,/mnt/team/research-share/huangchunyang/etfmm_oe/wangcai_log_v2/passive_mid_opponent/2025-11-27.log:38534
0.0,35.64,False,603083.SH,2025-11-27,/mnt/team/research-share/huangchunyang/etfmm_oe/wangcai_log_v2/passive_mid_opponent/2025-11-27.log:38566
0.0,11.85,False,603083.SH,2025-11-27,/mnt/team/research-share/huangchunyang/etfmm_oe/wangcai_log_v2/passive_mid_opponent/2025-11-27.log:41701
0.0,23.48,False,603083.SH,2025-11-27,/mnt/team/research-share/huangchunyang/etfmm_oe/wangcai_log_v2/passive_mid_opponent/2025-11-27.log:46672
12.47,12.49,False,300252.SZ,2025-11-27,/mnt/team/research-share/huangchunyang/etfmm_oe/wangcai_log_v2/passive_mid_opponent/2025-11-27.log:50702
5.37,5.34,False,300287.SZ,2025-11-27,/mnt/team/research-share/huangchunyang/etfmm_oe/wangcai_log_v2/passive_mid_opponent/2025-11-27.log:50754
19.36,19.28,False,300212.SZ,2025-11-27,/mnt/team/research-share/huangchunyang/etfmm_oe/wangcai_log_v2/passive_mid_opponent/2025-11-27.log:50783
537.04,537.0,False,300308.SZ,2025-11-27,/mnt/team/research-share/huangchunyang/etfmm_oe/wangcai_log_v2/passive_mid_opponent/2025-11-27.log:51803
13.76,13.78,False,300348.SZ,2025-11-27,/mnt/team/research-share/huangchunyang/etfmm_oe/wangcai_log_v2/passive_mid_opponent/2025-11-27.log:51861
20.32,20.31,False,300353.SZ,2025-11-27,/mnt/team/research-share/huangchunyang/etfmm_oe/wangcai_log_v2/passive_mid_opponent/2025-11-27.log:51878
0.0,18.35,False,603236.SH,2025-11-27,/mnt/team/research-share/huangchunyang/etfmm_oe/wangcai_log_v2/passive_mid_opponent/2025-11-27.log:51965
12.96,12.97,False,300394.SZ,2025-11-27,/mnt/team/research-share/huangchunyang/etfmm_oe/wangcai_log_v2/passive_mid_opponent/2025-11-27.log:56194
155.03,155.02,False,300394.SZ,2025-11-27,/mnt/team/research-share/huangchunyang/etfmm_oe/wangcai_log_v2/passive_mid_opponent/2025-11-27.log:56220
7.8,7.78,False,603712.SH,2025-11-27,/mnt/team/research-share/huangchunyang/etfmm_oe/wangcai_log_v2/passive_mid_opponent/2025-11-27.log:56238
25.98,25.9,False,300058.SZ,2025-11-27,/mnt/team/research-share/huangchunyang/etfmm_oe/wangcai_log_v2/passive_mid_opponent/2025-11-27.log:56266
44.78,44.6,False,300058.SZ,2025-11-27,/mnt/team/research-share/huangchunyang/etfmm_oe/wangcai_log_v2/passive_mid_opponent/2025-11-27.log:56302
5.91,5.9,False,300058.SZ,2025-11-27,/mnt/team/research-share/huangchunyang/etfmm_oe/wangcai_log_v2/passive_mid_opponent/2025-11-27.log:56317
0.0,48.34,False,300058.SZ,2025-11-27,/mnt/team/research-share/huangchunyang/etfmm_oe/wangcai_log_v2/passive_mid_opponent/2025-11-27.log:56340
10.92,10.79,False,300058.SZ,2025-11-27,/mnt/team/research-share/huangchunyang/etfmm_oe/wangcai_log_v2/passive_mid_opponent/2025-11-27.log:61704
28.5,28.12,False,300364.SZ,2025-11-27,/mnt/team/research-share/huangchunyang/etfmm_oe/wangcai_log_v2/passive_mid_opponent/2025-11-27.log:61723
33.7,33.65,False,300628.SZ,2025-11-27,/mnt/team/research-share/huangchunyang/etfmm_oe/wangcai_log_v2/passive_mid_opponent/2025-11-27.log:61741
50.78,50.8,False,300598.SZ,2025-11-27,/mnt/team/research-share/huangchunyang/etfmm_oe/wangcai_log_v2/passive_mid_opponent/2025-11-27.log:61755
48.09,48.04,False,301236.SZ,2025-11-27,/mnt/team/research-share/huangchunyang/etfmm_oe/wangcai_log_v2/passive_mid_opponent/2025-11-27.log:61903
48.68,48.65,False,300913.SZ,2025-11-27,/mnt/team/research-share/huangchunyang/etfmm_oe/wangcai_log_v2/passive_mid_opponent/2025-11-27.log:61963
44.03,43.99,False,301171.SZ,2025-11-27,/mnt/team/research-share/huangchunyang/etfmm_oe/wangcai_log_v2/passive_mid_opponent/2025-11-27.log:62022
73.27,73.26,False,301165.SZ,2025-11-27,/mnt/team/research-share/huangchunyang/etfmm_oe/wangcai_log_v2/passive_mid_opponent/2025-11-27.log:62070
79.72,78.82,False,301486.SZ,2025-11-27,/mnt/team/research-share/huangchunyang/etfmm_oe/wangcai_log_v2/passive_mid_opponent/2025-11-27.log:62089
121.47,120.14,False,301205.SZ,2025-11-27,/mnt/team/research-share/huangchunyang/etfmm_oe/wangcai_log_v2/passive_mid_opponent/2025-11-27.log:63360
0.0,24.58,False,301339.SZ,2025-11-27,/mnt/team/research-share/huangchunyang/etfmm_oe/wangcai_log_v2/passive_mid_opponent/2025-11-27.log:75866
19.62,19.6,False,300738.SZ,2025-11-27,/mnt/team/research-share/huangchunyang/etfmm_oe/wangcai_log_v2/passive_mid_opponent/2025-11-27.log:80909
43.99,43.98,False,300458.SZ,2025-12-02,/mnt/team/research-share/huangchunyang/etfmm_oe/wangcai_log_v2/passive_mid_opponent/2025-12-02.log:20
73.65,73.66,False,300474.SZ,2025-12-02,/mnt/team/research-share/huangchunyang/etfmm_oe/wangcai_log_v2/passive_mid_opponent/2025-12-02.log:38
0.0,23.1,False,300496.SZ,2025-12-02,/mnt/team/research-share/huangchunyang/etfmm_oe/wangcai_log_v2/passive_mid_opponent/2025-12-02.log:73
69.0,68.92,False,300496.SZ,2025-12-02,/mnt/team/research-share/huangchunyang/etfmm_oe/wangcai_log_v2/passive_mid_opponent/2025-12-02.log:4154
324.26,323.01,False,300033.SZ,2025-12-02,/mnt/team/research-share/huangchunyang/etfmm_oe/wangcai_log_v2/passive_mid_opponent/2025-12-02.log:4169
72.08,72.03,False,688036.SH,2025-12-02,/mnt/team/research-share/huangchunyang/etfmm_oe/wangcai_log_v2/passive_mid_opponent/2025-12-02.log:4198
10.45,10.46,False,300548.SZ,2025-12-02,/mnt/team/research-share/huangchunyang/etfmm_oe/wangcai_log_v2/passive_mid_opponent/2025-12-02.log:4270
14.89,14.88,False,300548.SZ,2025-12-02,/mnt/team/research-share/huangchunyang/etfmm_oe/wangcai_log_v2/passive_mid_opponent/2025-12-02.log:4286
117.9,117.5,False,300548.SZ,2025-12-02,/mnt/team/research-share/huangchunyang/etfmm_oe/wangcai_log_v2/passive_mid_opponent/2025-12-02.log:4326
17.06,16.83,False,300053.SZ,2025-12-02,/mnt/team/research-share/huangchunyang/etfmm_oe/wangcai_log_v2/passive_mid_opponent/2025-12-02.log:4403
21.14,21.16,False,300229.SZ,2025-12-02,/mnt/team/research-share/huangchunyang/etfmm_oe/wangcai_log_v2/passive_mid_opponent/2025-12-02.log:5551
147.43,143.06,False,300620.SZ,2025-12-02,/mnt/team/research-share/huangchunyang/etfmm_oe/wangcai_log_v2/passive_mid_opponent/2025-12-02.log:5854
25.45,25.4,False,300455.SZ,2025-12-02,/mnt/team/research-share/huangchunyang/etfmm_oe/wangcai_log_v2/passive_mid_opponent/2025-12-02.log:5983
13.28,13.26,False,300252.SZ,2025-12-02,/mnt/team/research-share/huangchunyang/etfmm_oe/wangcai_log_v2/passive_mid_opponent/2025-12-02.log:6018
96.63,96.14,False,300223.SZ,2025-12-02,/mnt/team/research-share/huangchunyang/etfmm_oe/wangcai_log_v2/passive_mid_opponent/2025-12-02.log:6085
15.46,15.41,False,300188.SZ,2025-12-02,/mnt/team/research-share/huangchunyang/etfmm_oe/wangcai_log_v2/passive_mid_opponent/2025-12-02.log:6225
117.02,117.5,False,300454.SZ,2025-12-02,/mnt/team/research-share/huangchunyang/etfmm_oe/wangcai_log_v2/passive_mid_opponent/2025-12-02.log:6310
19.85,19.71,False,300170.SZ,2025-12-02,/mnt/team/research-share/huangchunyang/etfmm_oe/wangcai_log_v2/passive_mid_opponent/2025-12-02.log:6355
160.0,158.5,False,300394.SZ,2025-12-02,/mnt/team/research-share/huangchunyang/etfmm_oe/wangcai_log_v2/passive_mid_opponent/2025-12-02.log:22697
21.16,21.21,False,603712.SH,2025-12-02,/mnt/team/research-share/huangchunyang/etfmm_oe/wangcai_log_v2/passive_mid_opponent/2025-12-02.log:22736
0.0,43.31,False,300442.SZ,2025-12-02,/mnt/team/research-share/huangchunyang/etfmm_oe/wangcai_log_v2/passive_mid_opponent/2025-12-02.log:22802
5.85,5.84,False,300442.SZ,2025-12-02,/mnt/team/research-share/huangchunyang/etfmm_oe/wangcai_log_v2/passive_mid_opponent/2025-12-02.log:27947
51.11,51.03,False,300442.SZ,2025-12-02,/mnt/team/research-share/huangchunyang/etfmm_oe/wangcai_log_v2/passive_mid_opponent/2025-12-02.log:27970
10.41,10.4,False,300058.SZ,2025-12-02,/mnt/team/research-share/huangchunyang/etfmm_oe/wangcai_log_v2/passive_mid_opponent/2025-12-02.log:28119
34.39,34.4,False,300628.SZ,2025-12-02,/mnt/team/research-share/huangchunyang/etfmm_oe/wangcai_log_v2/passive_mid_opponent/2025-12-02.log:28152
10.94,10.91,False,300857.SZ,2025-12-02,/mnt/team/research-share/huangchunyang/etfmm_oe/wangcai_log_v2/passive_mid_opponent/2025-12-02.log:28182
28.67,28.71,False,002544.SZ,2025-12-02,/mnt/team/research-share/huangchunyang/etfmm_oe/wangcai_log_v2/passive_mid_opponent/2025-12-02.log:28229
48.36,48.43,False,301236.SZ,2025-12-02,/mnt/team/research-share/huangchunyang/etfmm_oe/wangcai_log_v2/passive_mid_opponent/2025-12-02.log:28306
51.9,52.0,False,300913.SZ,2025-12-02,/mnt/team/research-share/huangchunyang/etfmm_oe/wangcai_log_v2/passive_mid_opponent/2025-12-02.log:28364
40.34,40.27,False,301171.SZ,2025-12-02,/mnt/team/research-share/huangchunyang/etfmm_oe/wangcai_log_v2/passive_mid_opponent/2025-12-02.log:28389
59.35,58.93,False,301536.SZ,2025-12-02,/mnt/team/research-share/huangchunyang/etfmm_oe/wangcai_log_v2/passive_mid_opponent/2025-12-02.log:28421
74.83,74.82,False,301165.SZ,2025-12-02,/mnt/team/research-share/huangchunyang/etfmm_oe/wangcai_log_v2/passive_mid_opponent/2025-12-02.log:28442
78.58,78.72,False,301486.SZ,2025-12-02,/mnt/team/research-share/huangchunyang/etfmm_oe/wangcai_log_v2/passive_mid_opponent/2025-12-02.log:28455
123.0,122.23,False,301205.SZ,2025-12-02,/mnt/team/research-share/huangchunyang/etfmm_oe/wangcai_log_v2/passive_mid_opponent/2025-12-02.log:28490
19.99,20.0,False,600487.SH,2025-12-02,/mnt/team/research-share/huangchunyang/etfmm_oe/wangcai_log_v2/passive_mid_opponent/2025-12-02.log:29868
33.33,33.0,False,300638.SZ,2025-12-02,/mnt/team/research-share/huangchunyang/etfmm_oe/wangcai_log_v2/passive_mid_opponent/2025-12-02.log:30655
14.9,14.83,False,600522.SH,2025-12-02,/mnt/team/research-share/huangchunyang/etfmm_oe/wangcai_log_v2/passive_mid_opponent/2025-12-02.log:30668
21.05,21.07,False,300846.SZ,2025-12-02,/mnt/team/research-share/huangchunyang/etfmm_oe/wangcai_log_v2/passive_mid_opponent/2025-12-02.log:43329
0.0,43.45,False,300474.SZ,2025-12-03,/mnt/team/research-share/huangchunyang/etfmm_oe/wangcai_log_v2/passive_mid_opponent/2025-12-03.log:32
67.5,67.88,False,300033.SZ,2025-12-03,/mnt/team/research-share/huangchunyang/etfmm_oe/wangcai_log_v2/passive_mid_opponent/2025-12-03.log:4103
73.68,73.5,False,688036.SH,2025-12-03,/mnt/team/research-share/huangchunyang/etfmm_oe/wangcai_log_v2/passive_mid_opponent/2025-12-03.log:4157
372.0,371.8,False,300502.SZ,2025-12-03,/mnt/team/research-share/huangchunyang/etfmm_oe/wangcai_log_v2/passive_mid_opponent/2025-12-03.log:4199
14.75,14.77,False,300541.SZ,2025-12-03,/mnt/team/research-share/huangchunyang/etfmm_oe/wangcai_log_v2/passive_mid_opponent/2025-12-03.log:4247
117.5,117.42,False,300548.SZ,2025-12-03,/mnt/team/research-share/huangchunyang/etfmm_oe/wangcai_log_v2/passive_mid_opponent/2025-12-03.log:4269
16.89,16.7,False,300053.SZ,2025-12-03,/mnt/team/research-share/huangchunyang/etfmm_oe/wangcai_log_v2/passive_mid_opponent/2025-12-03.log:4306
20.6,20.57,False,300229.SZ,2025-12-03,/mnt/team/research-share/huangchunyang/etfmm_oe/wangcai_log_v2/passive_mid_opponent/2025-12-03.log:5450
37.8,37.78,False,300563.SZ,2025-12-03,/mnt/team/research-share/huangchunyang/etfmm_oe/wangcai_log_v2/passive_mid_opponent/2025-12-03.log:5630
25.73,25.5,False,300455.SZ,2025-12-03,/mnt/team/research-share/huangchunyang/etfmm_oe/wangcai_log_v2/passive_mid_opponent/2025-12-03.log:5667
13.36,13.33,False,300252.SZ,2025-12-03,/mnt/team/research-share/huangchunyang/etfmm_oe/wangcai_log_v2/passive_mid_opponent/2025-12-03.log:5728
0.0,94.3,False,603496.SH,2025-12-03,/mnt/team/research-share/huangchunyang/etfmm_oe/wangcai_log_v2/passive_mid_opponent/2025-12-03.log:5766
540.87,540.54,False,300308.SZ,2025-12-03,/mnt/team/research-share/huangchunyang/etfmm_oe/wangcai_log_v2/passive_mid_opponent/2025-12-03.log:11081
50.25,50.24,False,300339.SZ,2025-12-03,/mnt/team/research-share/huangchunyang/etfmm_oe/wangcai_log_v2/passive_mid_opponent/2025-12-03.log:11104
15.35,15.34,False,300348.SZ,2025-12-03,/mnt/team/research-share/huangchunyang/etfmm_oe/wangcai_log_v2/passive_mid_opponent/2025-12-03.log:11121
13.63,13.56,False,300348.SZ,2025-12-03,/mnt/team/research-share/huangchunyang/etfmm_oe/wangcai_log_v2/passive_mid_opponent/2025-12-03.log:11136
0.0,20.3,False,300454.SZ,2025-12-03,/mnt/team/research-share/huangchunyang/etfmm_oe/wangcai_log_v2/passive_mid_opponent/2025-12-03.log:11162
115.0,114.41,False,300454.SZ,2025-12-03,/mnt/team/research-share/huangchunyang/etfmm_oe/wangcai_log_v2/passive_mid_opponent/2025-12-03.log:15317
18.96,18.8,False,300170.SZ,2025-12-03,/mnt/team/research-share/huangchunyang/etfmm_oe/wangcai_log_v2/passive_mid_opponent/2025-12-03.log:15342
163.96,164.0,False,300394.SZ,2025-12-03,/mnt/team/research-share/huangchunyang/etfmm_oe/wangcai_log_v2/passive_mid_opponent/2025-12-03.log:15442
24.79,24.78,False,300413.SZ,2025-12-03,/mnt/team/research-share/huangchunyang/etfmm_oe/wangcai_log_v2/passive_mid_opponent/2025-12-03.log:15555
41.83,41.77,False,300418.SZ,2025-12-03,/mnt/team/research-share/huangchunyang/etfmm_oe/wangcai_log_v2/passive_mid_opponent/2025-12-03.log:15586
5.92,5.89,False,300442.SZ,2025-12-03,/mnt/team/research-share/huangchunyang/etfmm_oe/wangcai_log_v2/passive_mid_opponent/2025-12-03.log:15603
50.29,50.03,False,300442.SZ,2025-12-03,/mnt/team/research-share/huangchunyang/etfmm_oe/wangcai_log_v2/passive_mid_opponent/2025-12-03.log:15625
9.92,9.9,False,300364.SZ,2025-12-03,/mnt/team/research-share/huangchunyang/etfmm_oe/wangcai_log_v2/passive_mid_opponent/2025-12-03.log:15701
26.22,26.2,False,300364.SZ,2025-12-03,/mnt/team/research-share/huangchunyang/etfmm_oe/wangcai_log_v2/passive_mid_opponent/2025-12-03.log:15730
34.16,34.17,False,300628.SZ,2025-12-03,/mnt/team/research-share/huangchunyang/etfmm_oe/wangcai_log_v2/passive_mid_opponent/2025-12-03.log:15745
0.0,10.88,False,300857.SZ,2025-12-03,/mnt/team/research-share/huangchunyang/etfmm_oe/wangcai_log_v2/passive_mid_opponent/2025-12-03.log:16891
47.3,47.18,False,301236.SZ,2025-12-03,/mnt/team/research-share/huangchunyang/etfmm_oe/wangcai_log_v2/passive_mid_opponent/2025-12-03.log:20957
52.18,52.02,False,300913.SZ,2025-12-03,/mnt/team/research-share/huangchunyang/etfmm_oe/wangcai_log_v2/passive_mid_opponent/2025-12-03.log:21033
39.77,39.7,False,301171.SZ,2025-12-03,/mnt/team/research-share/huangchunyang/etfmm_oe/wangcai_log_v2/passive_mid_opponent/2025-12-03.log:21066
58.91,58.9,False,301536.SZ,2025-12-03,/mnt/team/research-share/huangchunyang/etfmm_oe/wangcai_log_v2/passive_mid_opponent/2025-12-03.log:21094
75.23,75.11,False,301165.SZ,2025-12-03,/mnt/team/research-share/huangchunyang/etfmm_oe/wangcai_log_v2/passive_mid_opponent/2025-12-03.log:21109
78.1,78.09,False,301486.SZ,2025-12-03,/mnt/team/research-share/huangchunyang/etfmm_oe/wangcai_log_v2/passive_mid_opponent/2025-12-03.log:21128
34.0,33.88,False,300638.SZ,2025-12-03,/mnt/team/research-share/huangchunyang/etfmm_oe/wangcai_log_v2/passive_mid_opponent/2025-12-03.log:21349
14.61,14.66,False,301339.SZ,2025-12-03,/mnt/team/research-share/huangchunyang/etfmm_oe/wangcai_log_v2/passive_mid_opponent/2025-12-03.log:21364
0.0,12.34,False,300726.SZ,2025-12-03,/mnt/team/research-share/huangchunyang/etfmm_oe/wangcai_log_v2/passive_mid_opponent/2025-12-03.log:21483
41.36,41.34,False,300726.SZ,2025-12-03,/mnt/team/research-share/huangchunyang/etfmm_oe/wangcai_log_v2/passive_mid_opponent/2025-12-03.log:26558
42.19,42.26,False,300474.SZ,2025-12-04,/mnt/team/research-share/huangchunyang/etfmm_oe/wangcai_log_v2/passive_mid_opponent/2025-12-04.log:15
21.99,21.98,False,300045.SZ,2025-12-04,/mnt/team/research-share/huangchunyang/etfmm_oe/wangcai_log_v2/passive_mid_opponent/2025-12-04.log:56
65.54,65.38,False,300496.SZ,2025-12-04,/mnt/team/research-share/huangchunyang/etfmm_oe/wangcai_log_v2/passive_mid_opponent/2025-12-04.log:77
315.0,315.32,False,300033.SZ,2025-12-04,/mnt/team/research-share/huangchunyang/etfmm_oe/wangcai_log_v2/passive_mid_opponent/2025-12-04.log:97
69.38,69.12,False,688036.SH,2025-12-04,/mnt/team/research-share/huangchunyang/etfmm_oe/wangcai_log_v2/passive_mid_opponent/2025-12-04.log:123
370.0,367.13,False,300502.SZ,2025-12-04,/mnt/team/research-share/huangchunyang/etfmm_oe/wangcai_log_v2/passive_mid_opponent/2025-12-04.log:161
10.09,10.11,False,300548.SZ,2025-12-04,/mnt/team/research-share/huangchunyang/etfmm_oe/wangcai_log_v2/passive_mid_opponent/2025-12-04.log:17802
115.56,115.4,False,300548.SZ,2025-12-04,/mnt/team/research-share/huangchunyang/etfmm_oe/wangcai_log_v2/passive_mid_opponent/2025-12-04.log:17844
15.95,15.86,False,300053.SZ,2025-12-04,/mnt/team/research-share/huangchunyang/etfmm_oe/wangcai_log_v2/passive_mid_opponent/2025-12-04.log:17878
10.96,10.98,False,300570.SZ,2025-12-04,/mnt/team/research-share/huangchunyang/etfmm_oe/wangcai_log_v2/passive_mid_opponent/2025-12-04.log:17897
102.04,102.02,False,300570.SZ,2025-12-04,/mnt/team/research-share/huangchunyang/etfmm_oe/wangcai_log_v2/passive_mid_opponent/2025-12-04.log:17915
19.93,19.9,False,300229.SZ,2025-12-04,/mnt/team/research-share/huangchunyang/etfmm_oe/wangcai_log_v2/passive_mid_opponent/2025-12-04.log:18882
45.67,45.43,False,300613.SZ,2025-12-04,/mnt/team/research-share/huangchunyang/etfmm_oe/wangcai_log_v2/passive_mid_opponent/2025-12-04.log:18935
139.94,139.0,False,300620.SZ,2025-12-04,/mnt/team/research-share/huangchunyang/etfmm_oe/wangcai_log_v2/passive_mid_opponent/2025-12-04.log:18967
38.3,38.04,False,300563.SZ,2025-12-04,/mnt/team/research-share/huangchunyang/etfmm_oe/wangcai_log_v2/passive_mid_opponent/2025-12-04.log:19058
25.51,25.3,False,300455.SZ,2025-12-04,/mnt/team/research-share/huangchunyang/etfmm_oe/wangcai_log_v2/passive_mid_opponent/2025-12-04.log:19109
13.54,13.55,False,300252.SZ,2025-12-04,/mnt/team/research-share/huangchunyang/etfmm_oe/wangcai_log_v2/passive_mid_opponent/2025-12-04.log:19441
91.0,90.51,False,300223.SZ,2025-12-04,/mnt/team/research-share/huangchunyang/etfmm_oe/wangcai_log_v2/passive_mid_opponent/2025-12-04.log:19462
517.52,517.37,False,300308.SZ,2025-12-04,/mnt/team/research-share/huangchunyang/etfmm_oe/wangcai_log_v2/passive_mid_opponent/2025-12-04.log:19571
20.06,20.08,False,300353.SZ,2025-12-04,/mnt/team/research-share/huangchunyang/etfmm_oe/wangcai_log_v2/passive_mid_opponent/2025-12-04.log:19691
113.3,113.5,False,300454.SZ,2025-12-04,/mnt/team/research-share/huangchunyang/etfmm_oe/wangcai_log_v2/passive_mid_opponent/2025-12-04.log:19708
18.09,18.08,False,300170.SZ,2025-12-04,/mnt/team/research-share/huangchunyang/etfmm_oe/wangcai_log_v2/passive_mid_opponent/2025-12-04.log:19734
170.2,170.18,False,300394.SZ,2025-12-04,/mnt/team/research-share/huangchunyang/etfmm_oe/wangcai_log_v2/passive_mid_opponent/2025-12-04.log:33802
7.34,7.35,False,300133.SZ,2025-12-04,/mnt/team/research-share/huangchunyang/etfmm_oe/wangcai_log_v2/passive_mid_opponent/2025-12-04.log:33820
24.2,24.23,False,300413.SZ,2025-12-04,/mnt/team/research-share/huangchunyang/etfmm_oe/wangcai_log_v2/passive_mid_opponent/2025-12-04.log:33852
40.36,40.4,False,300418.SZ,2025-12-04,/mnt/team/research-share/huangchunyang/etfmm_oe/wangcai_log_v2/passive_mid_opponent/2025-12-04.log:33872
5.51,5.5,False,300081.SZ,2025-12-04,/mnt/team/research-share/huangchunyang/etfmm_oe/wangcai_log_v2/passive_mid_opponent/2025-12-04.log:33891
9.51,9.47,False,300364.SZ,2025-12-04,/mnt/team/research-share/huangchunyang/etfmm_oe/wangcai_log_v2/passive_mid_opponent/2025-12-04.log:33991
24.79,24.74,False,300364.SZ,2025-12-04,/mnt/team/research-share/huangchunyang/etfmm_oe/wangcai_log_v2/passive_mid_opponent/2025-12-04.log:34023
46.11,46.07,False,300598.SZ,2025-12-04,/mnt/team/research-share/huangchunyang/etfmm_oe/wangcai_log_v2/passive_mid_opponent/2025-12-04.log:34053
45.98,45.99,False,301236.SZ,2025-12-04,/mnt/team/research-share/huangchunyang/etfmm_oe/wangcai_log_v2/passive_mid_opponent/2025-12-04.log:35232
54.64,53.38,False,300913.SZ,2025-12-04,/mnt/team/research-share/huangchunyang/etfmm_oe/wangcai_log_v2/passive_mid_opponent/2025-12-04.log:35321
37.31,37.3,False,301171.SZ,2025-12-04,/mnt/team/research-share/huangchunyang/etfmm_oe/wangcai_log_v2/passive_mid_opponent/2025-12-04.log:35348
56.9,56.91,False,301536.SZ,2025-12-04,/mnt/team/research-share/huangchunyang/etfmm_oe/wangcai_log_v2/passive_mid_opponent/2025-12-04.log:35377
75.07,75.1,False,301486.SZ,2025-12-04,/mnt/team/research-share/huangchunyang/etfmm_oe/wangcai_log_v2/passive_mid_opponent/2025-12-04.log:35414
120.0,120.02,False,301205.SZ,2025-12-04,/mnt/team/research-share/huangchunyang/etfmm_oe/wangcai_log_v2/passive_mid_opponent/2025-12-04.log:35448
31.48,31.03,False,300638.SZ,2025-12-04,/mnt/team/research-share/huangchunyang/etfmm_oe/wangcai_log_v2/passive_mid_opponent/2025-12-04.log:47785
22.66,22.67,False,600498.SH,2025-12-04,/mnt/team/research-share/huangchunyang/etfmm_oe/wangcai_log_v2/passive_mid_opponent/2025-12-04.log:47838
40.3,40.29,False,300726.SZ,2025-12-04,/mnt/team/research-share/huangchunyang/etfmm_oe/wangcai_log_v2/passive_mid_opponent/2025-12-04.log:47870
27.94,26.7,False,600345.SH,2025-12-04,/mnt/team/research-share/huangchunyang/etfmm_oe/wangcai_log_v2/passive_mid_opponent/2025-12-04.log:47889
64.62,64.6,False,688122.SH,2025-12-05,/mnt/team/research-share/huangchunyang/etfmm_oe/wangcai_log_v2/passive_mid_opponent/2025-12-05.log:13098
0.0,23.8,False,002281.SZ,2025-12-08,/mnt/team/research-share/huangchunyang/etfmm_oe/wangcai_log_v2/passive_mid_opponent/2025-12-08.log:80
0.0,27.6,False,300726.SZ,2025-12-08,/mnt/team/research-share/huangchunyang/etfmm_oe/wangcai_log_v2/passive_mid_opponent/2025-12-08.log:4227
41.44,41.39,False,300726.SZ,2025-12-08,/mnt/team/research-share/huangchunyang/etfmm_oe/wangcai_log_v2/passive_mid_opponent/2025-12-08.log:9313
29.3,29.15,False,300638.SZ,2025-12-08,/mnt/team/research-share/huangchunyang/etfmm_oe/wangcai_log_v2/passive_mid_opponent/2025-12-08.log:9442
34.78,35.0,False,300136.SZ,2025-12-08,/mnt/team/research-share/huangchunyang/etfmm_oe/wangcai_log_v2/passive_mid_opponent/2025-12-08.log:9470
0.0,46.61,False,600198.SH,2025-12-08,/mnt/team/research-share/huangchunyang/etfmm_oe/wangcai_log_v2/passive_mid_opponent/2025-12-08.log:9550
14.34,14.33,False,300036.SZ,2025-12-08,/mnt/team/research-share/huangchunyang/etfmm_oe/wangcai_log_v2/passive_mid_opponent/2025-12-08.log:13796
124.01,123.64,False,300548.SZ,2025-12-08,/mnt/team/research-share/huangchunyang/etfmm_oe/wangcai_log_v2/passive_mid_opponent/2025-12-08.log:14892
121.0,120.0,False,301205.SZ,2025-12-08,/mnt/team/research-share/huangchunyang/etfmm_oe/wangcai_log_v2/passive_mid_opponent/2025-12-08.log:14930
73.6,73.16,False,301165.SZ,2025-12-08,/mnt/team/research-share/huangchunyang/etfmm_oe/wangcai_log_v2/passive_mid_opponent/2025-12-08.log:15032
17.77,17.68,False,300053.SZ,2025-12-08,/mnt/team/research-share/huangchunyang/etfmm_oe/wangcai_log_v2/passive_mid_opponent/2025-12-08.log:15077
0.0,144.04,False,002025.SZ,2025-12-08,/mnt/team/research-share/huangchunyang/etfmm_oe/wangcai_log_v2/passive_mid_opponent/2025-12-08.log:15196
67.55,67.47,False,688036.SH,2025-12-08,/mnt/team/research-share/huangchunyang/etfmm_oe/wangcai_log_v2/passive_mid_opponent/2025-12-08.log:19575
21.64,21.78,False,688100.SH,2025-12-08,/mnt/team/research-share/huangchunyang/etfmm_oe/wangcai_log_v2/passive_mid_opponent/2025-12-08.log:19614
0.0,25.06,False,688100.SH,2025-12-08,/mnt/team/research-share/huangchunyang/etfmm_oe/wangcai_log_v2/passive_mid_opponent/2025-12-08.log:24576
25.82,26.02,False,300593.SZ,2025-12-08,/mnt/team/research-share/huangchunyang/etfmm_oe/wangcai_log_v2/passive_mid_opponent/2025-12-08.log:29512
112.36,112.2,False,300570.SZ,2025-12-08,/mnt/team/research-share/huangchunyang/etfmm_oe/wangcai_log_v2/passive_mid_opponent/2025-12-08.log:29616
375.0,375.12,False,300502.SZ,2025-12-08,/mnt/team/research-share/huangchunyang/etfmm_oe/wangcai_log_v2/passive_mid_opponent/2025-12-08.log:29646
7.54,7.55,False,688387.SH,2025-12-08,/mnt/team/research-share/huangchunyang/etfmm_oe/wangcai_log_v2/passive_mid_opponent/2025-12-08.log:29676
38.54,38.53,False,300563.SZ,2025-12-08,/mnt/team/research-share/huangchunyang/etfmm_oe/wangcai_log_v2/passive_mid_opponent/2025-12-08.log:29693
17.46,17.5,False,600105.SH,2025-12-08,/mnt/team/research-share/huangchunyang/etfmm_oe/wangcai_log_v2/passive_mid_opponent/2025-12-08.log:29962
0.0,23.96,False,300900.SZ,2025-12-09,/mnt/team/research-share/huangchunyang/etfmm_oe/wangcai_log_v2/passive_mid_opponent/2025-12-09.log:90
22.95,22.94,False,300900.SZ,2025-12-09,/mnt/team/research-share/huangchunyang/etfmm_oe/wangcai_log_v2/passive_mid_opponent/2025-12-09.log:4133
17.26,17.28,False,300034.SZ,2025-12-09,/mnt/team/research-share/huangchunyang/etfmm_oe/wangcai_log_v2/passive_mid_opponent/2025-12-09.log:4165
41.69,41.81,False,002929.SZ,2025-12-09,/mnt/team/research-share/huangchunyang/etfmm_oe/wangcai_log_v2/passive_mid_opponent/2025-12-09.log:4192
57.22,57.2,False,300913.SZ,2025-12-09,/mnt/team/research-share/huangchunyang/etfmm_oe/wangcai_log_v2/passive_mid_opponent/2025-12-09.log:4207
17.0,16.8,False,300053.SZ,2025-12-09,/mnt/team/research-share/huangchunyang/etfmm_oe/wangcai_log_v2/passive_mid_opponent/2025-12-09.log:4300
85.01,85.54,False,301165.SZ,2025-12-09,/mnt/team/research-share/huangchunyang/etfmm_oe/wangcai_log_v2/passive_mid_opponent/2025-12-09.log:4394
31.35,31.37,False,002151.SZ,2025-12-09,/mnt/team/research-share/huangchunyang/etfmm_oe/wangcai_log_v2/passive_mid_opponent/2025-12-09.log:5644
0.0,47.01,False,301205.SZ,2025-12-09,/mnt/team/research-share/huangchunyang/etfmm_oe/wangcai_log_v2/passive_mid_opponent/2025-12-09.log:5671
130.32,130.05,False,301205.SZ,2025-12-09,/mnt/team/research-share/huangchunyang/etfmm_oe/wangcai_log_v2/passive_mid_opponent/2025-12-09.log:9825
30.45,30.1,False,300638.SZ,2025-12-09,/mnt/team/research-share/huangchunyang/etfmm_oe/wangcai_log_v2/passive_mid_opponent/2025-12-09.log:9904
19.18,19.2,False,300629.SZ,2025-12-09,/mnt/team/research-share/huangchunyang/etfmm_oe/wangcai_log_v2/passive_mid_opponent/2025-12-09.log:9923
34.52,34.6,False,300628.SZ,2025-12-09,/mnt/team/research-share/huangchunyang/etfmm_oe/wangcai_log_v2/passive_mid_opponent/2025-12-09.log:9938
167.1,167.09,False,300620.SZ,2025-12-09,/mnt/team/research-share/huangchunyang/etfmm_oe/wangcai_log_v2/passive_mid_opponent/2025-12-09.log:10001
0.0,25.65,False,300570.SZ,2025-12-09,/mnt/team/research-share/huangchunyang/etfmm_oe/wangcai_log_v2/passive_mid_opponent/2025-12-09.log:10018
119.78,119.79,False,300570.SZ,2025-12-09,/mnt/team/research-share/huangchunyang/etfmm_oe/wangcai_log_v2/passive_mid_opponent/2025-12-09.log:14201
40.77,40.9,False,300563.SZ,2025-12-09,/mnt/team/research-share/huangchunyang/etfmm_oe/wangcai_log_v2/passive_mid_opponent/2025-12-09.log:15249
130.99,130.5,False,300548.SZ,2025-12-09,/mnt/team/research-share/huangchunyang/etfmm_oe/wangcai_log_v2/passive_mid_opponent/2025-12-09.log:15273
33.33,33.0,False,300762.SZ,2025-12-09,/mnt/team/research-share/huangchunyang/etfmm_oe/wangcai_log_v2/passive_mid_opponent/2025-12-09.log:15345
16.67,16.65,False,300397.SZ,2025-12-09,/mnt/team/research-share/huangchunyang/etfmm_oe/wangcai_log_v2/passive_mid_opponent/2025-12-09.log:15428
14.59,14.42,False,300397.SZ,2025-12-09,/mnt/team/research-share/huangchunyang/etfmm_oe/wangcai_log_v2/passive_mid_opponent/2025-12-09.log:15448
236.9,236.0,False,300394.SZ,2025-12-09,/mnt/team/research-share/huangchunyang/etfmm_oe/wangcai_log_v2/passive_mid_opponent/2025-12-09.log:15554
22.45,22.36,False,300342.SZ,2025-12-09,/mnt/team/research-share/huangchunyang/etfmm_oe/wangcai_log_v2/passive_mid_opponent/2025-12-09.log:15621
570.21,570.09,False,300308.SZ,2025-12-09,/mnt/team/research-share/huangchunyang/etfmm_oe/wangcai_log_v2/passive_mid_opponent/2025-12-09.log:15652
69.79,69.8,False,300782.SZ,2025-12-09,/mnt/team/research-share/huangchunyang/etfmm_oe/wangcai_log_v2/passive_mid_opponent/2025-12-09.log:15696
8.11,8.07,False,300123.SZ,2025-12-09,/mnt/team/research-share/huangchunyang/etfmm_oe/wangcai_log_v2/passive_mid_opponent/2025-12-09.log:15743
0.0,28.34,False,002935.SZ,2025-12-09,/mnt/team/research-share/huangchunyang/etfmm_oe/wangcai_log_v2/passive_mid_opponent/2025-12-09.log:15855
14.49,14.45,False,000519.SZ,2025-12-09,/mnt/team/research-share/huangchunyang/etfmm_oe/wangcai_log_v2/passive_mid_opponent/2025-12-09.log:21274
23.36,23.28,False,300101.SZ,2025-12-10,/mnt/team/research-share/huangchunyang/etfmm_oe/wangcai_log_v2/passive_mid_opponent/2025-12-10.log:93
41.2,41.15,False,300726.SZ,2025-12-10,/mnt/team/research-share/huangchunyang/etfmm_oe/wangcai_log_v2/passive_mid_opponent/2025-12-10.log:107
22.11,22.0,False,300342.SZ,2025-12-10,/mnt/team/research-share/huangchunyang/etfmm_oe/wangcai_log_v2/passive_mid_opponent/2025-12-10.log:130
16.62,16.54,False,300053.SZ,2025-12-10,/mnt/team/research-share/huangchunyang/etfmm_oe/wangcai_log_v2/passive_mid_opponent/2025-12-10.log:184
0.0,24.3,False,002049.SZ,2025-12-10,/mnt/team/research-share/huangchunyang/etfmm_oe/wangcai_log_v2/passive_mid_opponent/2025-12-10.log:306
0.0,36.3,False,300593.SZ,2025-12-10,/mnt/team/research-share/huangchunyang/etfmm_oe/wangcai_log_v2/passive_mid_opponent/2025-12-10.log:5690
0.0,428.53,False,300548.SZ,2025-12-11,/mnt/team/research-share/huangchunyang/etfmm_oe/wangcai_log_v2/passive_mid_opponent/2025-12-11.log:73
141.51,141.0,False,300548.SZ,2025-12-11,/mnt/team/research-share/huangchunyang/etfmm_oe/wangcai_log_v2/passive_mid_opponent/2025-12-11.log:3825
36.85,36.74,False,300563.SZ,2025-12-11,/mnt/team/research-share/huangchunyang/etfmm_oe/wangcai_log_v2/passive_mid_opponent/2025-12-11.log:3849
25.7,25.71,False,300593.SZ,2025-12-11,/mnt/team/research-share/huangchunyang/etfmm_oe/wangcai_log_v2/passive_mid_opponent/2025-12-11.log:3943
24.89,24.88,False,300045.SZ,2025-12-11,/mnt/team/research-share/huangchunyang/etfmm_oe/wangcai_log_v2/passive_mid_opponent/2025-12-11.log:4020
0.0,103.6,False,603341.SH,2025-12-11,/mnt/team/research-share/huangchunyang/etfmm_oe/wangcai_log_v2/passive_mid_opponent/2025-12-11.log:4112
0.0,13.3,False,300416.SZ,2025-12-11,/mnt/team/research-share/huangchunyang/etfmm_oe/wangcai_log_v2/passive_mid_opponent/2025-12-11.log:9545
18.3,18.15,False,300053.SZ,2025-12-11,/mnt/team/research-share/huangchunyang/etfmm_oe/wangcai_log_v2/passive_mid_opponent/2025-12-11.log:13689
0.0,5.35,False,003031.SZ,2025-12-11,/mnt/team/research-share/huangchunyang/etfmm_oe/wangcai_log_v2/passive_mid_opponent/2025-12-11.log:13705
0.0,23.37,False,300136.SZ,2025-12-11,/mnt/team/research-share/huangchunyang/etfmm_oe/wangcai_log_v2/passive_mid_opponent/2025-12-11.log:18401
66.88,66.79,False,688036.SH,2025-12-11,/mnt/team/research-share/huangchunyang/etfmm_oe/wangcai_log_v2/passive_mid_opponent/2025-12-11.log:23431
22.71,22.77,False,300342.SZ,2025-12-11,/mnt/team/research-share/huangchunyang/etfmm_oe/wangcai_log_v2/passive_mid_opponent/2025-12-11.log:23465
231.13,231.0,False,300394.SZ,2025-12-11,/mnt/team/research-share/huangchunyang/etfmm_oe/wangcai_log_v2/passive_mid_opponent/2025-12-11.log:23526
41.78,41.76,False,300726.SZ,2025-12-11,/mnt/team/research-share/huangchunyang/etfmm_oe/wangcai_log_v2/passive_mid_opponent/2025-12-11.log:23590
14.13,14.16,False,301339.SZ,2025-12-11,/mnt/team/research-share/huangchunyang/etfmm_oe/wangcai_log_v2/passive_mid_opponent/2025-12-11.log:51328
142.19,141.0,False,301205.SZ,2025-12-11,/mnt/team/research-share/huangchunyang/etfmm_oe/wangcai_log_v2/passive_mid_opponent/2025-12-11.log:51350
56.6,56.56,False,300913.SZ,2025-12-11,/mnt/team/research-share/huangchunyang/etfmm_oe/wangcai_log_v2/passive_mid_opponent/2025-12-11.log:51394
54.21,54.2,False,300913.SZ,2025-12-12,/mnt/team/research-share/huangchunyang/etfmm_oe/wangcai_log_v2/passive_mid_opponent/2025-12-12.log:21
81.52,81.13,False,301165.SZ,2025-12-12,/mnt/team/research-share/huangchunyang/etfmm_oe/wangcai_log_v2/passive_mid_opponent/2025-12-12.log:51
134.52,133.98,False,301205.SZ,2025-12-12,/mnt/team/research-share/huangchunyang/etfmm_oe/wangcai_log_v2/passive_mid_opponent/2025-12-12.log:86
8.75,8.77,False,600198.SH,2025-12-12,/mnt/team/research-share/huangchunyang/etfmm_oe/wangcai_log_v2/passive_mid_opponent/2025-12-12.log:215
68.39,68.5,False,300782.SZ,2025-12-12,/mnt/team/research-share/huangchunyang/etfmm_oe/wangcai_log_v2/passive_mid_opponent/2025-12-12.log:371
16.64,16.66,False,300726.SZ,2025-12-12,/mnt/team/research-share/huangchunyang/etfmm_oe/wangcai_log_v2/passive_mid_opponent/2025-12-12.log:388
41.53,41.54,False,300726.SZ,2025-12-12,/mnt/team/research-share/huangchunyang/etfmm_oe/wangcai_log_v2/passive_mid_opponent/2025-12-12.log:402
17.4,17.39,False,300416.SZ,2025-12-12,/mnt/team/research-share/huangchunyang/etfmm_oe/wangcai_log_v2/passive_mid_opponent/2025-12-12.log:468
130.9,130.0,False,300548.SZ,2025-12-12,/mnt/team/research-share/huangchunyang/etfmm_oe/wangcai_log_v2/passive_mid_opponent/2025-12-12.log:491
218.98,218.9,False,300394.SZ,2025-12-12,/mnt/team/research-share/huangchunyang/etfmm_oe/wangcai_log_v2/passive_mid_opponent/2025-12-12.log:532
0.0,19.72,False,300570.SZ,2025-12-12,/mnt/team/research-share/huangchunyang/etfmm_oe/wangcai_log_v2/passive_mid_opponent/2025-12-12.log:585
121.73,121.56,False,300570.SZ,2025-12-12,/mnt/team/research-share/huangchunyang/etfmm_oe/wangcai_log_v2/passive_mid_opponent/2025-12-12.log:6019
23.25,23.2,False,300342.SZ,2025-12-12,/mnt/team/research-share/huangchunyang/etfmm_oe/wangcai_log_v2/passive_mid_opponent/2025-12-12.log:6048
24.8,24.79,False,300593.SZ,2025-12-12,/mnt/team/research-share/huangchunyang/etfmm_oe/wangcai_log_v2/passive_mid_opponent/2025-12-12.log:6061
587.06,587.0,False,300308.SZ,2025-12-12,/mnt/team/research-share/huangchunyang/etfmm_oe/wangcai_log_v2/passive_mid_opponent/2025-12-12.log:6111
35.19,35.09,False,300136.SZ,2025-12-12,/mnt/team/research-share/huangchunyang/etfmm_oe/wangcai_log_v2/passive_mid_opponent/2025-12-12.log:6151
30.74,30.68,False,300627.SZ,2025-12-12,/mnt/team/research-share/huangchunyang/etfmm_oe/wangcai_log_v2/passive_mid_opponent/2025-12-12.log:6167
28.13,28.01,False,300638.SZ,2025-12-12,/mnt/team/research-share/huangchunyang/etfmm_oe/wangcai_log_v2/passive_mid_opponent/2025-12-12.log:6232
0.0,101.01,False,300045.SZ,2025-12-12,/mnt/team/research-share/huangchunyang/etfmm_oe/wangcai_log_v2/passive_mid_opponent/2025-12-12.log:6294
24.59,24.49,False,300045.SZ,2025-12-12,/mnt/team/research-share/huangchunyang/etfmm_oe/wangcai_log_v2/passive_mid_opponent/2025-12-12.log:11437
169.6,168.49,False,300620.SZ,2025-12-12,/mnt/team/research-share/huangchunyang/etfmm_oe/wangcai_log_v2/passive_mid_opponent/2025-12-12.log:11484
31.56,31.57,False,002151.SZ,2025-12-12,/mnt/team/research-share/huangchunyang/etfmm_oe/wangcai_log_v2/passive_mid_opponent/2025-12-12.log:28163
65.01,65.0,False,688036.SH,2025-12-12,/mnt/team/research-share/huangchunyang/etfmm_oe/wangcai_log_v2/passive_mid_opponent/2025-12-12.log:28258
43.29,43.3,False,603341.SH,2025-12-12,/mnt/team/research-share/huangchunyang/etfmm_oe/wangcai_log_v2/passive_mid_opponent/2025-12-12.log:28289
8.39,8.37,False,688387.SH,2025-12-12,/mnt/team/research-share/huangchunyang/etfmm_oe/wangcai_log_v2/passive_mid_opponent/2025-12-12.log:28367
156.76,155.36,False,301205.SZ,2025-12-15,/mnt/team/research-share/huangchunyang/etfmm_oe/wangcai_log_v2/passive_mid_opponent/2025-12-15.log:25
0.0,11.14,False,600487.SH,2025-12-15,/mnt/team/research-share/huangchunyang/etfmm_oe/wangcai_log_v2/passive_mid_opponent/2025-12-15.log:153
412.0,411.88,False,300502.SZ,2025-12-15,/mnt/team/research-share/huangchunyang/etfmm_oe/wangcai_log_v2/passive_mid_opponent/2025-12-15.log:4927
82.27,82.04,False,301165.SZ,2025-12-15,/mnt/team/research-share/huangchunyang/etfmm_oe/wangcai_log_v2/passive_mid_opponent/2025-12-15.log:38851
0.0,54.87,False,300548.SZ,2025-12-15,/mnt/team/research-share/huangchunyang/etfmm_oe/wangcai_log_v2/passive_mid_opponent/2025-12-15.log:38882
145.65,145.05,False,300548.SZ,2025-12-15,/mnt/team/research-share/huangchunyang/etfmm_oe/wangcai_log_v2/passive_mid_opponent/2025-12-15.log:43755
26.86,26.87,False,300455.SZ,2025-12-15,/mnt/team/research-share/huangchunyang/etfmm_oe/wangcai_log_v2/passive_mid_opponent/2025-12-15.log:43773
118.15,117.0,False,300570.SZ,2025-12-15,/mnt/team/research-share/huangchunyang/etfmm_oe/wangcai_log_v2/passive_mid_opponent/2025-12-15.log:43791
0.0,207.97,False,300353.SZ,2025-12-15,/mnt/team/research-share/huangchunyang/etfmm_oe/wangcai_log_v2/passive_mid_opponent/2025-12-15.log:43881
0.0,25.87,False,300353.SZ,2025-12-15,/mnt/team/research-share/huangchunyang/etfmm_oe/wangcai_log_v2/passive_mid_opponent/2025-12-15.log:48873
171.0,170.29,False,300620.SZ,2025-12-15,/mnt/team/research-share/huangchunyang/etfmm_oe/wangcai_log_v2/passive_mid_opponent/2025-12-15.log:52913
570.13,570.0,False,300308.SZ,2025-12-15,/mnt/team/research-share/huangchunyang/etfmm_oe/wangcai_log_v2/passive_mid_opponent/2025-12-15.log:52963
31.79,31.82,False,300627.SZ,2025-12-15,/mnt/team/research-share/huangchunyang/etfmm_oe/wangcai_log_v2/passive_mid_opponent/2025-12-15.log:52981
28.4,28.31,False,300638.SZ,2025-12-15,/mnt/team/research-share/huangchunyang/etfmm_oe/wangcai_log_v2/passive_mid_opponent/2025-12-15.log:53964
0.0,101.11,False,300065.SZ,2025-12-15,/mnt/team/research-share/huangchunyang/etfmm_oe/wangcai_log_v2/passive_mid_opponent/2025-12-15.log:53994
18.28,18.3,False,300065.SZ,2025-12-15,/mnt/team/research-share/huangchunyang/etfmm_oe/wangcai_log_v2/passive_mid_opponent/2025-12-15.log:58168
41.6,41.57,False,300726.SZ,2025-12-15,/mnt/team/research-share/huangchunyang/etfmm_oe/wangcai_log_v2/passive_mid_opponent/2025-12-15.log:58182
17.77,17.67,False,300053.SZ,2025-12-15,/mnt/team/research-share/huangchunyang/etfmm_oe/wangcai_log_v2/passive_mid_opponent/2025-12-15.log:58253
70.01,70.05,False,300782.SZ,2025-12-15,/mnt/team/research-share/huangchunyang/etfmm_oe/wangcai_log_v2/passive_mid_opponent/2025-12-15.log:58267
35.88,35.9,False,300628.SZ,2025-12-15,/mnt/team/research-share/huangchunyang/etfmm_oe/wangcai_log_v2/passive_mid_opponent/2025-12-15.log:58311
103.0,102.98,False,688313.SH,2025-12-15,/mnt/team/research-share/huangchunyang/etfmm_oe/wangcai_log_v2/passive_mid_opponent/2025-12-15.log:59501
25.79,25.8,False,688182.SH,2025-12-15,/mnt/team/research-share/huangchunyang/etfmm_oe/wangcai_log_v2/passive_mid_opponent/2025-12-15.log:59530
68.64,68.7,False,688036.SH,2025-12-15,/mnt/team/research-share/huangchunyang/etfmm_oe/wangcai_log_v2/passive_mid_opponent/2025-12-15.log:59558
167.0,164.8,False,688205.SH,2025-12-15,/mnt/team/research-share/huangchunyang/etfmm_oe/wangcai_log_v2/passive_mid_opponent/2025-12-15.log:59595
29.12,29.05,False,300001.SZ,2025-11-17,/mnt/team/research-share/huangchunyang/etfmm_oe/wangcai_log_v2/passive_mid_own/2025-11-17.log:11
66.72,66.71,False,300776.SZ,2025-11-17,/mnt/team/research-share/huangchunyang/etfmm_oe/wangcai_log_v2/passive_mid_own/2025-11-17.log:58
19.5,19.35,False,300432.SZ,2025-11-17,/mnt/team/research-share/huangchunyang/etfmm_oe/wangcai_log_v2/passive_mid_own/2025-11-17.log:83
44.78,44.6,False,688516.SH,2025-11-17,/mnt/team/research-share/huangchunyang/etfmm_oe/wangcai_log_v2/passive_mid_own/2025-11-17.log:98
12.13,12.1,False,688148.SH,2025-11-17,/mnt/team/research-share/huangchunyang/etfmm_oe/wangcai_log_v2/passive_mid_own/2025-11-17.log:115
8.7,8.6,False,300393.SZ,2025-11-17,/mnt/team/research-share/huangchunyang/etfmm_oe/wangcai_log_v2/passive_mid_own/2025-11-17.log:229
58.0,57.95,False,688116.SH,2025-11-17,/mnt/team/research-share/huangchunyang/etfmm_oe/wangcai_log_v2/passive_mid_own/2025-11-17.log:4577
45.7,45.34,False,300827.SZ,2025-11-17,/mnt/team/research-share/huangchunyang/etfmm_oe/wangcai_log_v2/passive_mid_own/2025-11-17.log:4623
27.15,27.23,False,688349.SH,2025-11-17,/mnt/team/research-share/huangchunyang/etfmm_oe/wangcai_log_v2/passive_mid_own/2025-11-17.log:4639
15.72,15.71,False,688560.SH,2025-11-17,/mnt/team/research-share/huangchunyang/etfmm_oe/wangcai_log_v2/passive_mid_own/2025-11-17.log:4656
68.5,68.41,False,688063.SH,2025-11-17,/mnt/team/research-share/huangchunyang/etfmm_oe/wangcai_log_v2/passive_mid_own/2025-11-17.log:4676
67.57,67.45,False,300842.SZ,2025-11-17,/mnt/team/research-share/huangchunyang/etfmm_oe/wangcai_log_v2/passive_mid_own/2025-11-17.log:5649
17.82,17.81,False,688567.SH,2025-11-17,/mnt/team/research-share/huangchunyang/etfmm_oe/wangcai_log_v2/passive_mid_own/2025-11-17.log:5683
183.0,182.54,False,300274.SZ,2025-11-17,/mnt/team/research-share/huangchunyang/etfmm_oe/wangcai_log_v2/passive_mid_own/2025-11-17.log:5756
57.6,57.55,False,688499.SH,2025-11-17,/mnt/team/research-share/huangchunyang/etfmm_oe/wangcai_log_v2/passive_mid_own/2025-11-17.log:5805
27.28,27.3,False,300443.SZ,2025-11-17,/mnt/team/research-share/huangchunyang/etfmm_oe/wangcai_log_v2/passive_mid_own/2025-11-17.log:5823
65.68,65.45,False,688348.SH,2025-11-17,/mnt/team/research-share/huangchunyang/etfmm_oe/wangcai_log_v2/passive_mid_own/2025-11-17.log:5839
139.0,138.0,False,688353.SH,2025-11-17,/mnt/team/research-share/huangchunyang/etfmm_oe/wangcai_log_v2/passive_mid_own/2025-11-17.log:5898
388.38,388.0,False,300750.SZ,2025-11-17,/mnt/team/research-share/huangchunyang/etfmm_oe/wangcai_log_v2/passive_mid_own/2025-11-17.log:5953
47.49,47.52,False,300693.SZ,2025-11-17,/mnt/team/research-share/huangchunyang/etfmm_oe/wangcai_log_v2/passive_mid_own/2025-11-17.log:5970
37.13,37.1,False,688388.SH,2025-11-17,/mnt/team/research-share/huangchunyang/etfmm_oe/wangcai_log_v2/passive_mid_own/2025-11-17.log:5985
32.61,32.8,False,301511.SZ,2025-11-17,/mnt/team/research-share/huangchunyang/etfmm_oe/wangcai_log_v2/passive_mid_own/2025-11-17.log:6068
30.89,30.85,False,688303.SH,2025-11-17,/mnt/team/research-share/huangchunyang/etfmm_oe/wangcai_log_v2/passive_mid_own/2025-11-17.log:6088
202.51,202.0,False,300757.SZ,2025-11-17,/mnt/team/research-share/huangchunyang/etfmm_oe/wangcai_log_v2/passive_mid_own/2025-11-17.log:6185
17.2,17.15,False,300568.SZ,2025-11-17,/mnt/team/research-share/huangchunyang/etfmm_oe/wangcai_log_v2/passive_mid_own/2025-11-17.log:6211
100.94,100.4,False,688275.SH,2025-11-17,/mnt/team/research-share/huangchunyang/etfmm_oe/wangcai_log_v2/passive_mid_own/2025-11-17.log:6241
85.7,85.53,False,300763.SZ,2025-11-17,/mnt/team/research-share/huangchunyang/etfmm_oe/wangcai_log_v2/passive_mid_own/2025-11-17.log:6256
29.39,29.38,False,300457.SZ,2025-11-17,/mnt/team/research-share/huangchunyang/etfmm_oe/wangcai_log_v2/passive_mid_own/2025-11-17.log:6279
57.48,57.4,False,300769.SZ,2025-11-17,/mnt/team/research-share/huangchunyang/etfmm_oe/wangcai_log_v2/passive_mid_own/2025-11-17.log:7737
23.8,23.85,False,688186.SH,2025-11-17,/mnt/team/research-share/huangchunyang/etfmm_oe/wangcai_log_v2/passive_mid_own/2025-11-17.log:7890
114.43,113.0,False,688392.SH,2025-11-17,/mnt/team/research-share/huangchunyang/etfmm_oe/wangcai_log_v2/passive_mid_own/2025-11-17.log:7910
48.69,48.68,False,300850.SZ,2025-11-17,/mnt/team/research-share/huangchunyang/etfmm_oe/wangcai_log_v2/passive_mid_own/2025-11-17.log:7933
17.96,17.93,False,300351.SZ,2025-11-17,/mnt/team/research-share/huangchunyang/etfmm_oe/wangcai_log_v2/passive_mid_own/2025-11-17.log:7971
34.77,34.78,False,300748.SZ,2025-11-17,/mnt/team/research-share/huangchunyang/etfmm_oe/wangcai_log_v2/passive_mid_own/2025-11-17.log:7993
62.59,62.58,False,301325.SZ,2025-11-17,/mnt/team/research-share/huangchunyang/etfmm_oe/wangcai_log_v2/passive_mid_own/2025-11-17.log:8010
26.95,26.8,False,300035.SZ,2025-11-17,/mnt/team/research-share/huangchunyang/etfmm_oe/wangcai_log_v2/passive_mid_own/2025-11-17.log:8054
46.33,46.35,False,688680.SH,2025-11-17,/mnt/team/research-share/huangchunyang/etfmm_oe/wangcai_log_v2/passive_mid_own/2025-11-17.log:8087
30.4,33.0,False,301155.SZ,2025-11-17,/mnt/team/research-share/huangchunyang/etfmm_oe/wangcai_log_v2/passive_mid_own/2025-11-17.log:8471
21.22,21.21,False,300077.SZ,2025-11-17,/mnt/team/research-share/huangchunyang/etfmm_oe/wangcai_log_v2/passive_mid_own/2025-11-17.log:8508
62.1,62.16,False,301327.SZ,2025-11-17,/mnt/team/research-share/huangchunyang/etfmm_oe/wangcai_log_v2/passive_mid_own/2025-11-17.log:8522
16.82,16.76,False,688707.SH,2025-11-17,/mnt/team/research-share/huangchunyang/etfmm_oe/wangcai_log_v2/passive_mid_own/2025-11-17.log:8557
38.76,38.73,False,301266.SZ,2025-11-17,/mnt/team/research-share/huangchunyang/etfmm_oe/wangcai_log_v2/passive_mid_own/2025-11-17.log:8612
62.29,62.3,False,300037.SZ,2025-11-17,/mnt/team/research-share/huangchunyang/etfmm_oe/wangcai_log_v2/passive_mid_own/2025-11-17.log:8640
65.93,65.92,False,688717.SH,2025-11-17,/mnt/team/research-share/huangchunyang/etfmm_oe/wangcai_log_v2/passive_mid_own/2025-11-17.log:8656
70.0,70.01,False,688717.SH,2025-11-17,/mnt/team/research-share/huangchunyang/etfmm_oe/wangcai_log_v2/passive_mid_own/2025-11-17.log:8671
5.7,5.65,False,300072.SZ,2025-11-17,/mnt/team/research-share/huangchunyang/etfmm_oe/wangcai_log_v2/passive_mid_own/2025-11-17.log:10107
17.67,17.5,False,688660.SH,2025-11-17,/mnt/team/research-share/huangchunyang/etfmm_oe/wangcai_log_v2/passive_mid_own/2025-11-17.log:10175
31.74,31.7,False,688006.SH,2025-11-17,/mnt/team/research-share/huangchunyang/etfmm_oe/wangcai_log_v2/passive_mid_own/2025-11-17.log:10219
15.38,15.37,False,300224.SZ,2025-11-17,/mnt/team/research-share/huangchunyang/etfmm_oe/wangcai_log_v2/passive_mid_own/2025-11-17.log:10235
9.03,9.01,False,688779.SH,2025-11-17,/mnt/team/research-share/huangchunyang/etfmm_oe/wangcai_log_v2/passive_mid_own/2025-11-17.log:10356
16.18,16.1,False,688022.SH,2025-11-17,/mnt/team/research-share/huangchunyang/etfmm_oe/wangcai_log_v2/passive_mid_own/2025-11-17.log:10371
82.72,82.88,False,300014.SZ,2025-11-17,/mnt/team/research-share/huangchunyang/etfmm_oe/wangcai_log_v2/passive_mid_own/2025-11-17.log:10424
0.0,84.26,False,300953.SZ,2025-11-17,/mnt/team/research-share/huangchunyang/etfmm_oe/wangcai_log_v2/passive_mid_own/2025-11-17.log:10455
47.09,47.2,False,600111.SH,2025-11-18,/mnt/team/research-share/huangchunyang/etfmm_oe/wangcai_log_v2/passive_mid_own/2025-11-18.log:23
27.92,27.99,False,688573.SH,2025-11-18,/mnt/team/research-share/huangchunyang/etfmm_oe/wangcai_log_v2/passive_mid_own/2025-11-18.log:1321
105.95,105.84,False,688392.SH,2025-11-18,/mnt/team/research-share/huangchunyang/etfmm_oe/wangcai_log_v2/passive_mid_own/2025-11-18.log:6705
37.08,38.0,False,688005.SH,2025-11-18,/mnt/team/research-share/huangchunyang/etfmm_oe/wangcai_log_v2/passive_mid_own/2025-11-18.log:7172
21.23,21.25,False,688599.SH,2025-11-18,/mnt/team/research-share/huangchunyang/etfmm_oe/wangcai_log_v2/passive_mid_own/2025-11-18.log:8795
25.88,26.01,False,688518.SH,2025-11-18,/mnt/team/research-share/huangchunyang/etfmm_oe/wangcai_log_v2/passive_mid_own/2025-11-18.log:10358
32.01,32.0,False,688006.SH,2025-11-18,/mnt/team/research-share/huangchunyang/etfmm_oe/wangcai_log_v2/passive_mid_own/2025-11-18.log:10449
101.98,100.76,False,688275.SH,2025-11-18,/mnt/team/research-share/huangchunyang/etfmm_oe/wangcai_log_v2/passive_mid_own/2025-11-18.log:10615
54.2,54.0,False,688559.SH,2025-11-18,/mnt/team/research-share/huangchunyang/etfmm_oe/wangcai_log_v2/passive_mid_own/2025-11-18.log:12687
58.37,58.35,False,688499.SH,2025-11-18,/mnt/team/research-share/huangchunyang/etfmm_oe/wangcai_log_v2/passive_mid_own/2025-11-18.log:12767
16.16,16.1,False,688022.SH,2025-11-18,/mnt/team/research-share/huangchunyang/etfmm_oe/wangcai_log_v2/passive_mid_own/2025-11-18.log:12832
19.39,19.2,False,688472.SH,2025-11-18,/mnt/team/research-share/huangchunyang/etfmm_oe/wangcai_log_v2/passive_mid_own/2025-11-18.log:13106
69.57,69.54,False,688122.SH,2025-11-18,/mnt/team/research-share/huangchunyang/etfmm_oe/wangcai_log_v2/passive_mid_own/2025-11-18.log:15677
33.71,33.36,False,688733.SH,2025-11-18,/mnt/team/research-share/huangchunyang/etfmm_oe/wangcai_log_v2/passive_mid_own/2025-11-18.log:15981
80.74,80.7,False,688778.SH,2025-11-18,/mnt/team/research-share/huangchunyang/etfmm_oe/wangcai_log_v2/passive_mid_own/2025-11-18.log:16248
62.92,62.88,False,688155.SH,2025-11-18,/mnt/team/research-share/huangchunyang/etfmm_oe/wangcai_log_v2/passive_mid_own/2025-11-18.log:16322
35.21,35.18,False,688339.SH,2025-11-18,/mnt/team/research-share/huangchunyang/etfmm_oe/wangcai_log_v2/passive_mid_own/2025-11-18.log:35518
6.38,6.39,False,688223.SH,2025-11-18,/mnt/team/research-share/huangchunyang/etfmm_oe/wangcai_log_v2/passive_mid_own/2025-11-18.log:35559
65.7,65.69,False,688348.SH,2025-11-18,/mnt/team/research-share/huangchunyang/etfmm_oe/wangcai_log_v2/passive_mid_own/2025-11-18.log:36202
45.54,45.9,False,688680.SH,2025-11-18,/mnt/team/research-share/huangchunyang/etfmm_oe/wangcai_log_v2/passive_mid_own/2025-11-18.log:49943
59.48,59.47,False,688147.SH,2025-11-18,/mnt/team/research-share/huangchunyang/etfmm_oe/wangcai_log_v2/passive_mid_own/2025-11-18.log:50023
9.04,9.03,False,688779.SH,2025-11-18,/mnt/team/research-share/huangchunyang/etfmm_oe/wangcai_log_v2/passive_mid_own/2025-11-18.log:50305
18.35,18.18,False,688707.SH,2025-11-18,/mnt/team/research-share/huangchunyang/etfmm_oe/wangcai_log_v2/passive_mid_own/2025-11-18.log:50809
131.5,130.0,False,688353.SH,2025-11-18,/mnt/team/research-share/huangchunyang/etfmm_oe/wangcai_log_v2/passive_mid_own/2025-11-18.log:51279
26.14,26.15,False,688573.SH,2025-11-19,/mnt/team/research-share/huangchunyang/etfmm_oe/wangcai_log_v2/passive_mid_own/2025-11-19.log:17
6.1,6.11,False,688033.SH,2025-11-19,/mnt/team/research-share/huangchunyang/etfmm_oe/wangcai_log_v2/passive_mid_own/2025-11-19.log:48
33.99,33.9,False,688005.SH,2025-11-19,/mnt/team/research-share/huangchunyang/etfmm_oe/wangcai_log_v2/passive_mid_own/2025-11-19.log:585
17.0,16.99,False,688429.SH,2025-11-19,/mnt/team/research-share/huangchunyang/etfmm_oe/wangcai_log_v2/passive_mid_own/2025-11-19.log:3864
18.17,18.11,False,688567.SH,2025-11-19,/mnt/team/research-share/huangchunyang/etfmm_oe/wangcai_log_v2/passive_mid_own/2025-11-19.log:3890
55.06,55.24,False,688503.SH,2025-11-19,/mnt/team/research-share/huangchunyang/etfmm_oe/wangcai_log_v2/passive_mid_own/2025-11-19.log:4069
30.53,30.5,False,688006.SH,2025-11-19,/mnt/team/research-share/huangchunyang/etfmm_oe/wangcai_log_v2/passive_mid_own/2025-11-19.log:4101
90.3,90.98,False,688275.SH,2025-11-19,/mnt/team/research-share/huangchunyang/etfmm_oe/wangcai_log_v2/passive_mid_own/2025-11-19.log:4279
54.39,55.14,False,688559.SH,2025-11-19,/mnt/team/research-share/huangchunyang/etfmm_oe/wangcai_log_v2/passive_mid_own/2025-11-19.log:4395
18.48,18.42,False,688472.SH,2025-11-19,/mnt/team/research-share/huangchunyang/etfmm_oe/wangcai_log_v2/passive_mid_own/2025-11-19.log:5953
33.0,33.11,False,688612.SH,2025-11-19,/mnt/team/research-share/huangchunyang/etfmm_oe/wangcai_log_v2/passive_mid_own/2025-11-19.log:7751
41.58,41.6,False,688516.SH,2025-11-19,/mnt/team/research-share/huangchunyang/etfmm_oe/wangcai_log_v2/passive_mid_own/2025-11-19.log:7778
83.38,83.41,False,688778.SH,2025-11-19,/mnt/team/research-share/huangchunyang/etfmm_oe/wangcai_log_v2/passive_mid_own/2025-11-19.log:7904
63.7,63.1,False,688155.SH,2025-11-19,/mnt/team/research-share/huangchunyang/etfmm_oe/wangcai_log_v2/passive_mid_own/2025-11-19.log:8135
44.81,44.9,False,688726.SH,2025-11-19,/mnt/team/research-share/huangchunyang/etfmm_oe/wangcai_log_v2/passive_mid_own/2025-11-19.log:8178
32.42,32.41,False,688339.SH,2025-11-19,/mnt/team/research-share/huangchunyang/etfmm_oe/wangcai_log_v2/passive_mid_own/2025-11-19.log:8242
63.02,62.05,False,688348.SH,2025-11-19,/mnt/team/research-share/huangchunyang/etfmm_oe/wangcai_log_v2/passive_mid_own/2025-11-19.log:8569
11.45,11.49,False,688148.SH,2025-11-19,/mnt/team/research-share/huangchunyang/etfmm_oe/wangcai_log_v2/passive_mid_own/2025-11-19.log:8733
37.52,37.5,False,688388.SH,2025-11-19,/mnt/team/research-share/huangchunyang/etfmm_oe/wangcai_log_v2/passive_mid_own/2025-11-19.log:8929
8.36,8.38,False,688779.SH,2025-11-19,/mnt/team/research-share/huangchunyang/etfmm_oe/wangcai_log_v2/passive_mid_own/2025-11-19.log:9127
16.89,16.8,False,688707.SH,2025-11-19,/mnt/team/research-share/huangchunyang/etfmm_oe/wangcai_log_v2/passive_mid_own/2025-11-19.log:11112
24.92,25.01,False,688573.SH,2025-11-20,/mnt/team/research-share/huangchunyang/etfmm_oe/wangcai_log_v2/passive_mid_own/2025-11-20.log:48744
102.5,101.99,False,688392.SH,2025-11-20,/mnt/team/research-share/huangchunyang/etfmm_oe/wangcai_log_v2/passive_mid_own/2025-11-20.log:50109
54.43,54.39,False,688116.SH,2025-11-20,/mnt/team/research-share/huangchunyang/etfmm_oe/wangcai_log_v2/passive_mid_own/2025-11-20.log:50134
36.02,35.8,False,688005.SH,2025-11-20,/mnt/team/research-share/huangchunyang/etfmm_oe/wangcai_log_v2/passive_mid_own/2025-11-20.log:50329
59.33,59.2,False,688390.SH,2025-11-20,/mnt/team/research-share/huangchunyang/etfmm_oe/wangcai_log_v2/passive_mid_own/2025-11-20.log:50642
17.55,17.52,False,688567.SH,2025-11-20,/mnt/team/research-share/huangchunyang/etfmm_oe/wangcai_log_v2/passive_mid_own/2025-11-20.log:50998
54.84,54.5,False,688503.SH,2025-11-20,/mnt/team/research-share/huangchunyang/etfmm_oe/wangcai_log_v2/passive_mid_own/2025-11-20.log:51183
55.99,55.87,False,688499.SH,2025-11-20,/mnt/team/research-share/huangchunyang/etfmm_oe/wangcai_log_v2/passive_mid_own/2025-11-20.log:68529
15.42,15.41,False,688560.SH,2025-11-20,/mnt/team/research-share/huangchunyang/etfmm_oe/wangcai_log_v2/passive_mid_own/2025-11-20.log:68599
16.01,16.0,False,688660.SH,2025-11-20,/mnt/team/research-share/huangchunyang/etfmm_oe/wangcai_log_v2/passive_mid_own/2025-11-20.log:70456
68.8,68.9,False,688122.SH,2025-11-20,/mnt/team/research-share/huangchunyang/etfmm_oe/wangcai_log_v2/passive_mid_own/2025-11-20.log:70549
41.2,41.13,False,688516.SH,2025-11-20,/mnt/team/research-share/huangchunyang/etfmm_oe/wangcai_log_v2/passive_mid_own/2025-11-20.log:70682
29.52,29.5,False,688733.SH,2025-11-20,/mnt/team/research-share/huangchunyang/etfmm_oe/wangcai_log_v2/passive_mid_own/2025-11-20.log:70715
79.65,78.98,False,688778.SH,2025-11-20,/mnt/team/research-share/huangchunyang/etfmm_oe/wangcai_log_v2/passive_mid_own/2025-11-20.log:70783
62.46,62.1,False,688155.SH,2025-11-20,/mnt/team/research-share/huangchunyang/etfmm_oe/wangcai_log_v2/passive_mid_own/2025-11-20.log:70986
11.11,11.09,False,688148.SH,2025-11-20,/mnt/team/research-share/huangchunyang/etfmm_oe/wangcai_log_v2/passive_mid_own/2025-11-20.log:72773
37.22,37.5,False,688388.SH,2025-11-20,/mnt/team/research-share/huangchunyang/etfmm_oe/wangcai_log_v2/passive_mid_own/2025-11-20.log:72972
61.27,61.3,False,688147.SH,2025-11-20,/mnt/team/research-share/huangchunyang/etfmm_oe/wangcai_log_v2/passive_mid_own/2025-11-20.log:73021
29.91,29.87,False,688303.SH,2025-11-20,/mnt/team/research-share/huangchunyang/etfmm_oe/wangcai_log_v2/passive_mid_own/2025-11-20.log:73292
22.59,22.5,False,688186.SH,2025-11-20,/mnt/team/research-share/huangchunyang/etfmm_oe/wangcai_log_v2/passive_mid_own/2025-11-20.log:73458
115.0,114.77,False,688353.SH,2025-11-20,/mnt/team/research-share/huangchunyang/etfmm_oe/wangcai_log_v2/passive_mid_own/2025-11-20.log:73564
15.27,15.28,False,601155.SH,2025-11-24,/mnt/team/research-share/huangchunyang/etfmm_oe/wangcai_log_v2/passive_mid_own/2025-11-24.log:31172
0.0,113.24,False,300339.SZ,2025-11-25,/mnt/team/research-share/huangchunyang/etfmm_oe/wangcai_log_v2/passive_mid_own/2025-11-25.log:111
476.0,477.01,False,300308.SZ,2025-11-25,/mnt/team/research-share/huangchunyang/etfmm_oe/wangcai_log_v2/passive_mid_own/2025-11-25.log:4239
51.2,51.01,False,300598.SZ,2025-11-25,/mnt/team/research-share/huangchunyang/etfmm_oe/wangcai_log_v2/passive_mid_own/2025-11-25.log:4371
10.99,10.95,False,300231.SZ,2025-11-25,/mnt/team/research-share/huangchunyang/etfmm_oe/wangcai_log_v2/passive_mid_own/2025-11-25.log:4461
0.0,115.96,False,600487.SH,2025-11-25,/mnt/team/research-share/huangchunyang/etfmm_oe/wangcai_log_v2/passive_mid_own/2025-11-25.log:4489
125.44,125.11,False,300620.SZ,2025-11-25,/mnt/team/research-share/huangchunyang/etfmm_oe/wangcai_log_v2/passive_mid_own/2025-11-25.log:9899
0.0,13.94,False,600640.SH,2025-11-25,/mnt/team/research-share/huangchunyang/etfmm_oe/wangcai_log_v2/passive_mid_own/2025-11-25.log:9984
0.0,47.61,False,600996.SH,2025-11-25,/mnt/team/research-share/huangchunyang/etfmm_oe/wangcai_log_v2/passive_mid_own/2025-11-25.log:14149
41.35,41.3,False,300458.SZ,2025-11-25,/mnt/team/research-share/huangchunyang/etfmm_oe/wangcai_log_v2/passive_mid_own/2025-11-25.log:19110
43.55,43.5,False,300418.SZ,2025-11-25,/mnt/team/research-share/huangchunyang/etfmm_oe/wangcai_log_v2/passive_mid_own/2025-11-25.log:19167
11.59,11.58,False,601098.SH,2025-11-25,/mnt/team/research-share/huangchunyang/etfmm_oe/wangcai_log_v2/passive_mid_own/2025-11-25.log:19224
43.0,42.14,False,301171.SZ,2025-11-25,/mnt/team/research-share/huangchunyang/etfmm_oe/wangcai_log_v2/passive_mid_own/2025-11-25.log:19361
0.0,71.51,False,300394.SZ,2025-11-25,/mnt/team/research-share/huangchunyang/etfmm_oe/wangcai_log_v2/passive_mid_own/2025-11-25.log:19386
146.8,146.66,False,300394.SZ,2025-11-25,/mnt/team/research-share/huangchunyang/etfmm_oe/wangcai_log_v2/passive_mid_own/2025-11-25.log:24169
28.46,28.4,False,300364.SZ,2025-11-25,/mnt/team/research-share/huangchunyang/etfmm_oe/wangcai_log_v2/passive_mid_own/2025-11-25.log:24311
302.0,303.0,False,300502.SZ,2025-11-25,/mnt/team/research-share/huangchunyang/etfmm_oe/wangcai_log_v2/passive_mid_own/2025-11-25.log:25398
321.02,321.0,False,300033.SZ,2025-11-25,/mnt/team/research-share/huangchunyang/etfmm_oe/wangcai_log_v2/passive_mid_own/2025-11-25.log:25639
48.0,47.95,False,301486.SZ,2025-11-25,/mnt/team/research-share/huangchunyang/etfmm_oe/wangcai_log_v2/passive_mid_own/2025-11-25.log:25694
75.74,75.73,False,301486.SZ,2025-11-25,/mnt/team/research-share/huangchunyang/etfmm_oe/wangcai_log_v2/passive_mid_own/2025-11-25.log:25707
45.68,45.35,False,300895.SZ,2025-11-25,/mnt/team/research-share/huangchunyang/etfmm_oe/wangcai_log_v2/passive_mid_own/2025-11-25.log:25725
79.99,79.9,False,300624.SZ,2025-11-25,/mnt/team/research-share/huangchunyang/etfmm_oe/wangcai_log_v2/passive_mid_own/2025-11-25.log:25770
6.11,6.1,False,300081.SZ,2025-11-25,/mnt/team/research-share/huangchunyang/etfmm_oe/wangcai_log_v2/passive_mid_own/2025-11-25.log:25896
54.68,55.2,False,301536.SZ,2025-11-25,/mnt/team/research-share/huangchunyang/etfmm_oe/wangcai_log_v2/passive_mid_own/2025-11-25.log:25958
10.86,10.82,False,300058.SZ,2025-11-25,/mnt/team/research-share/huangchunyang/etfmm_oe/wangcai_log_v2/passive_mid_own/2025-11-25.log:26308
64.45,64.46,False,688036.SH,2025-11-25,/mnt/team/research-share/huangchunyang/etfmm_oe/wangcai_log_v2/passive_mid_own/2025-11-25.log:26326
137.0,137.88,False,300857.SZ,2025-11-25,/mnt/team/research-share/huangchunyang/etfmm_oe/wangcai_log_v2/passive_mid_own/2025-11-25.log:26347
23.5,23.56,False,688182.SH,2025-11-25,/mnt/team/research-share/huangchunyang/etfmm_oe/wangcai_log_v2/passive_mid_own/2025-11-25.log:26364
11.27,11.22,False,300166.SZ,2025-11-25,/mnt/team/research-share/huangchunyang/etfmm_oe/wangcai_log_v2/passive_mid_own/2025-11-25.log:26382
6.74,6.73,False,688387.SH,2025-11-25,/mnt/team/research-share/huangchunyang/etfmm_oe/wangcai_log_v2/passive_mid_own/2025-11-25.log:27888
69.99,69.96,False,301165.SZ,2025-11-25,/mnt/team/research-share/huangchunyang/etfmm_oe/wangcai_log_v2/passive_mid_own/2025-11-25.log:27922
34.0,33.99,False,300628.SZ,2025-11-25,/mnt/team/research-share/huangchunyang/etfmm_oe/wangcai_log_v2/passive_mid_own/2025-11-25.log:27944
0.0,18.04,False,603444.SH,2025-11-25,/mnt/team/research-share/huangchunyang/etfmm_oe/wangcai_log_v2/passive_mid_own/2025-11-25.log:28100
19.85,19.7,False,300738.SZ,2025-11-25,/mnt/team/research-share/huangchunyang/etfmm_oe/wangcai_log_v2/passive_mid_own/2025-11-25.log:32384
115.0,115.2,False,301205.SZ,2025-11-25,/mnt/team/research-share/huangchunyang/etfmm_oe/wangcai_log_v2/passive_mid_own/2025-11-25.log:32422
14.82,14.81,False,300541.SZ,2025-11-26,/mnt/team/research-share/huangchunyang/etfmm_oe/wangcai_log_v2/passive_mid_own/2025-11-26.log:23
12.74,12.73,False,300252.SZ,2025-11-26,/mnt/team/research-share/huangchunyang/etfmm_oe/wangcai_log_v2/passive_mid_own/2025-11-26.log:38
48.8,48.86,False,301236.SZ,2025-11-26,/mnt/team/research-share/huangchunyang/etfmm_oe/wangcai_log_v2/passive_mid_own/2025-11-26.log:77
119.0,118.26,False,300548.SZ,2025-11-26,/mnt/team/research-share/huangchunyang/etfmm_oe/wangcai_log_v2/passive_mid_own/2025-11-26.log:128
21.0,20.98,False,300229.SZ,2025-11-26,/mnt/team/research-share/huangchunyang/etfmm_oe/wangcai_log_v2/passive_mid_own/2025-11-26.log:152
5.53,5.54,False,300287.SZ,2025-11-26,/mnt/team/research-share/huangchunyang/etfmm_oe/wangcai_log_v2/passive_mid_own/2025-11-26.log:461
19.73,19.75,False,300212.SZ,2025-11-26,/mnt/team/research-share/huangchunyang/etfmm_oe/wangcai_log_v2/passive_mid_own/2025-11-26.log:499
50.8,50.78,False,300598.SZ,2025-11-26,/mnt/team/research-share/huangchunyang/etfmm_oe/wangcai_log_v2/passive_mid_own/2025-11-26.log:549
15.01,15.0,False,300188.SZ,2025-11-26,/mnt/team/research-share/huangchunyang/etfmm_oe/wangcai_log_v2/passive_mid_own/2025-11-26.log:577
18.45,18.37,False,300170.SZ,2025-11-26,/mnt/team/research-share/huangchunyang/etfmm_oe/wangcai_log_v2/passive_mid_own/2025-11-26.log:621
76.91,76.94,False,301486.SZ,2025-11-26,/mnt/team/research-share/huangchunyang/etfmm_oe/wangcai_log_v2/passive_mid_own/2025-11-26.log:655
63.7,63.68,False,300496.SZ,2025-11-26,/mnt/team/research-share/huangchunyang/etfmm_oe/wangcai_log_v2/passive_mid_own/2025-11-26.log:719
45.0,44.68,False,301171.SZ,2025-11-26,/mnt/team/research-share/huangchunyang/etfmm_oe/wangcai_log_v2/passive_mid_own/2025-11-26.log:836
0.0,47.48,False,300394.SZ,2025-11-26,/mnt/team/research-share/huangchunyang/etfmm_oe/wangcai_log_v2/passive_mid_own/2025-11-26.log:855
145.0,144.87,False,300394.SZ,2025-11-26,/mnt/team/research-share/huangchunyang/etfmm_oe/wangcai_log_v2/passive_mid_own/2025-11-26.log:6285
475.23,475.2,False,300308.SZ,2025-11-26,/mnt/team/research-share/huangchunyang/etfmm_oe/wangcai_log_v2/passive_mid_own/2025-11-26.log:6365
28.7,28.5,False,300364.SZ,2025-11-26,/mnt/team/research-share/huangchunyang/etfmm_oe/wangcai_log_v2/passive_mid_own/2025-11-26.log:6397
72.9,72.88,False,300474.SZ,2025-11-26,/mnt/team/research-share/huangchunyang/etfmm_oe/wangcai_log_v2/passive_mid_own/2025-11-26.log:6443
117.3,116.61,False,301205.SZ,2025-11-26,/mnt/team/research-share/huangchunyang/etfmm_oe/wangcai_log_v2/passive_mid_own/2025-11-26.log:6481
143.51,141.18,False,300620.SZ,2025-11-26,/mnt/team/research-share/huangchunyang/etfmm_oe/wangcai_log_v2/passive_mid_own/2025-11-26.log:6653
45.53,45.52,False,300418.SZ,2025-11-26,/mnt/team/research-share/huangchunyang/etfmm_oe/wangcai_log_v2/passive_mid_own/2025-11-26.log:6711
0.0,46.15,False,300058.SZ,2025-11-26,/mnt/team/research-share/huangchunyang/etfmm_oe/wangcai_log_v2/passive_mid_own/2025-11-26.log:6729
14.71,14.72,False,300053.SZ,2025-11-26,/mnt/team/research-share/huangchunyang/etfmm_oe/wangcai_log_v2/passive_mid_own/2025-11-26.log:11208
55.05,55.17,False,301536.SZ,2025-11-26,/mnt/team/research-share/huangchunyang/etfmm_oe/wangcai_log_v2/passive_mid_own/2025-11-26.log:11234
33.83,33.88,False,300628.SZ,2025-11-26,/mnt/team/research-share/huangchunyang/etfmm_oe/wangcai_log_v2/passive_mid_own/2025-11-26.log:11272
21.25,21.24,False,300846.SZ,2025-11-26,/mnt/team/research-share/huangchunyang/etfmm_oe/wangcai_log_v2/passive_mid_own/2025-11-26.log:11326
79.94,78.5,False,300624.SZ,2025-11-26,/mnt/team/research-share/huangchunyang/etfmm_oe/wangcai_log_v2/passive_mid_own/2025-11-26.log:11353
6.02,5.98,False,300081.SZ,2025-11-26,/mnt/team/research-share/huangchunyang/etfmm_oe/wangcai_log_v2/passive_mid_own/2025-11-26.log:11372
41.69,41.66,False,300458.SZ,2025-11-27,/mnt/team/research-share/huangchunyang/etfmm_oe/wangcai_log_v2/passive_mid_own/2025-11-27.log:23
73.49,73.31,False,300474.SZ,2025-11-27,/mnt/team/research-share/huangchunyang/etfmm_oe/wangcai_log_v2/passive_mid_own/2025-11-27.log:37
21.57,21.56,False,300045.SZ,2025-11-27,/mnt/team/research-share/huangchunyang/etfmm_oe/wangcai_log_v2/passive_mid_own/2025-11-27.log:62
63.92,63.9,False,300496.SZ,2025-11-27,/mnt/team/research-share/huangchunyang/etfmm_oe/wangcai_log_v2/passive_mid_own/2025-11-27.log:76
320.29,320.34,False,300033.SZ,2025-11-27,/mnt/team/research-share/huangchunyang/etfmm_oe/wangcai_log_v2/passive_mid_own/2025-11-27.log:92
64.74,64.7,False,688036.SH,2025-11-27,/mnt/team/research-share/huangchunyang/etfmm_oe/wangcai_log_v2/passive_mid_own/2025-11-27.log:116
120.55,120.0,False,300548.SZ,2025-11-27,/mnt/team/research-share/huangchunyang/etfmm_oe/wangcai_log_v2/passive_mid_own/2025-11-27.log:36937
14.4,14.38,False,300053.SZ,2025-11-27,/mnt/team/research-share/huangchunyang/etfmm_oe/wangcai_log_v2/passive_mid_own/2025-11-27.log:36956
11.63,11.62,False,300002.SZ,2025-11-27,/mnt/team/research-share/huangchunyang/etfmm_oe/wangcai_log_v2/passive_mid_own/2025-11-27.log:36973
20.76,20.75,False,300229.SZ,2025-11-27,/mnt/team/research-share/huangchunyang/etfmm_oe/wangcai_log_v2/passive_mid_own/2025-11-27.log:37034
148.6,147.16,False,300620.SZ,2025-11-27,/mnt/team/research-share/huangchunyang/etfmm_oe/wangcai_log_v2/passive_mid_own/2025-11-27.log:37421
35.01,35.0,False,688100.SH,2025-11-27,/mnt/team/research-share/huangchunyang/etfmm_oe/wangcai_log_v2/passive_mid_own/2025-11-27.log:38515
78.51,78.24,False,300624.SZ,2025-11-27,/mnt/team/research-share/huangchunyang/etfmm_oe/wangcai_log_v2/passive_mid_own/2025-11-27.log:38535
0.0,35.64,False,603083.SH,2025-11-27,/mnt/team/research-share/huangchunyang/etfmm_oe/wangcai_log_v2/passive_mid_own/2025-11-27.log:38567
0.0,11.85,False,603083.SH,2025-11-27,/mnt/team/research-share/huangchunyang/etfmm_oe/wangcai_log_v2/passive_mid_own/2025-11-27.log:41709
0.0,23.48,False,603083.SH,2025-11-27,/mnt/team/research-share/huangchunyang/etfmm_oe/wangcai_log_v2/passive_mid_own/2025-11-27.log:46680
12.47,12.49,False,300252.SZ,2025-11-27,/mnt/team/research-share/huangchunyang/etfmm_oe/wangcai_log_v2/passive_mid_own/2025-11-27.log:50710
5.37,5.34,False,300287.SZ,2025-11-27,/mnt/team/research-share/huangchunyang/etfmm_oe/wangcai_log_v2/passive_mid_own/2025-11-27.log:50762
19.36,19.28,False,300212.SZ,2025-11-27,/mnt/team/research-share/huangchunyang/etfmm_oe/wangcai_log_v2/passive_mid_own/2025-11-27.log:51728
537.04,537.0,False,300308.SZ,2025-11-27,/mnt/team/research-share/huangchunyang/etfmm_oe/wangcai_log_v2/passive_mid_own/2025-11-27.log:51795
13.76,13.78,False,300348.SZ,2025-11-27,/mnt/team/research-share/huangchunyang/etfmm_oe/wangcai_log_v2/passive_mid_own/2025-11-27.log:51853
20.32,20.31,False,300353.SZ,2025-11-27,/mnt/team/research-share/huangchunyang/etfmm_oe/wangcai_log_v2/passive_mid_own/2025-11-27.log:51870
0.0,18.35,False,603236.SH,2025-11-27,/mnt/team/research-share/huangchunyang/etfmm_oe/wangcai_log_v2/passive_mid_own/2025-11-27.log:51957
12.96,12.97,False,300383.SZ,2025-11-27,/mnt/team/research-share/huangchunyang/etfmm_oe/wangcai_log_v2/passive_mid_own/2025-11-27.log:56205
155.03,155.02,False,300394.SZ,2025-11-27,/mnt/team/research-share/huangchunyang/etfmm_oe/wangcai_log_v2/passive_mid_own/2025-11-27.log:56231
7.8,7.78,False,300133.SZ,2025-11-27,/mnt/team/research-share/huangchunyang/etfmm_oe/wangcai_log_v2/passive_mid_own/2025-11-27.log:56249
25.98,25.9,False,300413.SZ,2025-11-27,/mnt/team/research-share/huangchunyang/etfmm_oe/wangcai_log_v2/passive_mid_own/2025-11-27.log:56279
44.78,44.6,False,300418.SZ,2025-11-27,/mnt/team/research-share/huangchunyang/etfmm_oe/wangcai_log_v2/passive_mid_own/2025-11-27.log:56317
5.91,5.9,False,300081.SZ,2025-11-27,/mnt/team/research-share/huangchunyang/etfmm_oe/wangcai_log_v2/passive_mid_own/2025-11-27.log:56332
0.0,48.34,False,300058.SZ,2025-11-27,/mnt/team/research-share/huangchunyang/etfmm_oe/wangcai_log_v2/passive_mid_own/2025-11-27.log:56357
10.92,10.79,False,300058.SZ,2025-11-27,/mnt/team/research-share/huangchunyang/etfmm_oe/wangcai_log_v2/passive_mid_own/2025-11-27.log:61591
28.5,28.12,False,300364.SZ,2025-11-27,/mnt/team/research-share/huangchunyang/etfmm_oe/wangcai_log_v2/passive_mid_own/2025-11-27.log:61610
33.7,33.65,False,300628.SZ,2025-11-27,/mnt/team/research-share/huangchunyang/etfmm_oe/wangcai_log_v2/passive_mid_own/2025-11-27.log:61630
50.78,50.8,False,300598.SZ,2025-11-27,/mnt/team/research-share/huangchunyang/etfmm_oe/wangcai_log_v2/passive_mid_own/2025-11-27.log:61644
48.09,48.04,False,301236.SZ,2025-11-27,/mnt/team/research-share/huangchunyang/etfmm_oe/wangcai_log_v2/passive_mid_own/2025-11-27.log:61794
48.68,48.65,False,300913.SZ,2025-11-27,/mnt/team/research-share/huangchunyang/etfmm_oe/wangcai_log_v2/passive_mid_own/2025-11-27.log:61858
44.03,43.99,False,301171.SZ,2025-11-27,/mnt/team/research-share/huangchunyang/etfmm_oe/wangcai_log_v2/passive_mid_own/2025-11-27.log:63030
73.27,73.26,False,301165.SZ,2025-11-27,/mnt/team/research-share/huangchunyang/etfmm_oe/wangcai_log_v2/passive_mid_own/2025-11-27.log:63080
79.72,78.82,False,301486.SZ,2025-11-27,/mnt/team/research-share/huangchunyang/etfmm_oe/wangcai_log_v2/passive_mid_own/2025-11-27.log:63099
121.47,120.14,False,301205.SZ,2025-11-27,/mnt/team/research-share/huangchunyang/etfmm_oe/wangcai_log_v2/passive_mid_own/2025-11-27.log:63135
0.0,24.58,False,301339.SZ,2025-11-27,/mnt/team/research-share/huangchunyang/etfmm_oe/wangcai_log_v2/passive_mid_own/2025-11-27.log:76658
19.62,19.6,False,300738.SZ,2025-11-27,/mnt/team/research-share/huangchunyang/etfmm_oe/wangcai_log_v2/passive_mid_own/2025-11-27.log:80805
43.99,43.98,False,300458.SZ,2025-12-02,/mnt/team/research-share/huangchunyang/etfmm_oe/wangcai_log_v2/passive_mid_own/2025-12-02.log:20
73.65,73.66,False,300474.SZ,2025-12-02,/mnt/team/research-share/huangchunyang/etfmm_oe/wangcai_log_v2/passive_mid_own/2025-12-02.log:38
0.0,23.1,False,300496.SZ,2025-12-02,/mnt/team/research-share/huangchunyang/etfmm_oe/wangcai_log_v2/passive_mid_own/2025-12-02.log:73
69.0,68.92,False,300496.SZ,2025-12-02,/mnt/team/research-share/huangchunyang/etfmm_oe/wangcai_log_v2/passive_mid_own/2025-12-02.log:4154
324.26,323.01,False,300033.SZ,2025-12-02,/mnt/team/research-share/huangchunyang/etfmm_oe/wangcai_log_v2/passive_mid_own/2025-12-02.log:4169
72.08,72.03,False,688036.SH,2025-12-02,/mnt/team/research-share/huangchunyang/etfmm_oe/wangcai_log_v2/passive_mid_own/2025-12-02.log:4198
10.45,10.46,False,300017.SZ,2025-12-02,/mnt/team/research-share/huangchunyang/etfmm_oe/wangcai_log_v2/passive_mid_own/2025-12-02.log:4270
14.89,14.88,False,300541.SZ,2025-12-02,/mnt/team/research-share/huangchunyang/etfmm_oe/wangcai_log_v2/passive_mid_own/2025-12-02.log:4290
117.9,117.5,False,300548.SZ,2025-12-02,/mnt/team/research-share/huangchunyang/etfmm_oe/wangcai_log_v2/passive_mid_own/2025-12-02.log:4332
17.06,16.83,False,300053.SZ,2025-12-02,/mnt/team/research-share/huangchunyang/etfmm_oe/wangcai_log_v2/passive_mid_own/2025-12-02.log:4409
21.14,21.16,False,300229.SZ,2025-12-02,/mnt/team/research-share/huangchunyang/etfmm_oe/wangcai_log_v2/passive_mid_own/2025-12-02.log:5547
147.43,143.06,False,300620.SZ,2025-12-02,/mnt/team/research-share/huangchunyang/etfmm_oe/wangcai_log_v2/passive_mid_own/2025-12-02.log:5852
25.45,25.4,False,300455.SZ,2025-12-02,/mnt/team/research-share/huangchunyang/etfmm_oe/wangcai_log_v2/passive_mid_own/2025-12-02.log:5983
13.28,13.26,False,300252.SZ,2025-12-02,/mnt/team/research-share/huangchunyang/etfmm_oe/wangcai_log_v2/passive_mid_own/2025-12-02.log:6018
96.63,96.14,False,300223.SZ,2025-12-02,/mnt/team/research-share/huangchunyang/etfmm_oe/wangcai_log_v2/passive_mid_own/2025-12-02.log:6087
15.46,15.41,False,300188.SZ,2025-12-02,/mnt/team/research-share/huangchunyang/etfmm_oe/wangcai_log_v2/passive_mid_own/2025-12-02.log:6235
117.02,117.5,False,300454.SZ,2025-12-02,/mnt/team/research-share/huangchunyang/etfmm_oe/wangcai_log_v2/passive_mid_own/2025-12-02.log:6322
19.85,19.71,False,300170.SZ,2025-12-02,/mnt/team/research-share/huangchunyang/etfmm_oe/wangcai_log_v2/passive_mid_own/2025-12-02.log:6367
160.0,158.5,False,300394.SZ,2025-12-02,/mnt/team/research-share/huangchunyang/etfmm_oe/wangcai_log_v2/passive_mid_own/2025-12-02.log:22721
21.16,21.21,False,603712.SH,2025-12-02,/mnt/team/research-share/huangchunyang/etfmm_oe/wangcai_log_v2/passive_mid_own/2025-12-02.log:22762
0.0,43.31,False,300081.SZ,2025-12-02,/mnt/team/research-share/huangchunyang/etfmm_oe/wangcai_log_v2/passive_mid_own/2025-12-02.log:22828
5.85,5.84,False,300081.SZ,2025-12-02,/mnt/team/research-share/huangchunyang/etfmm_oe/wangcai_log_v2/passive_mid_own/2025-12-02.log:27844
51.11,51.03,False,300442.SZ,2025-12-02,/mnt/team/research-share/huangchunyang/etfmm_oe/wangcai_log_v2/passive_mid_own/2025-12-02.log:27869
10.41,10.4,False,300058.SZ,2025-12-02,/mnt/team/research-share/huangchunyang/etfmm_oe/wangcai_log_v2/passive_mid_own/2025-12-02.log:28018
34.39,34.4,False,300628.SZ,2025-12-02,/mnt/team/research-share/huangchunyang/etfmm_oe/wangcai_log_v2/passive_mid_own/2025-12-02.log:28053
10.94,10.91,False,300231.SZ,2025-12-02,/mnt/team/research-share/huangchunyang/etfmm_oe/wangcai_log_v2/passive_mid_own/2025-12-02.log:28085
28.67,28.71,False,002544.SZ,2025-12-02,/mnt/team/research-share/huangchunyang/etfmm_oe/wangcai_log_v2/passive_mid_own/2025-12-02.log:28132
48.36,48.43,False,301236.SZ,2025-12-02,/mnt/team/research-share/huangchunyang/etfmm_oe/wangcai_log_v2/passive_mid_own/2025-12-02.log:28217
51.9,52.0,False,300913.SZ,2025-12-02,/mnt/team/research-share/huangchunyang/etfmm_oe/wangcai_log_v2/passive_mid_own/2025-12-02.log:28275
40.34,40.27,False,301171.SZ,2025-12-02,/mnt/team/research-share/huangchunyang/etfmm_oe/wangcai_log_v2/passive_mid_own/2025-12-02.log:28300
59.35,58.93,False,301536.SZ,2025-12-02,/mnt/team/research-share/huangchunyang/etfmm_oe/wangcai_log_v2/passive_mid_own/2025-12-02.log:28332
74.83,74.82,False,301165.SZ,2025-12-02,/mnt/team/research-share/huangchunyang/etfmm_oe/wangcai_log_v2/passive_mid_own/2025-12-02.log:29551
78.58,78.72,False,301486.SZ,2025-12-02,/mnt/team/research-share/huangchunyang/etfmm_oe/wangcai_log_v2/passive_mid_own/2025-12-02.log:29564
123.0,122.23,False,301205.SZ,2025-12-02,/mnt/team/research-share/huangchunyang/etfmm_oe/wangcai_log_v2/passive_mid_own/2025-12-02.log:29599
19.99,20.0,False,600487.SH,2025-12-02,/mnt/team/research-share/huangchunyang/etfmm_oe/wangcai_log_v2/passive_mid_own/2025-12-02.log:29663
33.33,33.0,False,300638.SZ,2025-12-02,/mnt/team/research-share/huangchunyang/etfmm_oe/wangcai_log_v2/passive_mid_own/2025-12-02.log:30452
14.9,14.83,False,301339.SZ,2025-12-02,/mnt/team/research-share/huangchunyang/etfmm_oe/wangcai_log_v2/passive_mid_own/2025-12-02.log:30465
21.05,21.07,False,300846.SZ,2025-12-02,/mnt/team/research-share/huangchunyang/etfmm_oe/wangcai_log_v2/passive_mid_own/2025-12-02.log:44275
0.0,43.45,False,300474.SZ,2025-12-03,/mnt/team/research-share/huangchunyang/etfmm_oe/wangcai_log_v2/passive_mid_own/2025-12-03.log:32
67.5,67.88,False,300033.SZ,2025-12-03,/mnt/team/research-share/huangchunyang/etfmm_oe/wangcai_log_v2/passive_mid_own/2025-12-03.log:4103
73.68,73.5,False,688036.SH,2025-12-03,/mnt/team/research-share/huangchunyang/etfmm_oe/wangcai_log_v2/passive_mid_own/2025-12-03.log:4157
372.0,371.8,False,300502.SZ,2025-12-03,/mnt/team/research-share/huangchunyang/etfmm_oe/wangcai_log_v2/passive_mid_own/2025-12-03.log:4199
14.75,14.77,False,300541.SZ,2025-12-03,/mnt/team/research-share/huangchunyang/etfmm_oe/wangcai_log_v2/passive_mid_own/2025-12-03.log:4247
117.5,117.42,False,300548.SZ,2025-12-03,/mnt/team/research-share/huangchunyang/etfmm_oe/wangcai_log_v2/passive_mid_own/2025-12-03.log:4269
16.89,16.7,False,300053.SZ,2025-12-03,/mnt/team/research-share/huangchunyang/etfmm_oe/wangcai_log_v2/passive_mid_own/2025-12-03.log:4306
20.6,20.57,False,300229.SZ,2025-12-03,/mnt/team/research-share/huangchunyang/etfmm_oe/wangcai_log_v2/passive_mid_own/2025-12-03.log:5452
37.8,37.78,False,300563.SZ,2025-12-03,/mnt/team/research-share/huangchunyang/etfmm_oe/wangcai_log_v2/passive_mid_own/2025-12-03.log:5636
25.73,25.5,False,300455.SZ,2025-12-03,/mnt/team/research-share/huangchunyang/etfmm_oe/wangcai_log_v2/passive_mid_own/2025-12-03.log:5677
13.36,13.33,False,300252.SZ,2025-12-03,/mnt/team/research-share/huangchunyang/etfmm_oe/wangcai_log_v2/passive_mid_own/2025-12-03.log:5738
0.0,94.3,False,603496.SH,2025-12-03,/mnt/team/research-share/huangchunyang/etfmm_oe/wangcai_log_v2/passive_mid_own/2025-12-03.log:5774
540.87,540.54,False,300308.SZ,2025-12-03,/mnt/team/research-share/huangchunyang/etfmm_oe/wangcai_log_v2/passive_mid_own/2025-12-03.log:11095
50.25,50.24,False,300339.SZ,2025-12-03,/mnt/team/research-share/huangchunyang/etfmm_oe/wangcai_log_v2/passive_mid_own/2025-12-03.log:11118
15.35,15.34,False,300188.SZ,2025-12-03,/mnt/team/research-share/huangchunyang/etfmm_oe/wangcai_log_v2/passive_mid_own/2025-12-03.log:11135
13.63,13.56,False,300348.SZ,2025-12-03,/mnt/team/research-share/huangchunyang/etfmm_oe/wangcai_log_v2/passive_mid_own/2025-12-03.log:11150
0.0,20.3,False,300454.SZ,2025-12-03,/mnt/team/research-share/huangchunyang/etfmm_oe/wangcai_log_v2/passive_mid_own/2025-12-03.log:11174
115.0,114.41,False,300454.SZ,2025-12-03,/mnt/team/research-share/huangchunyang/etfmm_oe/wangcai_log_v2/passive_mid_own/2025-12-03.log:15328
18.96,18.8,False,300170.SZ,2025-12-03,/mnt/team/research-share/huangchunyang/etfmm_oe/wangcai_log_v2/passive_mid_own/2025-12-03.log:15353
163.96,164.0,False,300394.SZ,2025-12-03,/mnt/team/research-share/huangchunyang/etfmm_oe/wangcai_log_v2/passive_mid_own/2025-12-03.log:15455
24.79,24.78,False,300413.SZ,2025-12-03,/mnt/team/research-share/huangchunyang/etfmm_oe/wangcai_log_v2/passive_mid_own/2025-12-03.log:15570
41.83,41.77,False,300418.SZ,2025-12-03,/mnt/team/research-share/huangchunyang/etfmm_oe/wangcai_log_v2/passive_mid_own/2025-12-03.log:15601
5.92,5.89,False,300081.SZ,2025-12-03,/mnt/team/research-share/huangchunyang/etfmm_oe/wangcai_log_v2/passive_mid_own/2025-12-03.log:15618
50.29,50.03,False,300442.SZ,2025-12-03,/mnt/team/research-share/huangchunyang/etfmm_oe/wangcai_log_v2/passive_mid_own/2025-12-03.log:15642
9.92,9.9,False,300058.SZ,2025-12-03,/mnt/team/research-share/huangchunyang/etfmm_oe/wangcai_log_v2/passive_mid_own/2025-12-03.log:15718
26.22,26.2,False,300364.SZ,2025-12-03,/mnt/team/research-share/huangchunyang/etfmm_oe/wangcai_log_v2/passive_mid_own/2025-12-03.log:15747
34.16,34.17,False,300628.SZ,2025-12-03,/mnt/team/research-share/huangchunyang/etfmm_oe/wangcai_log_v2/passive_mid_own/2025-12-03.log:16848
0.0,10.88,False,300857.SZ,2025-12-03,/mnt/team/research-share/huangchunyang/etfmm_oe/wangcai_log_v2/passive_mid_own/2025-12-03.log:16885
47.3,47.18,False,301236.SZ,2025-12-03,/mnt/team/research-share/huangchunyang/etfmm_oe/wangcai_log_v2/passive_mid_own/2025-12-03.log:20970
52.18,52.02,False,300913.SZ,2025-12-03,/mnt/team/research-share/huangchunyang/etfmm_oe/wangcai_log_v2/passive_mid_own/2025-12-03.log:21056
39.77,39.7,False,301171.SZ,2025-12-03,/mnt/team/research-share/huangchunyang/etfmm_oe/wangcai_log_v2/passive_mid_own/2025-12-03.log:21089
58.91,58.9,False,301536.SZ,2025-12-03,/mnt/team/research-share/huangchunyang/etfmm_oe/wangcai_log_v2/passive_mid_own/2025-12-03.log:21117
75.23,75.11,False,301165.SZ,2025-12-03,/mnt/team/research-share/huangchunyang/etfmm_oe/wangcai_log_v2/passive_mid_own/2025-12-03.log:21134
78.1,78.09,False,301486.SZ,2025-12-03,/mnt/team/research-share/huangchunyang/etfmm_oe/wangcai_log_v2/passive_mid_own/2025-12-03.log:21153
34.0,33.88,False,300638.SZ,2025-12-03,/mnt/team/research-share/huangchunyang/etfmm_oe/wangcai_log_v2/passive_mid_own/2025-12-03.log:21384
14.61,14.66,False,301339.SZ,2025-12-03,/mnt/team/research-share/huangchunyang/etfmm_oe/wangcai_log_v2/passive_mid_own/2025-12-03.log:21399
0.0,12.34,False,300726.SZ,2025-12-03,/mnt/team/research-share/huangchunyang/etfmm_oe/wangcai_log_v2/passive_mid_own/2025-12-03.log:21523
41.36,41.34,False,300726.SZ,2025-12-03,/mnt/team/research-share/huangchunyang/etfmm_oe/wangcai_log_v2/passive_mid_own/2025-12-03.log:26591
42.19,42.26,False,300458.SZ,2025-12-04,/mnt/team/research-share/huangchunyang/etfmm_oe/wangcai_log_v2/passive_mid_own/2025-12-04.log:15
21.99,21.98,False,300045.SZ,2025-12-04,/mnt/team/research-share/huangchunyang/etfmm_oe/wangcai_log_v2/passive_mid_own/2025-12-04.log:56
65.54,65.38,False,300496.SZ,2025-12-04,/mnt/team/research-share/huangchunyang/etfmm_oe/wangcai_log_v2/passive_mid_own/2025-12-04.log:77
315.0,315.32,False,300033.SZ,2025-12-04,/mnt/team/research-share/huangchunyang/etfmm_oe/wangcai_log_v2/passive_mid_own/2025-12-04.log:97
69.38,69.12,False,688036.SH,2025-12-04,/mnt/team/research-share/huangchunyang/etfmm_oe/wangcai_log_v2/passive_mid_own/2025-12-04.log:121
370.0,367.13,False,300502.SZ,2025-12-04,/mnt/team/research-share/huangchunyang/etfmm_oe/wangcai_log_v2/passive_mid_own/2025-12-04.log:159
10.09,10.11,False,300017.SZ,2025-12-04,/mnt/team/research-share/huangchunyang/etfmm_oe/wangcai_log_v2/passive_mid_own/2025-12-04.log:17799
115.56,115.4,False,300548.SZ,2025-12-04,/mnt/team/research-share/huangchunyang/etfmm_oe/wangcai_log_v2/passive_mid_own/2025-12-04.log:17843
15.95,15.86,False,300053.SZ,2025-12-04,/mnt/team/research-share/huangchunyang/etfmm_oe/wangcai_log_v2/passive_mid_own/2025-12-04.log:17877
10.96,10.98,False,300002.SZ,2025-12-04,/mnt/team/research-share/huangchunyang/etfmm_oe/wangcai_log_v2/passive_mid_own/2025-12-04.log:17896
102.04,102.02,False,300570.SZ,2025-12-04,/mnt/team/research-share/huangchunyang/etfmm_oe/wangcai_log_v2/passive_mid_own/2025-12-04.log:17914
19.93,19.9,False,300229.SZ,2025-12-04,/mnt/team/research-share/huangchunyang/etfmm_oe/wangcai_log_v2/passive_mid_own/2025-12-04.log:18880
45.67,45.43,False,300613.SZ,2025-12-04,/mnt/team/research-share/huangchunyang/etfmm_oe/wangcai_log_v2/passive_mid_own/2025-12-04.log:18933
139.94,139.0,False,300620.SZ,2025-12-04,/mnt/team/research-share/huangchunyang/etfmm_oe/wangcai_log_v2/passive_mid_own/2025-12-04.log:18965
38.3,38.04,False,300563.SZ,2025-12-04,/mnt/team/research-share/huangchunyang/etfmm_oe/wangcai_log_v2/passive_mid_own/2025-12-04.log:19056
25.51,25.3,False,300455.SZ,2025-12-04,/mnt/team/research-share/huangchunyang/etfmm_oe/wangcai_log_v2/passive_mid_own/2025-12-04.log:19107
13.54,13.55,False,300252.SZ,2025-12-04,/mnt/team/research-share/huangchunyang/etfmm_oe/wangcai_log_v2/passive_mid_own/2025-12-04.log:19439
91.0,90.51,False,300223.SZ,2025-12-04,/mnt/team/research-share/huangchunyang/etfmm_oe/wangcai_log_v2/passive_mid_own/2025-12-04.log:19460
517.52,517.37,False,300308.SZ,2025-12-04,/mnt/team/research-share/huangchunyang/etfmm_oe/wangcai_log_v2/passive_mid_own/2025-12-04.log:19581
20.06,20.08,False,300353.SZ,2025-12-04,/mnt/team/research-share/huangchunyang/etfmm_oe/wangcai_log_v2/passive_mid_own/2025-12-04.log:19701
113.3,113.5,False,300454.SZ,2025-12-04,/mnt/team/research-share/huangchunyang/etfmm_oe/wangcai_log_v2/passive_mid_own/2025-12-04.log:19718
18.09,18.08,False,300170.SZ,2025-12-04,/mnt/team/research-share/huangchunyang/etfmm_oe/wangcai_log_v2/passive_mid_own/2025-12-04.log:19744
170.2,170.18,False,300394.SZ,2025-12-04,/mnt/team/research-share/huangchunyang/etfmm_oe/wangcai_log_v2/passive_mid_own/2025-12-04.log:33813
7.34,7.35,False,300133.SZ,2025-12-04,/mnt/team/research-share/huangchunyang/etfmm_oe/wangcai_log_v2/passive_mid_own/2025-12-04.log:33831
24.2,24.23,False,300413.SZ,2025-12-04,/mnt/team/research-share/huangchunyang/etfmm_oe/wangcai_log_v2/passive_mid_own/2025-12-04.log:33869
40.36,40.4,False,300418.SZ,2025-12-04,/mnt/team/research-share/huangchunyang/etfmm_oe/wangcai_log_v2/passive_mid_own/2025-12-04.log:33889
5.51,5.5,False,300081.SZ,2025-12-04,/mnt/team/research-share/huangchunyang/etfmm_oe/wangcai_log_v2/passive_mid_own/2025-12-04.log:33908
9.51,9.47,False,300058.SZ,2025-12-04,/mnt/team/research-share/huangchunyang/etfmm_oe/wangcai_log_v2/passive_mid_own/2025-12-04.log:34006
24.79,24.74,False,300364.SZ,2025-12-04,/mnt/team/research-share/huangchunyang/etfmm_oe/wangcai_log_v2/passive_mid_own/2025-12-04.log:34038
46.11,46.07,False,300598.SZ,2025-12-04,/mnt/team/research-share/huangchunyang/etfmm_oe/wangcai_log_v2/passive_mid_own/2025-12-04.log:35096
45.98,45.99,False,301236.SZ,2025-12-04,/mnt/team/research-share/huangchunyang/etfmm_oe/wangcai_log_v2/passive_mid_own/2025-12-04.log:35222
54.64,53.38,False,300913.SZ,2025-12-04,/mnt/team/research-share/huangchunyang/etfmm_oe/wangcai_log_v2/passive_mid_own/2025-12-04.log:35313
37.31,37.3,False,301171.SZ,2025-12-04,/mnt/team/research-share/huangchunyang/etfmm_oe/wangcai_log_v2/passive_mid_own/2025-12-04.log:35340
56.9,56.91,False,301536.SZ,2025-12-04,/mnt/team/research-share/huangchunyang/etfmm_oe/wangcai_log_v2/passive_mid_own/2025-12-04.log:35369
75.07,75.1,False,301486.SZ,2025-12-04,/mnt/team/research-share/huangchunyang/etfmm_oe/wangcai_log_v2/passive_mid_own/2025-12-04.log:35406
120.0,120.02,False,301205.SZ,2025-12-04,/mnt/team/research-share/huangchunyang/etfmm_oe/wangcai_log_v2/passive_mid_own/2025-12-04.log:35444
31.48,31.03,False,300638.SZ,2025-12-04,/mnt/team/research-share/huangchunyang/etfmm_oe/wangcai_log_v2/passive_mid_own/2025-12-04.log:47687
22.66,22.67,False,600498.SH,2025-12-04,/mnt/team/research-share/huangchunyang/etfmm_oe/wangcai_log_v2/passive_mid_own/2025-12-04.log:47740
40.3,40.29,False,300726.SZ,2025-12-04,/mnt/team/research-share/huangchunyang/etfmm_oe/wangcai_log_v2/passive_mid_own/2025-12-04.log:47776
27.94,26.7,False,600345.SH,2025-12-04,/mnt/team/research-share/huangchunyang/etfmm_oe/wangcai_log_v2/passive_mid_own/2025-12-04.log:47795
64.62,64.6,False,688122.SH,2025-12-05,/mnt/team/research-share/huangchunyang/etfmm_oe/wangcai_log_v2/passive_mid_own/2025-12-05.log:13102
0.0,23.8,False,002281.SZ,2025-12-08,/mnt/team/research-share/huangchunyang/etfmm_oe/wangcai_log_v2/passive_mid_own/2025-12-08.log:84
0.0,27.6,False,300726.SZ,2025-12-08,/mnt/team/research-share/huangchunyang/etfmm_oe/wangcai_log_v2/passive_mid_own/2025-12-08.log:4231
41.44,41.39,False,300726.SZ,2025-12-08,/mnt/team/research-share/huangchunyang/etfmm_oe/wangcai_log_v2/passive_mid_own/2025-12-08.log:9317
29.3,29.15,False,300638.SZ,2025-12-08,/mnt/team/research-share/huangchunyang/etfmm_oe/wangcai_log_v2/passive_mid_own/2025-12-08.log:9452
34.78,35.0,False,300136.SZ,2025-12-08,/mnt/team/research-share/huangchunyang/etfmm_oe/wangcai_log_v2/passive_mid_own/2025-12-08.log:9482
0.0,46.61,False,600198.SH,2025-12-08,/mnt/team/research-share/huangchunyang/etfmm_oe/wangcai_log_v2/passive_mid_own/2025-12-08.log:9570
14.34,14.33,False,301339.SZ,2025-12-08,/mnt/team/research-share/huangchunyang/etfmm_oe/wangcai_log_v2/passive_mid_own/2025-12-08.log:14840
124.01,123.64,False,300548.SZ,2025-12-08,/mnt/team/research-share/huangchunyang/etfmm_oe/wangcai_log_v2/passive_mid_own/2025-12-08.log:14914
121.0,120.0,False,301205.SZ,2025-12-08,/mnt/team/research-share/huangchunyang/etfmm_oe/wangcai_log_v2/passive_mid_own/2025-12-08.log:14952
73.6,73.16,False,301165.SZ,2025-12-08,/mnt/team/research-share/huangchunyang/etfmm_oe/wangcai_log_v2/passive_mid_own/2025-12-08.log:15056
17.77,17.68,False,300053.SZ,2025-12-08,/mnt/team/research-share/huangchunyang/etfmm_oe/wangcai_log_v2/passive_mid_own/2025-12-08.log:15101
0.0,144.04,False,002025.SZ,2025-12-08,/mnt/team/research-share/huangchunyang/etfmm_oe/wangcai_log_v2/passive_mid_own/2025-12-08.log:15223
67.55,67.47,False,688036.SH,2025-12-08,/mnt/team/research-share/huangchunyang/etfmm_oe/wangcai_log_v2/passive_mid_own/2025-12-08.log:19601
21.64,21.78,False,688100.SH,2025-12-08,/mnt/team/research-share/huangchunyang/etfmm_oe/wangcai_log_v2/passive_mid_own/2025-12-08.log:19640
0.0,25.06,False,688100.SH,2025-12-08,/mnt/team/research-share/huangchunyang/etfmm_oe/wangcai_log_v2/passive_mid_own/2025-12-08.log:24602
25.82,26.02,False,300593.SZ,2025-12-08,/mnt/team/research-share/huangchunyang/etfmm_oe/wangcai_log_v2/passive_mid_own/2025-12-08.log:28642
112.36,112.2,False,300570.SZ,2025-12-08,/mnt/team/research-share/huangchunyang/etfmm_oe/wangcai_log_v2/passive_mid_own/2025-12-08.log:29770
375.0,375.12,False,300502.SZ,2025-12-08,/mnt/team/research-share/huangchunyang/etfmm_oe/wangcai_log_v2/passive_mid_own/2025-12-08.log:29800
7.54,7.55,False,688387.SH,2025-12-08,/mnt/team/research-share/huangchunyang/etfmm_oe/wangcai_log_v2/passive_mid_own/2025-12-08.log:29830
38.54,38.53,False,300563.SZ,2025-12-08,/mnt/team/research-share/huangchunyang/etfmm_oe/wangcai_log_v2/passive_mid_own/2025-12-08.log:29847
17.46,17.5,False,600105.SH,2025-12-08,/mnt/team/research-share/huangchunyang/etfmm_oe/wangcai_log_v2/passive_mid_own/2025-12-08.log:30116
0.0,23.96,False,300900.SZ,2025-12-09,/mnt/team/research-share/huangchunyang/etfmm_oe/wangcai_log_v2/passive_mid_own/2025-12-09.log:90
22.95,22.94,False,300900.SZ,2025-12-09,/mnt/team/research-share/huangchunyang/etfmm_oe/wangcai_log_v2/passive_mid_own/2025-12-09.log:4133
17.26,17.28,False,300034.SZ,2025-12-09,/mnt/team/research-share/huangchunyang/etfmm_oe/wangcai_log_v2/passive_mid_own/2025-12-09.log:4167
41.69,41.81,False,002929.SZ,2025-12-09,/mnt/team/research-share/huangchunyang/etfmm_oe/wangcai_log_v2/passive_mid_own/2025-12-09.log:4194
57.22,57.2,False,300913.SZ,2025-12-09,/mnt/team/research-share/huangchunyang/etfmm_oe/wangcai_log_v2/passive_mid_own/2025-12-09.log:4209
17.0,16.8,False,300053.SZ,2025-12-09,/mnt/team/research-share/huangchunyang/etfmm_oe/wangcai_log_v2/passive_mid_own/2025-12-09.log:4306
85.01,85.54,False,301165.SZ,2025-12-09,/mnt/team/research-share/huangchunyang/etfmm_oe/wangcai_log_v2/passive_mid_own/2025-12-09.log:4406
31.35,31.37,False,002151.SZ,2025-12-09,/mnt/team/research-share/huangchunyang/etfmm_oe/wangcai_log_v2/passive_mid_own/2025-12-09.log:5647
0.0,47.01,False,301205.SZ,2025-12-09,/mnt/team/research-share/huangchunyang/etfmm_oe/wangcai_log_v2/passive_mid_own/2025-12-09.log:5674
130.32,130.05,False,301205.SZ,2025-12-09,/mnt/team/research-share/huangchunyang/etfmm_oe/wangcai_log_v2/passive_mid_own/2025-12-09.log:9838
30.45,30.1,False,300638.SZ,2025-12-09,/mnt/team/research-share/huangchunyang/etfmm_oe/wangcai_log_v2/passive_mid_own/2025-12-09.log:9919
19.18,19.2,False,300629.SZ,2025-12-09,/mnt/team/research-share/huangchunyang/etfmm_oe/wangcai_log_v2/passive_mid_own/2025-12-09.log:9938
34.52,34.6,False,300628.SZ,2025-12-09,/mnt/team/research-share/huangchunyang/etfmm_oe/wangcai_log_v2/passive_mid_own/2025-12-09.log:9953
167.1,167.09,False,300620.SZ,2025-12-09,/mnt/team/research-share/huangchunyang/etfmm_oe/wangcai_log_v2/passive_mid_own/2025-12-09.log:10016
0.0,25.65,False,300570.SZ,2025-12-09,/mnt/team/research-share/huangchunyang/etfmm_oe/wangcai_log_v2/passive_mid_own/2025-12-09.log:10033
119.78,119.79,False,300570.SZ,2025-12-09,/mnt/team/research-share/huangchunyang/etfmm_oe/wangcai_log_v2/passive_mid_own/2025-12-09.log:15240
40.77,40.9,False,300563.SZ,2025-12-09,/mnt/team/research-share/huangchunyang/etfmm_oe/wangcai_log_v2/passive_mid_own/2025-12-09.log:15264
130.99,130.5,False,300548.SZ,2025-12-09,/mnt/team/research-share/huangchunyang/etfmm_oe/wangcai_log_v2/passive_mid_own/2025-12-09.log:15288
33.33,33.0,False,300762.SZ,2025-12-09,/mnt/team/research-share/huangchunyang/etfmm_oe/wangcai_log_v2/passive_mid_own/2025-12-09.log:15360
16.67,16.65,False,300416.SZ,2025-12-09,/mnt/team/research-share/huangchunyang/etfmm_oe/wangcai_log_v2/passive_mid_own/2025-12-09.log:15451
14.59,14.42,False,300397.SZ,2025-12-09,/mnt/team/research-share/huangchunyang/etfmm_oe/wangcai_log_v2/passive_mid_own/2025-12-09.log:15473
236.9,236.0,False,300394.SZ,2025-12-09,/mnt/team/research-share/huangchunyang/etfmm_oe/wangcai_log_v2/passive_mid_own/2025-12-09.log:15581
22.45,22.36,False,300342.SZ,2025-12-09,/mnt/team/research-share/huangchunyang/etfmm_oe/wangcai_log_v2/passive_mid_own/2025-12-09.log:15646
570.21,570.09,False,300308.SZ,2025-12-09,/mnt/team/research-share/huangchunyang/etfmm_oe/wangcai_log_v2/passive_mid_own/2025-12-09.log:15677
69.79,69.8,False,300782.SZ,2025-12-09,/mnt/team/research-share/huangchunyang/etfmm_oe/wangcai_log_v2/passive_mid_own/2025-12-09.log:15721
8.11,8.07,False,300123.SZ,2025-12-09,/mnt/team/research-share/huangchunyang/etfmm_oe/wangcai_log_v2/passive_mid_own/2025-12-09.log:15768
0.0,28.34,False,002111.SZ,2025-12-09,/mnt/team/research-share/huangchunyang/etfmm_oe/wangcai_log_v2/passive_mid_own/2025-12-09.log:15880
14.49,14.45,False,301339.SZ,2025-12-09,/mnt/team/research-share/huangchunyang/etfmm_oe/wangcai_log_v2/passive_mid_own/2025-12-09.log:21307
23.36,23.28,False,300101.SZ,2025-12-10,/mnt/team/research-share/huangchunyang/etfmm_oe/wangcai_log_v2/passive_mid_own/2025-12-10.log:95
41.2,41.15,False,300726.SZ,2025-12-10,/mnt/team/research-share/huangchunyang/etfmm_oe/wangcai_log_v2/passive_mid_own/2025-12-10.log:109
22.11,22.0,False,300342.SZ,2025-12-10,/mnt/team/research-share/huangchunyang/etfmm_oe/wangcai_log_v2/passive_mid_own/2025-12-10.log:132
16.62,16.54,False,300053.SZ,2025-12-10,/mnt/team/research-share/huangchunyang/etfmm_oe/wangcai_log_v2/passive_mid_own/2025-12-10.log:194
0.0,24.3,False,300079.SZ,2025-12-10,/mnt/team/research-share/huangchunyang/etfmm_oe/wangcai_log_v2/passive_mid_own/2025-12-10.log:318
0.0,36.3,False,300593.SZ,2025-12-10,/mnt/team/research-share/huangchunyang/etfmm_oe/wangcai_log_v2/passive_mid_own/2025-12-10.log:5687
0.0,428.53,False,002405.SZ,2025-12-11,/mnt/team/research-share/huangchunyang/etfmm_oe/wangcai_log_v2/passive_mid_own/2025-12-11.log:73
141.51,141.0,False,300548.SZ,2025-12-11,/mnt/team/research-share/huangchunyang/etfmm_oe/wangcai_log_v2/passive_mid_own/2025-12-11.log:3827
36.85,36.74,False,300563.SZ,2025-12-11,/mnt/team/research-share/huangchunyang/etfmm_oe/wangcai_log_v2/passive_mid_own/2025-12-11.log:3851
25.7,25.71,False,300593.SZ,2025-12-11,/mnt/team/research-share/huangchunyang/etfmm_oe/wangcai_log_v2/passive_mid_own/2025-12-11.log:3945
24.89,24.88,False,300045.SZ,2025-12-11,/mnt/team/research-share/huangchunyang/etfmm_oe/wangcai_log_v2/passive_mid_own/2025-12-11.log:4022
0.0,103.6,False,603341.SH,2025-12-11,/mnt/team/research-share/huangchunyang/etfmm_oe/wangcai_log_v2/passive_mid_own/2025-12-11.log:4114
0.0,13.3,False,300416.SZ,2025-12-11,/mnt/team/research-share/huangchunyang/etfmm_oe/wangcai_log_v2/passive_mid_own/2025-12-11.log:9548
18.3,18.15,False,300053.SZ,2025-12-11,/mnt/team/research-share/huangchunyang/etfmm_oe/wangcai_log_v2/passive_mid_own/2025-12-11.log:13694
0.0,5.35,False,003031.SZ,2025-12-11,/mnt/team/research-share/huangchunyang/etfmm_oe/wangcai_log_v2/passive_mid_own/2025-12-11.log:13710
0.0,23.37,False,300136.SZ,2025-12-11,/mnt/team/research-share/huangchunyang/etfmm_oe/wangcai_log_v2/passive_mid_own/2025-12-11.log:18406
66.88,66.79,False,688036.SH,2025-12-11,/mnt/team/research-share/huangchunyang/etfmm_oe/wangcai_log_v2/passive_mid_own/2025-12-11.log:23439
22.71,22.77,False,300342.SZ,2025-12-11,/mnt/team/research-share/huangchunyang/etfmm_oe/wangcai_log_v2/passive_mid_own/2025-12-11.log:23479
231.13,231.0,False,300394.SZ,2025-12-11,/mnt/team/research-share/huangchunyang/etfmm_oe/wangcai_log_v2/passive_mid_own/2025-12-11.log:23546
41.78,41.76,False,300726.SZ,2025-12-11,/mnt/team/research-share/huangchunyang/etfmm_oe/wangcai_log_v2/passive_mid_own/2025-12-11.log:23610
14.13,14.16,False,301339.SZ,2025-12-11,/mnt/team/research-share/huangchunyang/etfmm_oe/wangcai_log_v2/passive_mid_own/2025-12-11.log:51358
142.19,141.0,False,301205.SZ,2025-12-11,/mnt/team/research-share/huangchunyang/etfmm_oe/wangcai_log_v2/passive_mid_own/2025-12-11.log:51380
56.6,56.56,False,300913.SZ,2025-12-11,/mnt/team/research-share/huangchunyang/etfmm_oe/wangcai_log_v2/passive_mid_own/2025-12-11.log:51424
54.21,54.2,False,300913.SZ,2025-12-12,/mnt/team/research-share/huangchunyang/etfmm_oe/wangcai_log_v2/passive_mid_own/2025-12-12.log:21
81.52,81.13,False,301165.SZ,2025-12-12,/mnt/team/research-share/huangchunyang/etfmm_oe/wangcai_log_v2/passive_mid_own/2025-12-12.log:55
134.52,133.98,False,301205.SZ,2025-12-12,/mnt/team/research-share/huangchunyang/etfmm_oe/wangcai_log_v2/passive_mid_own/2025-12-12.log:90
8.75,8.77,False,600198.SH,2025-12-12,/mnt/team/research-share/huangchunyang/etfmm_oe/wangcai_log_v2/passive_mid_own/2025-12-12.log:219
68.39,68.5,False,300782.SZ,2025-12-12,/mnt/team/research-share/huangchunyang/etfmm_oe/wangcai_log_v2/passive_mid_own/2025-12-12.log:383
16.64,16.66,False,300036.SZ,2025-12-12,/mnt/team/research-share/huangchunyang/etfmm_oe/wangcai_log_v2/passive_mid_own/2025-12-12.log:400
41.53,41.54,False,300726.SZ,2025-12-12,/mnt/team/research-share/huangchunyang/etfmm_oe/wangcai_log_v2/passive_mid_own/2025-12-12.log:416
17.4,17.39,False,300416.SZ,2025-12-12,/mnt/team/research-share/huangchunyang/etfmm_oe/wangcai_log_v2/passive_mid_own/2025-12-12.log:482
130.9,130.0,False,300548.SZ,2025-12-12,/mnt/team/research-share/huangchunyang/etfmm_oe/wangcai_log_v2/passive_mid_own/2025-12-12.log:507
218.98,218.9,False,300394.SZ,2025-12-12,/mnt/team/research-share/huangchunyang/etfmm_oe/wangcai_log_v2/passive_mid_own/2025-12-12.log:548
0.0,19.72,False,300570.SZ,2025-12-12,/mnt/team/research-share/huangchunyang/etfmm_oe/wangcai_log_v2/passive_mid_own/2025-12-12.log:599
121.73,121.56,False,300570.SZ,2025-12-12,/mnt/team/research-share/huangchunyang/etfmm_oe/wangcai_log_v2/passive_mid_own/2025-12-12.log:6030
23.25,23.2,False,300342.SZ,2025-12-12,/mnt/team/research-share/huangchunyang/etfmm_oe/wangcai_log_v2/passive_mid_own/2025-12-12.log:6059
24.8,24.79,False,300593.SZ,2025-12-12,/mnt/team/research-share/huangchunyang/etfmm_oe/wangcai_log_v2/passive_mid_own/2025-12-12.log:6072
587.06,587.0,False,300308.SZ,2025-12-12,/mnt/team/research-share/huangchunyang/etfmm_oe/wangcai_log_v2/passive_mid_own/2025-12-12.log:6120
35.19,35.09,False,300136.SZ,2025-12-12,/mnt/team/research-share/huangchunyang/etfmm_oe/wangcai_log_v2/passive_mid_own/2025-12-12.log:6160
30.74,30.68,False,300627.SZ,2025-12-12,/mnt/team/research-share/huangchunyang/etfmm_oe/wangcai_log_v2/passive_mid_own/2025-12-12.log:6174
28.13,28.01,False,300638.SZ,2025-12-12,/mnt/team/research-share/huangchunyang/etfmm_oe/wangcai_log_v2/passive_mid_own/2025-12-12.log:6245
0.0,101.01,False,300045.SZ,2025-12-12,/mnt/team/research-share/huangchunyang/etfmm_oe/wangcai_log_v2/passive_mid_own/2025-12-12.log:6307
24.59,24.49,False,300045.SZ,2025-12-12,/mnt/team/research-share/huangchunyang/etfmm_oe/wangcai_log_v2/passive_mid_own/2025-12-12.log:11448
169.6,168.49,False,300620.SZ,2025-12-12,/mnt/team/research-share/huangchunyang/etfmm_oe/wangcai_log_v2/passive_mid_own/2025-12-12.log:11493
31.56,31.57,False,002151.SZ,2025-12-12,/mnt/team/research-share/huangchunyang/etfmm_oe/wangcai_log_v2/passive_mid_own/2025-12-12.log:28174
65.01,65.0,False,688036.SH,2025-12-12,/mnt/team/research-share/huangchunyang/etfmm_oe/wangcai_log_v2/passive_mid_own/2025-12-12.log:28267
43.29,43.3,False,603341.SH,2025-12-12,/mnt/team/research-share/huangchunyang/etfmm_oe/wangcai_log_v2/passive_mid_own/2025-12-12.log:28298
8.39,8.37,False,688387.SH,2025-12-12,/mnt/team/research-share/huangchunyang/etfmm_oe/wangcai_log_v2/passive_mid_own/2025-12-12.log:28378
156.76,155.36,False,301205.SZ,2025-12-15,/mnt/team/research-share/huangchunyang/etfmm_oe/wangcai_log_v2/passive_mid_own/2025-12-15.log:27
0.0,11.14,False,600487.SH,2025-12-15,/mnt/team/research-share/huangchunyang/etfmm_oe/wangcai_log_v2/passive_mid_own/2025-12-15.log:155
412.0,411.88,False,300502.SZ,2025-12-15,/mnt/team/research-share/huangchunyang/etfmm_oe/wangcai_log_v2/passive_mid_own/2025-12-15.log:4936
82.27,82.04,False,301165.SZ,2025-12-15,/mnt/team/research-share/huangchunyang/etfmm_oe/wangcai_log_v2/passive_mid_own/2025-12-15.log:38865
0.0,54.87,False,300548.SZ,2025-12-15,/mnt/team/research-share/huangchunyang/etfmm_oe/wangcai_log_v2/passive_mid_own/2025-12-15.log:39956
145.65,145.05,False,300548.SZ,2025-12-15,/mnt/team/research-share/huangchunyang/etfmm_oe/wangcai_log_v2/passive_mid_own/2025-12-15.log:43769
26.86,26.87,False,300455.SZ,2025-12-15,/mnt/team/research-share/huangchunyang/etfmm_oe/wangcai_log_v2/passive_mid_own/2025-12-15.log:43787
118.15,117.0,False,300570.SZ,2025-12-15,/mnt/team/research-share/huangchunyang/etfmm_oe/wangcai_log_v2/passive_mid_own/2025-12-15.log:43805
0.0,207.97,False,300353.SZ,2025-12-15,/mnt/team/research-share/huangchunyang/etfmm_oe/wangcai_log_v2/passive_mid_own/2025-12-15.log:43895
0.0,25.87,False,300353.SZ,2025-12-15,/mnt/team/research-share/huangchunyang/etfmm_oe/wangcai_log_v2/passive_mid_own/2025-12-15.log:48888
171.0,170.29,False,300620.SZ,2025-12-15,/mnt/team/research-share/huangchunyang/etfmm_oe/wangcai_log_v2/passive_mid_own/2025-12-15.log:52928
570.13,570.0,False,300308.SZ,2025-12-15,/mnt/team/research-share/huangchunyang/etfmm_oe/wangcai_log_v2/passive_mid_own/2025-12-15.log:52978
31.79,31.82,False,300627.SZ,2025-12-15,/mnt/team/research-share/huangchunyang/etfmm_oe/wangcai_log_v2/passive_mid_own/2025-12-15.log:53892
28.4,28.31,False,300638.SZ,2025-12-15,/mnt/team/research-share/huangchunyang/etfmm_oe/wangcai_log_v2/passive_mid_own/2025-12-15.log:53975
0.0,101.11,False,300065.SZ,2025-12-15,/mnt/team/research-share/huangchunyang/etfmm_oe/wangcai_log_v2/passive_mid_own/2025-12-15.log:54007
18.28,18.3,False,300065.SZ,2025-12-15,/mnt/team/research-share/huangchunyang/etfmm_oe/wangcai_log_v2/passive_mid_own/2025-12-15.log:58183
41.6,41.57,False,300726.SZ,2025-12-15,/mnt/team/research-share/huangchunyang/etfmm_oe/wangcai_log_v2/passive_mid_own/2025-12-15.log:58197
17.77,17.67,False,300053.SZ,2025-12-15,/mnt/team/research-share/huangchunyang/etfmm_oe/wangcai_log_v2/passive_mid_own/2025-12-15.log:58268
70.01,70.05,False,300782.SZ,2025-12-15,/mnt/team/research-share/huangchunyang/etfmm_oe/wangcai_log_v2/passive_mid_own/2025-12-15.log:58282
35.88,35.9,False,300628.SZ,2025-12-15,/mnt/team/research-share/huangchunyang/etfmm_oe/wangcai_log_v2/passive_mid_own/2025-12-15.log:58326
103.0,102.98,False,688313.SH,2025-12-15,/mnt/team/research-share/huangchunyang/etfmm_oe/wangcai_log_v2/passive_mid_own/2025-12-15.log:59499
25.79,25.8,False,688182.SH,2025-12-15,/mnt/team/research-share/huangchunyang/etfmm_oe/wangcai_log_v2/passive_mid_own/2025-12-15.log:59528
68.64,68.7,False,688036.SH,2025-12-15,/mnt/team/research-share/huangchunyang/etfmm_oe/wangcai_log_v2/passive_mid_own/2025-12-15.log:59557
167.0,164.8,False,688205.SH,2025-12-15,/mnt/team/research-share/huangchunyang/etfmm_oe/wangcai_log_v2/passive_mid_own/2025-12-15.log:59596
29.12,29.05,False,688503.SH,2025-11-17,/mnt/team/research-share/huangchunyang/etfmm_oe/wangcai_log_v2/passive_opponent/2025-11-17.log:11
66.72,66.71,False,300776.SZ,2025-11-17,/mnt/team/research-share/huangchunyang/etfmm_oe/wangcai_log_v2/passive_opponent/2025-11-17.log:56
19.5,19.35,False,300432.SZ,2025-11-17,/mnt/team/research-share/huangchunyang/etfmm_oe/wangcai_log_v2/passive_opponent/2025-11-17.log:77
44.78,44.6,False,688516.SH,2025-11-17,/mnt/team/research-share/huangchunyang/etfmm_oe/wangcai_log_v2/passive_opponent/2025-11-17.log:90
12.13,12.1,False,688148.SH,2025-11-17,/mnt/team/research-share/huangchunyang/etfmm_oe/wangcai_log_v2/passive_opponent/2025-11-17.log:107
8.7,8.6,False,300393.SZ,2025-11-17,/mnt/team/research-share/huangchunyang/etfmm_oe/wangcai_log_v2/passive_opponent/2025-11-17.log:223
58.0,57.95,False,688116.SH,2025-11-17,/mnt/team/research-share/huangchunyang/etfmm_oe/wangcai_log_v2/passive_opponent/2025-11-17.log:4571
45.7,45.34,False,300827.SZ,2025-11-17,/mnt/team/research-share/huangchunyang/etfmm_oe/wangcai_log_v2/passive_opponent/2025-11-17.log:4617
27.15,27.23,False,688349.SH,2025-11-17,/mnt/team/research-share/huangchunyang/etfmm_oe/wangcai_log_v2/passive_opponent/2025-11-17.log:4631
15.72,15.71,False,688560.SH,2025-11-17,/mnt/team/research-share/huangchunyang/etfmm_oe/wangcai_log_v2/passive_opponent/2025-11-17.log:4646
68.5,68.41,False,688063.SH,2025-11-17,/mnt/team/research-share/huangchunyang/etfmm_oe/wangcai_log_v2/passive_opponent/2025-11-17.log:4664
67.57,67.45,False,300842.SZ,2025-11-17,/mnt/team/research-share/huangchunyang/etfmm_oe/wangcai_log_v2/passive_opponent/2025-11-17.log:4684
17.82,17.81,False,688567.SH,2025-11-17,/mnt/team/research-share/huangchunyang/etfmm_oe/wangcai_log_v2/passive_opponent/2025-11-17.log:5684
183.0,182.54,False,300274.SZ,2025-11-17,/mnt/team/research-share/huangchunyang/etfmm_oe/wangcai_log_v2/passive_opponent/2025-11-17.log:5755
57.6,57.55,False,688499.SH,2025-11-17,/mnt/team/research-share/huangchunyang/etfmm_oe/wangcai_log_v2/passive_opponent/2025-11-17.log:5804
27.28,27.3,False,300443.SZ,2025-11-17,/mnt/team/research-share/huangchunyang/etfmm_oe/wangcai_log_v2/passive_opponent/2025-11-17.log:5818
65.68,65.45,False,688348.SH,2025-11-17,/mnt/team/research-share/huangchunyang/etfmm_oe/wangcai_log_v2/passive_opponent/2025-11-17.log:5834
139.0,138.0,False,688353.SH,2025-11-17,/mnt/team/research-share/huangchunyang/etfmm_oe/wangcai_log_v2/passive_opponent/2025-11-17.log:5890
388.38,388.0,False,300750.SZ,2025-11-17,/mnt/team/research-share/huangchunyang/etfmm_oe/wangcai_log_v2/passive_opponent/2025-11-17.log:5945
47.49,47.52,False,300693.SZ,2025-11-17,/mnt/team/research-share/huangchunyang/etfmm_oe/wangcai_log_v2/passive_opponent/2025-11-17.log:5962
37.13,37.1,False,688388.SH,2025-11-17,/mnt/team/research-share/huangchunyang/etfmm_oe/wangcai_log_v2/passive_opponent/2025-11-17.log:5975
32.61,32.8,False,301511.SZ,2025-11-17,/mnt/team/research-share/huangchunyang/etfmm_oe/wangcai_log_v2/passive_opponent/2025-11-17.log:6050
30.89,30.85,False,688303.SH,2025-11-17,/mnt/team/research-share/huangchunyang/etfmm_oe/wangcai_log_v2/passive_opponent/2025-11-17.log:6074
202.51,202.0,False,300757.SZ,2025-11-17,/mnt/team/research-share/huangchunyang/etfmm_oe/wangcai_log_v2/passive_opponent/2025-11-17.log:6165
17.2,17.15,False,300568.SZ,2025-11-17,/mnt/team/research-share/huangchunyang/etfmm_oe/wangcai_log_v2/passive_opponent/2025-11-17.log:6183
100.94,100.4,False,688275.SH,2025-11-17,/mnt/team/research-share/huangchunyang/etfmm_oe/wangcai_log_v2/passive_opponent/2025-11-17.log:6213
85.7,85.53,False,300763.SZ,2025-11-17,/mnt/team/research-share/huangchunyang/etfmm_oe/wangcai_log_v2/passive_opponent/2025-11-17.log:6228
29.39,29.38,False,300457.SZ,2025-11-17,/mnt/team/research-share/huangchunyang/etfmm_oe/wangcai_log_v2/passive_opponent/2025-11-17.log:6247
57.48,57.4,False,300769.SZ,2025-11-17,/mnt/team/research-share/huangchunyang/etfmm_oe/wangcai_log_v2/passive_opponent/2025-11-17.log:6305
23.8,23.85,False,688186.SH,2025-11-17,/mnt/team/research-share/huangchunyang/etfmm_oe/wangcai_log_v2/passive_opponent/2025-11-17.log:7894
114.43,113.0,False,688392.SH,2025-11-17,/mnt/team/research-share/huangchunyang/etfmm_oe/wangcai_log_v2/passive_opponent/2025-11-17.log:7910
48.69,48.68,False,300850.SZ,2025-11-17,/mnt/team/research-share/huangchunyang/etfmm_oe/wangcai_log_v2/passive_opponent/2025-11-17.log:7929
17.96,17.93,False,300351.SZ,2025-11-17,/mnt/team/research-share/huangchunyang/etfmm_oe/wangcai_log_v2/passive_opponent/2025-11-17.log:7967
34.77,34.78,False,300748.SZ,2025-11-17,/mnt/team/research-share/huangchunyang/etfmm_oe/wangcai_log_v2/passive_opponent/2025-11-17.log:7987
62.59,62.58,False,301325.SZ,2025-11-17,/mnt/team/research-share/huangchunyang/etfmm_oe/wangcai_log_v2/passive_opponent/2025-11-17.log:8002
26.95,26.8,False,300124.SZ,2025-11-17,/mnt/team/research-share/huangchunyang/etfmm_oe/wangcai_log_v2/passive_opponent/2025-11-17.log:8042
46.33,46.35,False,301155.SZ,2025-11-17,/mnt/team/research-share/huangchunyang/etfmm_oe/wangcai_log_v2/passive_opponent/2025-11-17.log:8075
30.4,33.0,False,301155.SZ,2025-11-17,/mnt/team/research-share/huangchunyang/etfmm_oe/wangcai_log_v2/passive_opponent/2025-11-17.log:8459
21.22,21.21,False,300077.SZ,2025-11-17,/mnt/team/research-share/huangchunyang/etfmm_oe/wangcai_log_v2/passive_opponent/2025-11-17.log:8494
62.1,62.16,False,301327.SZ,2025-11-17,/mnt/team/research-share/huangchunyang/etfmm_oe/wangcai_log_v2/passive_opponent/2025-11-17.log:8508
16.82,16.76,False,688707.SH,2025-11-17,/mnt/team/research-share/huangchunyang/etfmm_oe/wangcai_log_v2/passive_opponent/2025-11-17.log:8539
38.76,38.73,False,300037.SZ,2025-11-17,/mnt/team/research-share/huangchunyang/etfmm_oe/wangcai_log_v2/passive_opponent/2025-11-17.log:8593
62.29,62.3,False,300037.SZ,2025-11-17,/mnt/team/research-share/huangchunyang/etfmm_oe/wangcai_log_v2/passive_opponent/2025-11-17.log:8613
65.93,65.92,False,688717.SH,2025-11-17,/mnt/team/research-share/huangchunyang/etfmm_oe/wangcai_log_v2/passive_opponent/2025-11-17.log:8629
70.0,70.01,False,688717.SH,2025-11-17,/mnt/team/research-share/huangchunyang/etfmm_oe/wangcai_log_v2/passive_opponent/2025-11-17.log:8644
5.7,5.65,False,688660.SH,2025-11-17,/mnt/team/research-share/huangchunyang/etfmm_oe/wangcai_log_v2/passive_opponent/2025-11-17.log:8686
17.67,17.5,False,688660.SH,2025-11-17,/mnt/team/research-share/huangchunyang/etfmm_oe/wangcai_log_v2/passive_opponent/2025-11-17.log:8752
31.74,31.7,False,688006.SH,2025-11-17,/mnt/team/research-share/huangchunyang/etfmm_oe/wangcai_log_v2/passive_opponent/2025-11-17.log:10213
15.38,15.37,False,300224.SZ,2025-11-17,/mnt/team/research-share/huangchunyang/etfmm_oe/wangcai_log_v2/passive_opponent/2025-11-17.log:10229
9.03,9.01,False,688779.SH,2025-11-17,/mnt/team/research-share/huangchunyang/etfmm_oe/wangcai_log_v2/passive_opponent/2025-11-17.log:10340
16.18,16.1,False,688022.SH,2025-11-17,/mnt/team/research-share/huangchunyang/etfmm_oe/wangcai_log_v2/passive_opponent/2025-11-17.log:10355
82.72,82.88,False,300014.SZ,2025-11-17,/mnt/team/research-share/huangchunyang/etfmm_oe/wangcai_log_v2/passive_opponent/2025-11-17.log:10404
0.0,84.26,False,300953.SZ,2025-11-17,/mnt/team/research-share/huangchunyang/etfmm_oe/wangcai_log_v2/passive_opponent/2025-11-17.log:10433
47.09,47.2,False,688573.SH,2025-11-18,/mnt/team/research-share/huangchunyang/etfmm_oe/wangcai_log_v2/passive_opponent/2025-11-18.log:23
27.92,27.99,False,688573.SH,2025-11-18,/mnt/team/research-share/huangchunyang/etfmm_oe/wangcai_log_v2/passive_opponent/2025-11-18.log:1321
105.95,105.84,False,688116.SH,2025-11-18,/mnt/team/research-share/huangchunyang/etfmm_oe/wangcai_log_v2/passive_opponent/2025-11-18.log:6694
37.08,38.0,False,688005.SH,2025-11-18,/mnt/team/research-share/huangchunyang/etfmm_oe/wangcai_log_v2/passive_opponent/2025-11-18.log:7151
21.23,21.25,False,688599.SH,2025-11-18,/mnt/team/research-share/huangchunyang/etfmm_oe/wangcai_log_v2/passive_opponent/2025-11-18.log:8772
25.88,26.01,False,688275.SH,2025-11-18,/mnt/team/research-share/huangchunyang/etfmm_oe/wangcai_log_v2/passive_opponent/2025-11-18.log:10356
32.01,32.0,False,688275.SH,2025-11-18,/mnt/team/research-share/huangchunyang/etfmm_oe/wangcai_log_v2/passive_opponent/2025-11-18.log:10439
101.98,100.76,False,688275.SH,2025-11-18,/mnt/team/research-share/huangchunyang/etfmm_oe/wangcai_log_v2/passive_opponent/2025-11-18.log:10605
54.2,54.0,False,688559.SH,2025-11-18,/mnt/team/research-share/huangchunyang/etfmm_oe/wangcai_log_v2/passive_opponent/2025-11-18.log:12673
58.37,58.35,False,603659.SH,2025-11-18,/mnt/team/research-share/huangchunyang/etfmm_oe/wangcai_log_v2/passive_opponent/2025-11-18.log:12755
16.16,16.1,False,603659.SH,2025-11-18,/mnt/team/research-share/huangchunyang/etfmm_oe/wangcai_log_v2/passive_opponent/2025-11-18.log:12818
19.39,19.2,False,688472.SH,2025-11-18,/mnt/team/research-share/huangchunyang/etfmm_oe/wangcai_log_v2/passive_opponent/2025-11-18.log:13092
69.57,69.54,False,688122.SH,2025-11-18,/mnt/team/research-share/huangchunyang/etfmm_oe/wangcai_log_v2/passive_opponent/2025-11-18.log:15653
33.71,33.36,False,688778.SH,2025-11-18,/mnt/team/research-share/huangchunyang/etfmm_oe/wangcai_log_v2/passive_opponent/2025-11-18.log:15949
80.74,80.7,False,688778.SH,2025-11-18,/mnt/team/research-share/huangchunyang/etfmm_oe/wangcai_log_v2/passive_opponent/2025-11-18.log:16210
62.92,62.88,False,688155.SH,2025-11-18,/mnt/team/research-share/huangchunyang/etfmm_oe/wangcai_log_v2/passive_opponent/2025-11-18.log:16282
35.21,35.18,False,688339.SH,2025-11-18,/mnt/team/research-share/huangchunyang/etfmm_oe/wangcai_log_v2/passive_opponent/2025-11-18.log:35453
6.38,6.39,False,688223.SH,2025-11-18,/mnt/team/research-share/huangchunyang/etfmm_oe/wangcai_log_v2/passive_opponent/2025-11-18.log:35494
65.7,65.69,False,600456.SH,2025-11-18,/mnt/team/research-share/huangchunyang/etfmm_oe/wangcai_log_v2/passive_opponent/2025-11-18.log:36135
45.54,45.9,False,688680.SH,2025-11-18,/mnt/team/research-share/huangchunyang/etfmm_oe/wangcai_log_v2/passive_opponent/2025-11-18.log:48837
59.48,59.47,False,688303.SH,2025-11-18,/mnt/team/research-share/huangchunyang/etfmm_oe/wangcai_log_v2/passive_opponent/2025-11-18.log:49939
9.04,9.03,False,688303.SH,2025-11-18,/mnt/team/research-share/huangchunyang/etfmm_oe/wangcai_log_v2/passive_opponent/2025-11-18.log:50221
18.35,18.18,False,688353.SH,2025-11-18,/mnt/team/research-share/huangchunyang/etfmm_oe/wangcai_log_v2/passive_opponent/2025-11-18.log:50721
131.5,130.0,False,688353.SH,2025-11-18,/mnt/team/research-share/huangchunyang/etfmm_oe/wangcai_log_v2/passive_opponent/2025-11-18.log:51191
26.14,26.15,False,688573.SH,2025-11-19,/mnt/team/research-share/huangchunyang/etfmm_oe/wangcai_log_v2/passive_opponent/2025-11-19.log:15
6.1,6.11,False,688408.SH,2025-11-19,/mnt/team/research-share/huangchunyang/etfmm_oe/wangcai_log_v2/passive_opponent/2025-11-19.log:45
33.99,33.9,False,688429.SH,2025-11-19,/mnt/team/research-share/huangchunyang/etfmm_oe/wangcai_log_v2/passive_opponent/2025-11-19.log:554
17.0,16.99,False,688429.SH,2025-11-19,/mnt/team/research-share/huangchunyang/etfmm_oe/wangcai_log_v2/passive_opponent/2025-11-19.log:3829
18.17,18.11,False,688567.SH,2025-11-19,/mnt/team/research-share/huangchunyang/etfmm_oe/wangcai_log_v2/passive_opponent/2025-11-19.log:3849
55.06,55.24,False,688503.SH,2025-11-19,/mnt/team/research-share/huangchunyang/etfmm_oe/wangcai_log_v2/passive_opponent/2025-11-19.log:4024
30.53,30.5,False,603799.SH,2025-11-19,/mnt/team/research-share/huangchunyang/etfmm_oe/wangcai_log_v2/passive_opponent/2025-11-19.log:4050
90.3,90.98,False,688559.SH,2025-11-19,/mnt/team/research-share/huangchunyang/etfmm_oe/wangcai_log_v2/passive_opponent/2025-11-19.log:4226
54.39,55.14,False,688559.SH,2025-11-19,/mnt/team/research-share/huangchunyang/etfmm_oe/wangcai_log_v2/passive_opponent/2025-11-19.log:4342
18.48,18.42,False,688472.SH,2025-11-19,/mnt/team/research-share/huangchunyang/etfmm_oe/wangcai_log_v2/passive_opponent/2025-11-19.log:4496
33.0,33.11,False,688516.SH,2025-11-19,/mnt/team/research-share/huangchunyang/etfmm_oe/wangcai_log_v2/passive_opponent/2025-11-19.log:7750
41.58,41.6,False,688516.SH,2025-11-19,/mnt/team/research-share/huangchunyang/etfmm_oe/wangcai_log_v2/passive_opponent/2025-11-19.log:7767
83.38,83.41,False,688778.SH,2025-11-19,/mnt/team/research-share/huangchunyang/etfmm_oe/wangcai_log_v2/passive_opponent/2025-11-19.log:7879
63.7,63.1,False,688349.SH,2025-11-19,/mnt/team/research-share/huangchunyang/etfmm_oe/wangcai_log_v2/passive_opponent/2025-11-19.log:8108
44.81,44.9,False,688349.SH,2025-11-19,/mnt/team/research-share/huangchunyang/etfmm_oe/wangcai_log_v2/passive_opponent/2025-11-19.log:8149
32.42,32.41,False,688223.SH,2025-11-19,/mnt/team/research-share/huangchunyang/etfmm_oe/wangcai_log_v2/passive_opponent/2025-11-19.log:8211
63.02,62.05,False,688388.SH,2025-11-19,/mnt/team/research-share/huangchunyang/etfmm_oe/wangcai_log_v2/passive_opponent/2025-11-19.log:8536
11.45,11.49,False,688388.SH,2025-11-19,/mnt/team/research-share/huangchunyang/etfmm_oe/wangcai_log_v2/passive_opponent/2025-11-19.log:8690
37.52,37.5,False,688388.SH,2025-11-19,/mnt/team/research-share/huangchunyang/etfmm_oe/wangcai_log_v2/passive_opponent/2025-11-19.log:8877
8.36,8.38,False,688779.SH,2025-11-19,/mnt/team/research-share/huangchunyang/etfmm_oe/wangcai_log_v2/passive_opponent/2025-11-19.log:9069
16.89,16.8,False,688353.SH,2025-11-19,/mnt/team/research-share/huangchunyang/etfmm_oe/wangcai_log_v2/passive_opponent/2025-11-19.log:9667
24.92,25.01,False,688573.SH,2025-11-20,/mnt/team/research-share/huangchunyang/etfmm_oe/wangcai_log_v2/passive_opponent/2025-11-20.log:48744
102.5,101.99,False,688392.SH,2025-11-20,/mnt/team/research-share/huangchunyang/etfmm_oe/wangcai_log_v2/passive_opponent/2025-11-20.log:50095
54.43,54.39,False,600885.SH,2025-11-20,/mnt/team/research-share/huangchunyang/etfmm_oe/wangcai_log_v2/passive_opponent/2025-11-20.log:50116
36.02,35.8,False,688005.SH,2025-11-20,/mnt/team/research-share/huangchunyang/etfmm_oe/wangcai_log_v2/passive_opponent/2025-11-20.log:50307
59.33,59.2,False,600699.SH,2025-11-20,/mnt/team/research-share/huangchunyang/etfmm_oe/wangcai_log_v2/passive_opponent/2025-11-20.log:50618
17.55,17.52,False,688518.SH,2025-11-20,/mnt/team/research-share/huangchunyang/etfmm_oe/wangcai_log_v2/passive_opponent/2025-11-20.log:50968
54.84,54.5,False,688275.SH,2025-11-20,/mnt/team/research-share/huangchunyang/etfmm_oe/wangcai_log_v2/passive_opponent/2025-11-20.log:51149
55.99,55.87,False,603659.SH,2025-11-20,/mnt/team/research-share/huangchunyang/etfmm_oe/wangcai_log_v2/passive_opponent/2025-11-20.log:68622
15.42,15.41,False,688472.SH,2025-11-20,/mnt/team/research-share/huangchunyang/etfmm_oe/wangcai_log_v2/passive_opponent/2025-11-20.log:68688
16.01,16.0,False,688778.SH,2025-11-20,/mnt/team/research-share/huangchunyang/etfmm_oe/wangcai_log_v2/passive_opponent/2025-11-20.log:70538
68.8,68.9,False,688778.SH,2025-11-20,/mnt/team/research-share/huangchunyang/etfmm_oe/wangcai_log_v2/passive_opponent/2025-11-20.log:70629
41.2,41.13,False,688778.SH,2025-11-20,/mnt/team/research-share/huangchunyang/etfmm_oe/wangcai_log_v2/passive_opponent/2025-11-20.log:70762
29.52,29.5,False,688778.SH,2025-11-20,/mnt/team/research-share/huangchunyang/etfmm_oe/wangcai_log_v2/passive_opponent/2025-11-20.log:70793
79.65,78.98,False,688778.SH,2025-11-20,/mnt/team/research-share/huangchunyang/etfmm_oe/wangcai_log_v2/passive_opponent/2025-11-20.log:70855
62.46,62.1,False,600392.SH,2025-11-20,/mnt/team/research-share/huangchunyang/etfmm_oe/wangcai_log_v2/passive_opponent/2025-11-20.log:71056
11.11,11.09,False,688148.SH,2025-11-20,/mnt/team/research-share/huangchunyang/etfmm_oe/wangcai_log_v2/passive_opponent/2025-11-20.log:71623
37.22,37.5,False,688147.SH,2025-11-20,/mnt/team/research-share/huangchunyang/etfmm_oe/wangcai_log_v2/passive_opponent/2025-11-20.log:71814
61.27,61.3,False,688147.SH,2025-11-20,/mnt/team/research-share/huangchunyang/etfmm_oe/wangcai_log_v2/passive_opponent/2025-11-20.log:71863
29.91,29.87,False,688303.SH,2025-11-20,/mnt/team/research-share/huangchunyang/etfmm_oe/wangcai_log_v2/passive_opponent/2025-11-20.log:73499
22.59,22.5,False,688353.SH,2025-11-20,/mnt/team/research-share/huangchunyang/etfmm_oe/wangcai_log_v2/passive_opponent/2025-11-20.log:73665
115.0,114.77,False,688353.SH,2025-11-20,/mnt/team/research-share/huangchunyang/etfmm_oe/wangcai_log_v2/passive_opponent/2025-11-20.log:73769
15.27,15.28,False,600641.SH,2025-11-24,/mnt/team/research-share/huangchunyang/etfmm_oe/wangcai_log_v2/passive_opponent/2025-11-24.log:30235
0.0,113.24,False,300339.SZ,2025-11-25,/mnt/team/research-share/huangchunyang/etfmm_oe/wangcai_log_v2/passive_opponent/2025-11-25.log:107
476.0,477.01,False,300308.SZ,2025-11-25,/mnt/team/research-share/huangchunyang/etfmm_oe/wangcai_log_v2/passive_opponent/2025-11-25.log:4234
51.2,51.01,False,601928.SH,2025-11-25,/mnt/team/research-share/huangchunyang/etfmm_oe/wangcai_log_v2/passive_opponent/2025-11-25.log:4350
10.99,10.95,False,600487.SH,2025-11-25,/mnt/team/research-share/huangchunyang/etfmm_oe/wangcai_log_v2/passive_opponent/2025-11-25.log:4427
0.0,115.96,False,600487.SH,2025-11-25,/mnt/team/research-share/huangchunyang/etfmm_oe/wangcai_log_v2/passive_opponent/2025-11-25.log:4449
125.44,125.11,False,300620.SZ,2025-11-25,/mnt/team/research-share/huangchunyang/etfmm_oe/wangcai_log_v2/passive_opponent/2025-11-25.log:9861
0.0,13.94,False,600996.SH,2025-11-25,/mnt/team/research-share/huangchunyang/etfmm_oe/wangcai_log_v2/passive_opponent/2025-11-25.log:9938
0.0,47.61,False,600996.SH,2025-11-25,/mnt/team/research-share/huangchunyang/etfmm_oe/wangcai_log_v2/passive_opponent/2025-11-25.log:14103
41.35,41.3,False,300458.SZ,2025-11-25,/mnt/team/research-share/huangchunyang/etfmm_oe/wangcai_log_v2/passive_opponent/2025-11-25.log:19057
43.55,43.5,False,300418.SZ,2025-11-25,/mnt/team/research-share/huangchunyang/etfmm_oe/wangcai_log_v2/passive_opponent/2025-11-25.log:19114
11.59,11.58,False,601098.SH,2025-11-25,/mnt/team/research-share/huangchunyang/etfmm_oe/wangcai_log_v2/passive_opponent/2025-11-25.log:19167
43.0,42.14,False,301171.SZ,2025-11-25,/mnt/team/research-share/huangchunyang/etfmm_oe/wangcai_log_v2/passive_opponent/2025-11-25.log:19302
0.0,71.51,False,300394.SZ,2025-11-25,/mnt/team/research-share/huangchunyang/etfmm_oe/wangcai_log_v2/passive_opponent/2025-11-25.log:19325
146.8,146.66,False,300394.SZ,2025-11-25,/mnt/team/research-share/huangchunyang/etfmm_oe/wangcai_log_v2/passive_opponent/2025-11-25.log:24114
28.46,28.4,False,300364.SZ,2025-11-25,/mnt/team/research-share/huangchunyang/etfmm_oe/wangcai_log_v2/passive_opponent/2025-11-25.log:24254
302.0,303.0,False,300502.SZ,2025-11-25,/mnt/team/research-share/huangchunyang/etfmm_oe/wangcai_log_v2/passive_opponent/2025-11-25.log:24334
321.02,321.0,False,300033.SZ,2025-11-25,/mnt/team/research-share/huangchunyang/etfmm_oe/wangcai_log_v2/passive_opponent/2025-11-25.log:25640
48.0,47.95,False,301486.SZ,2025-11-25,/mnt/team/research-share/huangchunyang/etfmm_oe/wangcai_log_v2/passive_opponent/2025-11-25.log:25691
75.74,75.73,False,301486.SZ,2025-11-25,/mnt/team/research-share/huangchunyang/etfmm_oe/wangcai_log_v2/passive_opponent/2025-11-25.log:25704
45.68,45.35,False,300895.SZ,2025-11-25,/mnt/team/research-share/huangchunyang/etfmm_oe/wangcai_log_v2/passive_opponent/2025-11-25.log:25718
79.99,79.9,False,300624.SZ,2025-11-25,/mnt/team/research-share/huangchunyang/etfmm_oe/wangcai_log_v2/passive_opponent/2025-11-25.log:25763
6.11,6.1,False,300081.SZ,2025-11-25,/mnt/team/research-share/huangchunyang/etfmm_oe/wangcai_log_v2/passive_opponent/2025-11-25.log:25889
54.68,55.2,False,301536.SZ,2025-11-25,/mnt/team/research-share/huangchunyang/etfmm_oe/wangcai_log_v2/passive_opponent/2025-11-25.log:25951
10.86,10.82,False,300058.SZ,2025-11-25,/mnt/team/research-share/huangchunyang/etfmm_oe/wangcai_log_v2/passive_opponent/2025-11-25.log:26299
64.45,64.46,False,688036.SH,2025-11-25,/mnt/team/research-share/huangchunyang/etfmm_oe/wangcai_log_v2/passive_opponent/2025-11-25.log:26315
137.0,137.88,False,300857.SZ,2025-11-25,/mnt/team/research-share/huangchunyang/etfmm_oe/wangcai_log_v2/passive_opponent/2025-11-25.log:26334
23.5,23.56,False,300166.SZ,2025-11-25,/mnt/team/research-share/huangchunyang/etfmm_oe/wangcai_log_v2/passive_opponent/2025-11-25.log:26351
11.27,11.22,False,300166.SZ,2025-11-25,/mnt/team/research-share/huangchunyang/etfmm_oe/wangcai_log_v2/passive_opponent/2025-11-25.log:26367
6.74,6.73,False,688387.SH,2025-11-25,/mnt/team/research-share/huangchunyang/etfmm_oe/wangcai_log_v2/passive_opponent/2025-11-25.log:26449
69.99,69.96,False,301165.SZ,2025-11-25,/mnt/team/research-share/huangchunyang/etfmm_oe/wangcai_log_v2/passive_opponent/2025-11-25.log:26481
34.0,33.99,False,600198.SH,2025-11-25,/mnt/team/research-share/huangchunyang/etfmm_oe/wangcai_log_v2/passive_opponent/2025-11-25.log:27958
0.0,18.04,False,301205.SZ,2025-11-25,/mnt/team/research-share/huangchunyang/etfmm_oe/wangcai_log_v2/passive_opponent/2025-11-25.log:28104
19.85,19.7,False,301205.SZ,2025-11-25,/mnt/team/research-share/huangchunyang/etfmm_oe/wangcai_log_v2/passive_opponent/2025-11-25.log:32281
115.0,115.2,False,301205.SZ,2025-11-25,/mnt/team/research-share/huangchunyang/etfmm_oe/wangcai_log_v2/passive_opponent/2025-11-25.log:32317
14.82,14.81,False,301236.SZ,2025-11-26,/mnt/team/research-share/huangchunyang/etfmm_oe/wangcai_log_v2/passive_opponent/2025-11-26.log:21
12.74,12.73,False,301236.SZ,2025-11-26,/mnt/team/research-share/huangchunyang/etfmm_oe/wangcai_log_v2/passive_opponent/2025-11-26.log:36
48.8,48.86,False,301236.SZ,2025-11-26,/mnt/team/research-share/huangchunyang/etfmm_oe/wangcai_log_v2/passive_opponent/2025-11-26.log:69
119.0,118.26,False,300229.SZ,2025-11-26,/mnt/team/research-share/huangchunyang/etfmm_oe/wangcai_log_v2/passive_opponent/2025-11-26.log:118
21.0,20.98,False,300229.SZ,2025-11-26,/mnt/team/research-share/huangchunyang/etfmm_oe/wangcai_log_v2/passive_opponent/2025-11-26.log:138
5.53,5.54,False,300223.SZ,2025-11-26,/mnt/team/research-share/huangchunyang/etfmm_oe/wangcai_log_v2/passive_opponent/2025-11-26.log:447
19.73,19.75,False,300913.SZ,2025-11-26,/mnt/team/research-share/huangchunyang/etfmm_oe/wangcai_log_v2/passive_opponent/2025-11-26.log:481
50.8,50.78,False,300598.SZ,2025-11-26,/mnt/team/research-share/huangchunyang/etfmm_oe/wangcai_log_v2/passive_opponent/2025-11-26.log:523
15.01,15.0,False,300188.SZ,2025-11-26,/mnt/team/research-share/huangchunyang/etfmm_oe/wangcai_log_v2/passive_opponent/2025-11-26.log:549
18.45,18.37,False,300170.SZ,2025-11-26,/mnt/team/research-share/huangchunyang/etfmm_oe/wangcai_log_v2/passive_opponent/2025-11-26.log:587
76.91,76.94,False,301486.SZ,2025-11-26,/mnt/team/research-share/huangchunyang/etfmm_oe/wangcai_log_v2/passive_opponent/2025-11-26.log:621
63.7,63.68,False,300496.SZ,2025-11-26,/mnt/team/research-share/huangchunyang/etfmm_oe/wangcai_log_v2/passive_opponent/2025-11-26.log:677
45.0,44.68,False,301171.SZ,2025-11-26,/mnt/team/research-share/huangchunyang/etfmm_oe/wangcai_log_v2/passive_opponent/2025-11-26.log:796
0.0,47.48,False,300394.SZ,2025-11-26,/mnt/team/research-share/huangchunyang/etfmm_oe/wangcai_log_v2/passive_opponent/2025-11-26.log:815
145.0,144.87,False,300394.SZ,2025-11-26,/mnt/team/research-share/huangchunyang/etfmm_oe/wangcai_log_v2/passive_opponent/2025-11-26.log:5227
475.23,475.2,False,300308.SZ,2025-11-26,/mnt/team/research-share/huangchunyang/etfmm_oe/wangcai_log_v2/passive_opponent/2025-11-26.log:6321
28.7,28.5,False,300364.SZ,2025-11-26,/mnt/team/research-share/huangchunyang/etfmm_oe/wangcai_log_v2/passive_opponent/2025-11-26.log:6351
72.9,72.88,False,300474.SZ,2025-11-26,/mnt/team/research-share/huangchunyang/etfmm_oe/wangcai_log_v2/passive_opponent/2025-11-26.log:6393
117.3,116.61,False,301205.SZ,2025-11-26,/mnt/team/research-share/huangchunyang/etfmm_oe/wangcai_log_v2/passive_opponent/2025-11-26.log:6427
143.51,141.18,False,300620.SZ,2025-11-26,/mnt/team/research-share/huangchunyang/etfmm_oe/wangcai_log_v2/passive_opponent/2025-11-26.log:6601
45.53,45.52,False,300418.SZ,2025-11-26,/mnt/team/research-share/huangchunyang/etfmm_oe/wangcai_log_v2/passive_opponent/2025-11-26.log:6653
0.0,46.15,False,300058.SZ,2025-11-26,/mnt/team/research-share/huangchunyang/etfmm_oe/wangcai_log_v2/passive_opponent/2025-11-26.log:6671
14.71,14.72,False,300053.SZ,2025-11-26,/mnt/team/research-share/huangchunyang/etfmm_oe/wangcai_log_v2/passive_opponent/2025-11-26.log:11156
55.05,55.17,False,301536.SZ,2025-11-26,/mnt/team/research-share/huangchunyang/etfmm_oe/wangcai_log_v2/passive_opponent/2025-11-26.log:11178
33.83,33.88,False,300033.SZ,2025-11-26,/mnt/team/research-share/huangchunyang/etfmm_oe/wangcai_log_v2/passive_opponent/2025-11-26.log:11215
21.25,21.24,False,300846.SZ,2025-11-26,/mnt/team/research-share/huangchunyang/etfmm_oe/wangcai_log_v2/passive_opponent/2025-11-26.log:11267
79.94,78.5,False,300624.SZ,2025-11-26,/mnt/team/research-share/huangchunyang/etfmm_oe/wangcai_log_v2/passive_opponent/2025-11-26.log:11294
6.02,5.98,False,300081.SZ,2025-11-26,/mnt/team/research-share/huangchunyang/etfmm_oe/wangcai_log_v2/passive_opponent/2025-11-26.log:11309
41.69,41.66,False,300458.SZ,2025-11-27,/mnt/team/research-share/huangchunyang/etfmm_oe/wangcai_log_v2/passive_opponent/2025-11-27.log:21
73.49,73.31,False,300496.SZ,2025-11-27,/mnt/team/research-share/huangchunyang/etfmm_oe/wangcai_log_v2/passive_opponent/2025-11-27.log:35
21.57,21.56,False,300496.SZ,2025-11-27,/mnt/team/research-share/huangchunyang/etfmm_oe/wangcai_log_v2/passive_opponent/2025-11-27.log:60
63.92,63.9,False,300496.SZ,2025-11-27,/mnt/team/research-share/huangchunyang/etfmm_oe/wangcai_log_v2/passive_opponent/2025-11-27.log:74
320.29,320.34,False,688036.SH,2025-11-27,/mnt/team/research-share/huangchunyang/etfmm_oe/wangcai_log_v2/passive_opponent/2025-11-27.log:90
64.74,64.7,False,688036.SH,2025-11-27,/mnt/team/research-share/huangchunyang/etfmm_oe/wangcai_log_v2/passive_opponent/2025-11-27.log:110
120.55,120.0,False,300548.SZ,2025-11-27,/mnt/team/research-share/huangchunyang/etfmm_oe/wangcai_log_v2/passive_opponent/2025-11-27.log:36925
14.4,14.38,False,300570.SZ,2025-11-27,/mnt/team/research-share/huangchunyang/etfmm_oe/wangcai_log_v2/passive_opponent/2025-11-27.log:36940
11.63,11.62,False,300570.SZ,2025-11-27,/mnt/team/research-share/huangchunyang/etfmm_oe/wangcai_log_v2/passive_opponent/2025-11-27.log:36955
20.76,20.75,False,300229.SZ,2025-11-27,/mnt/team/research-share/huangchunyang/etfmm_oe/wangcai_log_v2/passive_opponent/2025-11-27.log:37010
148.6,147.16,False,300620.SZ,2025-11-27,/mnt/team/research-share/huangchunyang/etfmm_oe/wangcai_log_v2/passive_opponent/2025-11-27.log:37389
35.01,35.0,False,688100.SH,2025-11-27,/mnt/team/research-share/huangchunyang/etfmm_oe/wangcai_log_v2/passive_opponent/2025-11-27.log:37415
78.51,78.24,False,300624.SZ,2025-11-27,/mnt/team/research-share/huangchunyang/etfmm_oe/wangcai_log_v2/passive_opponent/2025-11-27.log:37433
0.0,35.64,False,603083.SH,2025-11-27,/mnt/team/research-share/huangchunyang/etfmm_oe/wangcai_log_v2/passive_opponent/2025-11-27.log:38563
0.0,11.85,False,603083.SH,2025-11-27,/mnt/team/research-share/huangchunyang/etfmm_oe/wangcai_log_v2/passive_opponent/2025-11-27.log:41680
0.0,23.48,False,603083.SH,2025-11-27,/mnt/team/research-share/huangchunyang/etfmm_oe/wangcai_log_v2/passive_opponent/2025-11-27.log:46651
12.47,12.49,False,300252.SZ,2025-11-27,/mnt/team/research-share/huangchunyang/etfmm_oe/wangcai_log_v2/passive_opponent/2025-11-27.log:50681
5.37,5.34,False,300287.SZ,2025-11-27,/mnt/team/research-share/huangchunyang/etfmm_oe/wangcai_log_v2/passive_opponent/2025-11-27.log:50731
19.36,19.28,False,300212.SZ,2025-11-27,/mnt/team/research-share/huangchunyang/etfmm_oe/wangcai_log_v2/passive_opponent/2025-11-27.log:50762
537.04,537.0,False,300308.SZ,2025-11-27,/mnt/team/research-share/huangchunyang/etfmm_oe/wangcai_log_v2/passive_opponent/2025-11-27.log:50829
13.76,13.78,False,300348.SZ,2025-11-27,/mnt/team/research-share/huangchunyang/etfmm_oe/wangcai_log_v2/passive_opponent/2025-11-27.log:51853
20.32,20.31,False,300353.SZ,2025-11-27,/mnt/team/research-share/huangchunyang/etfmm_oe/wangcai_log_v2/passive_opponent/2025-11-27.log:51870
0.0,18.35,False,300394.SZ,2025-11-27,/mnt/team/research-share/huangchunyang/etfmm_oe/wangcai_log_v2/passive_opponent/2025-11-27.log:51959
12.96,12.97,False,300394.SZ,2025-11-27,/mnt/team/research-share/huangchunyang/etfmm_oe/wangcai_log_v2/passive_opponent/2025-11-27.log:56167
155.03,155.02,False,300394.SZ,2025-11-27,/mnt/team/research-share/huangchunyang/etfmm_oe/wangcai_log_v2/passive_opponent/2025-11-27.log:56193
7.8,7.78,False,603712.SH,2025-11-27,/mnt/team/research-share/huangchunyang/etfmm_oe/wangcai_log_v2/passive_opponent/2025-11-27.log:56211
25.98,25.9,False,300364.SZ,2025-11-27,/mnt/team/research-share/huangchunyang/etfmm_oe/wangcai_log_v2/passive_opponent/2025-11-27.log:56239
44.78,44.6,False,300364.SZ,2025-11-27,/mnt/team/research-share/huangchunyang/etfmm_oe/wangcai_log_v2/passive_opponent/2025-11-27.log:56275
5.91,5.9,False,300364.SZ,2025-11-27,/mnt/team/research-share/huangchunyang/etfmm_oe/wangcai_log_v2/passive_opponent/2025-11-27.log:56290
0.0,48.34,False,300364.SZ,2025-11-27,/mnt/team/research-share/huangchunyang/etfmm_oe/wangcai_log_v2/passive_opponent/2025-11-27.log:56313
10.92,10.79,False,300364.SZ,2025-11-27,/mnt/team/research-share/huangchunyang/etfmm_oe/wangcai_log_v2/passive_opponent/2025-11-27.log:61678
28.5,28.12,False,300364.SZ,2025-11-27,/mnt/team/research-share/huangchunyang/etfmm_oe/wangcai_log_v2/passive_opponent/2025-11-27.log:61697
33.7,33.65,False,300598.SZ,2025-11-27,/mnt/team/research-share/huangchunyang/etfmm_oe/wangcai_log_v2/passive_opponent/2025-11-27.log:61715
50.78,50.8,False,300598.SZ,2025-11-27,/mnt/team/research-share/huangchunyang/etfmm_oe/wangcai_log_v2/passive_opponent/2025-11-27.log:61729
48.09,48.04,False,300895.SZ,2025-11-27,/mnt/team/research-share/huangchunyang/etfmm_oe/wangcai_log_v2/passive_opponent/2025-11-27.log:61873
48.68,48.65,False,300913.SZ,2025-11-27,/mnt/team/research-share/huangchunyang/etfmm_oe/wangcai_log_v2/passive_opponent/2025-11-27.log:61931
44.03,43.99,False,301171.SZ,2025-11-27,/mnt/team/research-share/huangchunyang/etfmm_oe/wangcai_log_v2/passive_opponent/2025-11-27.log:61990
73.27,73.26,False,301165.SZ,2025-11-27,/mnt/team/research-share/huangchunyang/etfmm_oe/wangcai_log_v2/passive_opponent/2025-11-27.log:62034
79.72,78.82,False,002194.SZ,2025-11-27,/mnt/team/research-share/huangchunyang/etfmm_oe/wangcai_log_v2/passive_opponent/2025-11-27.log:62053
121.47,120.14,False,301205.SZ,2025-11-27,/mnt/team/research-share/huangchunyang/etfmm_oe/wangcai_log_v2/passive_opponent/2025-11-27.log:62087
0.0,24.58,False,600498.SH,2025-11-27,/mnt/team/research-share/huangchunyang/etfmm_oe/wangcai_log_v2/passive_opponent/2025-11-27.log:75829
19.62,19.6,False,002179.SZ,2025-11-27,/mnt/team/research-share/huangchunyang/etfmm_oe/wangcai_log_v2/passive_opponent/2025-11-27.log:80999
43.99,43.98,False,300458.SZ,2025-12-02,/mnt/team/research-share/huangchunyang/etfmm_oe/wangcai_log_v2/passive_opponent/2025-12-02.log:20
73.65,73.66,False,300474.SZ,2025-12-02,/mnt/team/research-share/huangchunyang/etfmm_oe/wangcai_log_v2/passive_opponent/2025-12-02.log:38
0.0,23.1,False,300496.SZ,2025-12-02,/mnt/team/research-share/huangchunyang/etfmm_oe/wangcai_log_v2/passive_opponent/2025-12-02.log:69
69.0,68.92,False,300496.SZ,2025-12-02,/mnt/team/research-share/huangchunyang/etfmm_oe/wangcai_log_v2/passive_opponent/2025-12-02.log:4151
324.26,323.01,False,300033.SZ,2025-12-02,/mnt/team/research-share/huangchunyang/etfmm_oe/wangcai_log_v2/passive_opponent/2025-12-02.log:4168
72.08,72.03,False,688036.SH,2025-12-02,/mnt/team/research-share/huangchunyang/etfmm_oe/wangcai_log_v2/passive_opponent/2025-12-02.log:4195
10.45,10.46,False,300053.SZ,2025-12-02,/mnt/team/research-share/huangchunyang/etfmm_oe/wangcai_log_v2/passive_opponent/2025-12-02.log:4263
14.89,14.88,False,300053.SZ,2025-12-02,/mnt/team/research-share/huangchunyang/etfmm_oe/wangcai_log_v2/passive_opponent/2025-12-02.log:4279
117.9,117.5,False,300053.SZ,2025-12-02,/mnt/team/research-share/huangchunyang/etfmm_oe/wangcai_log_v2/passive_opponent/2025-12-02.log:4319
17.06,16.83,False,300053.SZ,2025-12-02,/mnt/team/research-share/huangchunyang/etfmm_oe/wangcai_log_v2/passive_opponent/2025-12-02.log:4394
21.14,21.16,False,300229.SZ,2025-12-02,/mnt/team/research-share/huangchunyang/etfmm_oe/wangcai_log_v2/passive_opponent/2025-12-02.log:4478
147.43,143.06,False,300620.SZ,2025-12-02,/mnt/team/research-share/huangchunyang/etfmm_oe/wangcai_log_v2/passive_opponent/2025-12-02.log:5835
25.45,25.4,False,300455.SZ,2025-12-02,/mnt/team/research-share/huangchunyang/etfmm_oe/wangcai_log_v2/passive_opponent/2025-12-02.log:5952
13.28,13.26,False,300252.SZ,2025-12-02,/mnt/team/research-share/huangchunyang/etfmm_oe/wangcai_log_v2/passive_opponent/2025-12-02.log:5983
96.63,96.14,False,300223.SZ,2025-12-02,/mnt/team/research-share/huangchunyang/etfmm_oe/wangcai_log_v2/passive_opponent/2025-12-02.log:6050
15.46,15.41,False,300188.SZ,2025-12-02,/mnt/team/research-share/huangchunyang/etfmm_oe/wangcai_log_v2/passive_opponent/2025-12-02.log:6184
117.02,117.5,False,300170.SZ,2025-12-02,/mnt/team/research-share/huangchunyang/etfmm_oe/wangcai_log_v2/passive_opponent/2025-12-02.log:6269
19.85,19.71,False,300170.SZ,2025-12-02,/mnt/team/research-share/huangchunyang/etfmm_oe/wangcai_log_v2/passive_opponent/2025-12-02.log:6314
160.0,158.5,False,300394.SZ,2025-12-02,/mnt/team/research-share/huangchunyang/etfmm_oe/wangcai_log_v2/passive_opponent/2025-12-02.log:22656
21.16,21.21,False,603712.SH,2025-12-02,/mnt/team/research-share/huangchunyang/etfmm_oe/wangcai_log_v2/passive_opponent/2025-12-02.log:22695
0.0,43.31,False,300058.SZ,2025-12-02,/mnt/team/research-share/huangchunyang/etfmm_oe/wangcai_log_v2/passive_opponent/2025-12-02.log:22759
5.85,5.84,False,300058.SZ,2025-12-02,/mnt/team/research-share/huangchunyang/etfmm_oe/wangcai_log_v2/passive_opponent/2025-12-02.log:26881
51.11,51.03,False,300058.SZ,2025-12-02,/mnt/team/research-share/huangchunyang/etfmm_oe/wangcai_log_v2/passive_opponent/2025-12-02.log:27928
10.41,10.4,False,300058.SZ,2025-12-02,/mnt/team/research-share/huangchunyang/etfmm_oe/wangcai_log_v2/passive_opponent/2025-12-02.log:28071
34.39,34.4,False,300598.SZ,2025-12-02,/mnt/team/research-share/huangchunyang/etfmm_oe/wangcai_log_v2/passive_opponent/2025-12-02.log:28104
10.94,10.91,False,300857.SZ,2025-12-02,/mnt/team/research-share/huangchunyang/etfmm_oe/wangcai_log_v2/passive_opponent/2025-12-02.log:28132
28.67,28.71,False,600105.SH,2025-12-02,/mnt/team/research-share/huangchunyang/etfmm_oe/wangcai_log_v2/passive_opponent/2025-12-02.log:28177
48.36,48.43,False,301236.SZ,2025-12-02,/mnt/team/research-share/huangchunyang/etfmm_oe/wangcai_log_v2/passive_opponent/2025-12-02.log:28252
51.9,52.0,False,300913.SZ,2025-12-02,/mnt/team/research-share/huangchunyang/etfmm_oe/wangcai_log_v2/passive_opponent/2025-12-02.log:28310
40.34,40.27,False,301171.SZ,2025-12-02,/mnt/team/research-share/huangchunyang/etfmm_oe/wangcai_log_v2/passive_opponent/2025-12-02.log:28337
59.35,58.93,False,301536.SZ,2025-12-02,/mnt/team/research-share/huangchunyang/etfmm_oe/wangcai_log_v2/passive_opponent/2025-12-02.log:28369
74.83,74.82,False,301165.SZ,2025-12-02,/mnt/team/research-share/huangchunyang/etfmm_oe/wangcai_log_v2/passive_opponent/2025-12-02.log:28388
78.58,78.72,False,301486.SZ,2025-12-02,/mnt/team/research-share/huangchunyang/etfmm_oe/wangcai_log_v2/passive_opponent/2025-12-02.log:28401
123.0,122.23,False,301205.SZ,2025-12-02,/mnt/team/research-share/huangchunyang/etfmm_oe/wangcai_log_v2/passive_opponent/2025-12-02.log:28432
19.99,20.0,False,600487.SH,2025-12-02,/mnt/team/research-share/huangchunyang/etfmm_oe/wangcai_log_v2/passive_opponent/2025-12-02.log:28492
33.33,33.0,False,300638.SZ,2025-12-02,/mnt/team/research-share/huangchunyang/etfmm_oe/wangcai_log_v2/passive_opponent/2025-12-02.log:29279
14.9,14.83,False,600522.SH,2025-12-02,/mnt/team/research-share/huangchunyang/etfmm_oe/wangcai_log_v2/passive_opponent/2025-12-02.log:29292
21.05,21.07,False,300846.SZ,2025-12-02,/mnt/team/research-share/huangchunyang/etfmm_oe/wangcai_log_v2/passive_opponent/2025-12-02.log:43270
0.0,43.45,False,300474.SZ,2025-12-03,/mnt/team/research-share/huangchunyang/etfmm_oe/wangcai_log_v2/passive_opponent/2025-12-03.log:32
67.5,67.88,False,300033.SZ,2025-12-03,/mnt/team/research-share/huangchunyang/etfmm_oe/wangcai_log_v2/passive_opponent/2025-12-03.log:4103
73.68,73.5,False,688036.SH,2025-12-03,/mnt/team/research-share/huangchunyang/etfmm_oe/wangcai_log_v2/passive_opponent/2025-12-03.log:4152
372.0,371.8,False,300502.SZ,2025-12-03,/mnt/team/research-share/huangchunyang/etfmm_oe/wangcai_log_v2/passive_opponent/2025-12-03.log:4194
14.75,14.77,False,300541.SZ,2025-12-03,/mnt/team/research-share/huangchunyang/etfmm_oe/wangcai_log_v2/passive_opponent/2025-12-03.log:4240
117.5,117.42,False,300548.SZ,2025-12-03,/mnt/team/research-share/huangchunyang/etfmm_oe/wangcai_log_v2/passive_opponent/2025-12-03.log:4262
16.89,16.7,False,300053.SZ,2025-12-03,/mnt/team/research-share/huangchunyang/etfmm_oe/wangcai_log_v2/passive_opponent/2025-12-03.log:4293
20.6,20.57,False,300229.SZ,2025-12-03,/mnt/team/research-share/huangchunyang/etfmm_oe/wangcai_log_v2/passive_opponent/2025-12-03.log:4357
37.8,37.78,False,002583.SZ,2025-12-03,/mnt/team/research-share/huangchunyang/etfmm_oe/wangcai_log_v2/passive_opponent/2025-12-03.log:5620
25.73,25.5,False,300455.SZ,2025-12-03,/mnt/team/research-share/huangchunyang/etfmm_oe/wangcai_log_v2/passive_opponent/2025-12-03.log:5657
13.36,13.33,False,300252.SZ,2025-12-03,/mnt/team/research-share/huangchunyang/etfmm_oe/wangcai_log_v2/passive_opponent/2025-12-03.log:5718
0.0,94.3,False,603496.SH,2025-12-03,/mnt/team/research-share/huangchunyang/etfmm_oe/wangcai_log_v2/passive_opponent/2025-12-03.log:5756
540.87,540.54,False,300308.SZ,2025-12-03,/mnt/team/research-share/huangchunyang/etfmm_oe/wangcai_log_v2/passive_opponent/2025-12-03.log:10160
50.25,50.24,False,300339.SZ,2025-12-03,/mnt/team/research-share/huangchunyang/etfmm_oe/wangcai_log_v2/passive_opponent/2025-12-03.log:10183
15.35,15.34,False,300348.SZ,2025-12-03,/mnt/team/research-share/huangchunyang/etfmm_oe/wangcai_log_v2/passive_opponent/2025-12-03.log:11128
13.63,13.56,False,300348.SZ,2025-12-03,/mnt/team/research-share/huangchunyang/etfmm_oe/wangcai_log_v2/passive_opponent/2025-12-03.log:11143
0.0,20.3,False,300454.SZ,2025-12-03,/mnt/team/research-share/huangchunyang/etfmm_oe/wangcai_log_v2/passive_opponent/2025-12-03.log:11169
115.0,114.41,False,300454.SZ,2025-12-03,/mnt/team/research-share/huangchunyang/etfmm_oe/wangcai_log_v2/passive_opponent/2025-12-03.log:15293
18.96,18.8,False,300170.SZ,2025-12-03,/mnt/team/research-share/huangchunyang/etfmm_oe/wangcai_log_v2/passive_opponent/2025-12-03.log:15314
163.96,164.0,False,300394.SZ,2025-12-03,/mnt/team/research-share/huangchunyang/etfmm_oe/wangcai_log_v2/passive_opponent/2025-12-03.log:15414
24.79,24.78,False,300413.SZ,2025-12-03,/mnt/team/research-share/huangchunyang/etfmm_oe/wangcai_log_v2/passive_opponent/2025-12-03.log:15523
41.83,41.77,False,300418.SZ,2025-12-03,/mnt/team/research-share/huangchunyang/etfmm_oe/wangcai_log_v2/passive_opponent/2025-12-03.log:15554
5.92,5.89,False,300364.SZ,2025-12-03,/mnt/team/research-share/huangchunyang/etfmm_oe/wangcai_log_v2/passive_opponent/2025-12-03.log:15571
50.29,50.03,False,300364.SZ,2025-12-03,/mnt/team/research-share/huangchunyang/etfmm_oe/wangcai_log_v2/passive_opponent/2025-12-03.log:15593
9.92,9.9,False,300364.SZ,2025-12-03,/mnt/team/research-share/huangchunyang/etfmm_oe/wangcai_log_v2/passive_opponent/2025-12-03.log:15667
26.22,26.2,False,300364.SZ,2025-12-03,/mnt/team/research-share/huangchunyang/etfmm_oe/wangcai_log_v2/passive_opponent/2025-12-03.log:15696
34.16,34.17,False,300857.SZ,2025-12-03,/mnt/team/research-share/huangchunyang/etfmm_oe/wangcai_log_v2/passive_opponent/2025-12-03.log:15711
0.0,10.88,False,300857.SZ,2025-12-03,/mnt/team/research-share/huangchunyang/etfmm_oe/wangcai_log_v2/passive_opponent/2025-12-03.log:15746
47.3,47.18,False,301236.SZ,2025-12-03,/mnt/team/research-share/huangchunyang/etfmm_oe/wangcai_log_v2/passive_opponent/2025-12-03.log:20921
52.18,52.02,False,300913.SZ,2025-12-03,/mnt/team/research-share/huangchunyang/etfmm_oe/wangcai_log_v2/passive_opponent/2025-12-03.log:20997
39.77,39.7,False,301171.SZ,2025-12-03,/mnt/team/research-share/huangchunyang/etfmm_oe/wangcai_log_v2/passive_opponent/2025-12-03.log:21026
58.91,58.9,False,301536.SZ,2025-12-03,/mnt/team/research-share/huangchunyang/etfmm_oe/wangcai_log_v2/passive_opponent/2025-12-03.log:21054
75.23,75.11,False,301165.SZ,2025-12-03,/mnt/team/research-share/huangchunyang/etfmm_oe/wangcai_log_v2/passive_opponent/2025-12-03.log:21069
78.1,78.09,False,301486.SZ,2025-12-03,/mnt/team/research-share/huangchunyang/etfmm_oe/wangcai_log_v2/passive_opponent/2025-12-03.log:21087
34.0,33.88,False,300638.SZ,2025-12-03,/mnt/team/research-share/huangchunyang/etfmm_oe/wangcai_log_v2/passive_opponent/2025-12-03.log:21302
14.61,14.66,False,301339.SZ,2025-12-03,/mnt/team/research-share/huangchunyang/etfmm_oe/wangcai_log_v2/passive_opponent/2025-12-03.log:21317
0.0,12.34,False,300726.SZ,2025-12-03,/mnt/team/research-share/huangchunyang/etfmm_oe/wangcai_log_v2/passive_opponent/2025-12-03.log:21436
41.36,41.34,False,300726.SZ,2025-12-03,/mnt/team/research-share/huangchunyang/etfmm_oe/wangcai_log_v2/passive_opponent/2025-12-03.log:26516
42.19,42.26,False,300474.SZ,2025-12-04,/mnt/team/research-share/huangchunyang/etfmm_oe/wangcai_log_v2/passive_opponent/2025-12-04.log:15
21.99,21.98,False,300045.SZ,2025-12-04,/mnt/team/research-share/huangchunyang/etfmm_oe/wangcai_log_v2/passive_opponent/2025-12-04.log:56
65.54,65.38,False,300496.SZ,2025-12-04,/mnt/team/research-share/huangchunyang/etfmm_oe/wangcai_log_v2/passive_opponent/2025-12-04.log:75
315.0,315.32,False,300033.SZ,2025-12-04,/mnt/team/research-share/huangchunyang/etfmm_oe/wangcai_log_v2/passive_opponent/2025-12-04.log:93
69.38,69.12,False,688036.SH,2025-12-04,/mnt/team/research-share/huangchunyang/etfmm_oe/wangcai_log_v2/passive_opponent/2025-12-04.log:117
370.0,367.13,False,300502.SZ,2025-12-04,/mnt/team/research-share/huangchunyang/etfmm_oe/wangcai_log_v2/passive_opponent/2025-12-04.log:151
10.09,10.11,False,300548.SZ,2025-12-04,/mnt/team/research-share/huangchunyang/etfmm_oe/wangcai_log_v2/passive_opponent/2025-12-04.log:17791
115.56,115.4,False,300548.SZ,2025-12-04,/mnt/team/research-share/huangchunyang/etfmm_oe/wangcai_log_v2/passive_opponent/2025-12-04.log:17833
15.95,15.86,False,300053.SZ,2025-12-04,/mnt/team/research-share/huangchunyang/etfmm_oe/wangcai_log_v2/passive_opponent/2025-12-04.log:17863
10.96,10.98,False,300229.SZ,2025-12-04,/mnt/team/research-share/huangchunyang/etfmm_oe/wangcai_log_v2/passive_opponent/2025-12-04.log:17882
102.04,102.02,False,300229.SZ,2025-12-04,/mnt/team/research-share/huangchunyang/etfmm_oe/wangcai_log_v2/passive_opponent/2025-12-04.log:17900
19.93,19.9,False,300229.SZ,2025-12-04,/mnt/team/research-share/huangchunyang/etfmm_oe/wangcai_log_v2/passive_opponent/2025-12-04.log:18879
45.67,45.43,False,300613.SZ,2025-12-04,/mnt/team/research-share/huangchunyang/etfmm_oe/wangcai_log_v2/passive_opponent/2025-12-04.log:18932
139.94,139.0,False,300620.SZ,2025-12-04,/mnt/team/research-share/huangchunyang/etfmm_oe/wangcai_log_v2/passive_opponent/2025-12-04.log:18962
38.3,38.04,False,300563.SZ,2025-12-04,/mnt/team/research-share/huangchunyang/etfmm_oe/wangcai_log_v2/passive_opponent/2025-12-04.log:19047
25.51,25.3,False,300455.SZ,2025-12-04,/mnt/team/research-share/huangchunyang/etfmm_oe/wangcai_log_v2/passive_opponent/2025-12-04.log:19098
13.54,13.55,False,300252.SZ,2025-12-04,/mnt/team/research-share/huangchunyang/etfmm_oe/wangcai_log_v2/passive_opponent/2025-12-04.log:19430
91.0,90.51,False,300223.SZ,2025-12-04,/mnt/team/research-share/huangchunyang/etfmm_oe/wangcai_log_v2/passive_opponent/2025-12-04.log:19451
517.52,517.37,False,300308.SZ,2025-12-04,/mnt/team/research-share/huangchunyang/etfmm_oe/wangcai_log_v2/passive_opponent/2025-12-04.log:19560
20.06,20.08,False,300353.SZ,2025-12-04,/mnt/team/research-share/huangchunyang/etfmm_oe/wangcai_log_v2/passive_opponent/2025-12-04.log:19678
113.3,113.5,False,300454.SZ,2025-12-04,/mnt/team/research-share/huangchunyang/etfmm_oe/wangcai_log_v2/passive_opponent/2025-12-04.log:19695
18.09,18.08,False,300170.SZ,2025-12-04,/mnt/team/research-share/huangchunyang/etfmm_oe/wangcai_log_v2/passive_opponent/2025-12-04.log:19719
170.2,170.18,False,300394.SZ,2025-12-04,/mnt/team/research-share/huangchunyang/etfmm_oe/wangcai_log_v2/passive_opponent/2025-12-04.log:33776
7.34,7.35,False,300133.SZ,2025-12-04,/mnt/team/research-share/huangchunyang/etfmm_oe/wangcai_log_v2/passive_opponent/2025-12-04.log:33794
24.2,24.23,False,300413.SZ,2025-12-04,/mnt/team/research-share/huangchunyang/etfmm_oe/wangcai_log_v2/passive_opponent/2025-12-04.log:33826
40.36,40.4,False,300418.SZ,2025-12-04,/mnt/team/research-share/huangchunyang/etfmm_oe/wangcai_log_v2/passive_opponent/2025-12-04.log:33846
5.51,5.5,False,300081.SZ,2025-12-04,/mnt/team/research-share/huangchunyang/etfmm_oe/wangcai_log_v2/passive_opponent/2025-12-04.log:33867
9.51,9.47,False,300364.SZ,2025-12-04,/mnt/team/research-share/huangchunyang/etfmm_oe/wangcai_log_v2/passive_opponent/2025-12-04.log:33967
24.79,24.74,False,300364.SZ,2025-12-04,/mnt/team/research-share/huangchunyang/etfmm_oe/wangcai_log_v2/passive_opponent/2025-12-04.log:33999
46.11,46.07,False,300231.SZ,2025-12-04,/mnt/team/research-share/huangchunyang/etfmm_oe/wangcai_log_v2/passive_opponent/2025-12-04.log:34029
45.98,45.99,False,301236.SZ,2025-12-04,/mnt/team/research-share/huangchunyang/etfmm_oe/wangcai_log_v2/passive_opponent/2025-12-04.log:35241
54.64,53.38,False,300913.SZ,2025-12-04,/mnt/team/research-share/huangchunyang/etfmm_oe/wangcai_log_v2/passive_opponent/2025-12-04.log:35323
37.31,37.3,False,301171.SZ,2025-12-04,/mnt/team/research-share/huangchunyang/etfmm_oe/wangcai_log_v2/passive_opponent/2025-12-04.log:35350
56.9,56.91,False,301536.SZ,2025-12-04,/mnt/team/research-share/huangchunyang/etfmm_oe/wangcai_log_v2/passive_opponent/2025-12-04.log:35379
75.07,75.1,False,301486.SZ,2025-12-04,/mnt/team/research-share/huangchunyang/etfmm_oe/wangcai_log_v2/passive_opponent/2025-12-04.log:35408
120.0,120.02,False,301205.SZ,2025-12-04,/mnt/team/research-share/huangchunyang/etfmm_oe/wangcai_log_v2/passive_opponent/2025-12-04.log:35444
31.48,31.03,False,301339.SZ,2025-12-04,/mnt/team/research-share/huangchunyang/etfmm_oe/wangcai_log_v2/passive_opponent/2025-12-04.log:47743
22.66,22.67,False,600498.SH,2025-12-04,/mnt/team/research-share/huangchunyang/etfmm_oe/wangcai_log_v2/passive_opponent/2025-12-04.log:47796
40.3,40.29,False,300726.SZ,2025-12-04,/mnt/team/research-share/huangchunyang/etfmm_oe/wangcai_log_v2/passive_opponent/2025-12-04.log:47828
27.94,26.7,False,600345.SH,2025-12-04,/mnt/team/research-share/huangchunyang/etfmm_oe/wangcai_log_v2/passive_opponent/2025-12-04.log:47845
64.62,64.6,False,688122.SH,2025-12-05,/mnt/team/research-share/huangchunyang/etfmm_oe/wangcai_log_v2/passive_opponent/2025-12-05.log:13094
0.0,23.8,False,002281.SZ,2025-12-08,/mnt/team/research-share/huangchunyang/etfmm_oe/wangcai_log_v2/passive_opponent/2025-12-08.log:76
0.0,27.6,False,300726.SZ,2025-12-08,/mnt/team/research-share/huangchunyang/etfmm_oe/wangcai_log_v2/passive_opponent/2025-12-08.log:4220
41.44,41.39,False,300726.SZ,2025-12-08,/mnt/team/research-share/huangchunyang/etfmm_oe/wangcai_log_v2/passive_opponent/2025-12-08.log:9306
29.3,29.15,False,300638.SZ,2025-12-08,/mnt/team/research-share/huangchunyang/etfmm_oe/wangcai_log_v2/passive_opponent/2025-12-08.log:9435
34.78,35.0,False,300136.SZ,2025-12-08,/mnt/team/research-share/huangchunyang/etfmm_oe/wangcai_log_v2/passive_opponent/2025-12-08.log:9463
0.0,46.61,False,600198.SH,2025-12-08,/mnt/team/research-share/huangchunyang/etfmm_oe/wangcai_log_v2/passive_opponent/2025-12-08.log:9545
14.34,14.33,False,300036.SZ,2025-12-08,/mnt/team/research-share/huangchunyang/etfmm_oe/wangcai_log_v2/passive_opponent/2025-12-08.log:13789
124.01,123.64,False,300548.SZ,2025-12-08,/mnt/team/research-share/huangchunyang/etfmm_oe/wangcai_log_v2/passive_opponent/2025-12-08.log:14885
121.0,120.0,False,301205.SZ,2025-12-08,/mnt/team/research-share/huangchunyang/etfmm_oe/wangcai_log_v2/passive_opponent/2025-12-08.log:14921
73.6,73.16,False,301165.SZ,2025-12-08,/mnt/team/research-share/huangchunyang/etfmm_oe/wangcai_log_v2/passive_opponent/2025-12-08.log:15021
17.77,17.68,False,300053.SZ,2025-12-08,/mnt/team/research-share/huangchunyang/etfmm_oe/wangcai_log_v2/passive_opponent/2025-12-08.log:15064
0.0,144.04,False,688036.SH,2025-12-08,/mnt/team/research-share/huangchunyang/etfmm_oe/wangcai_log_v2/passive_opponent/2025-12-08.log:15185
67.55,67.47,False,688036.SH,2025-12-08,/mnt/team/research-share/huangchunyang/etfmm_oe/wangcai_log_v2/passive_opponent/2025-12-08.log:19562
21.64,21.78,False,300593.SZ,2025-12-08,/mnt/team/research-share/huangchunyang/etfmm_oe/wangcai_log_v2/passive_opponent/2025-12-08.log:19599
0.0,25.06,False,300593.SZ,2025-12-08,/mnt/team/research-share/huangchunyang/etfmm_oe/wangcai_log_v2/passive_opponent/2025-12-08.log:24561
25.82,26.02,False,300593.SZ,2025-12-08,/mnt/team/research-share/huangchunyang/etfmm_oe/wangcai_log_v2/passive_opponent/2025-12-08.log:29493
112.36,112.2,False,300570.SZ,2025-12-08,/mnt/team/research-share/huangchunyang/etfmm_oe/wangcai_log_v2/passive_opponent/2025-12-08.log:29599
375.0,375.12,False,300502.SZ,2025-12-08,/mnt/team/research-share/huangchunyang/etfmm_oe/wangcai_log_v2/passive_opponent/2025-12-08.log:29629
7.54,7.55,False,688387.SH,2025-12-08,/mnt/team/research-share/huangchunyang/etfmm_oe/wangcai_log_v2/passive_opponent/2025-12-08.log:29659
38.54,38.53,False,300563.SZ,2025-12-08,/mnt/team/research-share/huangchunyang/etfmm_oe/wangcai_log_v2/passive_opponent/2025-12-08.log:29676
17.46,17.5,False,600105.SH,2025-12-08,/mnt/team/research-share/huangchunyang/etfmm_oe/wangcai_log_v2/passive_opponent/2025-12-08.log:29937
0.0,23.96,False,300900.SZ,2025-12-09,/mnt/team/research-share/huangchunyang/etfmm_oe/wangcai_log_v2/passive_opponent/2025-12-09.log:90
22.95,22.94,False,300900.SZ,2025-12-09,/mnt/team/research-share/huangchunyang/etfmm_oe/wangcai_log_v2/passive_opponent/2025-12-09.log:4133
17.26,17.28,False,300034.SZ,2025-12-09,/mnt/team/research-share/huangchunyang/etfmm_oe/wangcai_log_v2/passive_opponent/2025-12-09.log:4165
41.69,41.81,False,300913.SZ,2025-12-09,/mnt/team/research-share/huangchunyang/etfmm_oe/wangcai_log_v2/passive_opponent/2025-12-09.log:4192
57.22,57.2,False,300913.SZ,2025-12-09,/mnt/team/research-share/huangchunyang/etfmm_oe/wangcai_log_v2/passive_opponent/2025-12-09.log:4207
17.0,16.8,False,300053.SZ,2025-12-09,/mnt/team/research-share/huangchunyang/etfmm_oe/wangcai_log_v2/passive_opponent/2025-12-09.log:4294
85.01,85.54,False,301165.SZ,2025-12-09,/mnt/team/research-share/huangchunyang/etfmm_oe/wangcai_log_v2/passive_opponent/2025-12-09.log:4388
31.35,31.37,False,301205.SZ,2025-12-09,/mnt/team/research-share/huangchunyang/etfmm_oe/wangcai_log_v2/passive_opponent/2025-12-09.log:5644
0.0,47.01,False,301205.SZ,2025-12-09,/mnt/team/research-share/huangchunyang/etfmm_oe/wangcai_log_v2/passive_opponent/2025-12-09.log:5671
130.32,130.05,False,301205.SZ,2025-12-09,/mnt/team/research-share/huangchunyang/etfmm_oe/wangcai_log_v2/passive_opponent/2025-12-09.log:9509
30.45,30.1,False,300638.SZ,2025-12-09,/mnt/team/research-share/huangchunyang/etfmm_oe/wangcai_log_v2/passive_opponent/2025-12-09.log:9586
19.18,19.2,False,300628.SZ,2025-12-09,/mnt/team/research-share/huangchunyang/etfmm_oe/wangcai_log_v2/passive_opponent/2025-12-09.log:9605
34.52,34.6,False,300628.SZ,2025-12-09,/mnt/team/research-share/huangchunyang/etfmm_oe/wangcai_log_v2/passive_opponent/2025-12-09.log:9620
167.1,167.09,False,300620.SZ,2025-12-09,/mnt/team/research-share/huangchunyang/etfmm_oe/wangcai_log_v2/passive_opponent/2025-12-09.log:9683
0.0,25.65,False,300548.SZ,2025-12-09,/mnt/team/research-share/huangchunyang/etfmm_oe/wangcai_log_v2/passive_opponent/2025-12-09.log:9700
119.78,119.79,False,300548.SZ,2025-12-09,/mnt/team/research-share/huangchunyang/etfmm_oe/wangcai_log_v2/passive_opponent/2025-12-09.log:14795
40.77,40.9,False,300548.SZ,2025-12-09,/mnt/team/research-share/huangchunyang/etfmm_oe/wangcai_log_v2/passive_opponent/2025-12-09.log:14819
130.99,130.5,False,300548.SZ,2025-12-09,/mnt/team/research-share/huangchunyang/etfmm_oe/wangcai_log_v2/passive_opponent/2025-12-09.log:14843
33.33,33.0,False,300762.SZ,2025-12-09,/mnt/team/research-share/huangchunyang/etfmm_oe/wangcai_log_v2/passive_opponent/2025-12-09.log:14911
16.67,16.65,False,300397.SZ,2025-12-09,/mnt/team/research-share/huangchunyang/etfmm_oe/wangcai_log_v2/passive_opponent/2025-12-09.log:14990
14.59,14.42,False,300397.SZ,2025-12-09,/mnt/team/research-share/huangchunyang/etfmm_oe/wangcai_log_v2/passive_opponent/2025-12-09.log:15010
236.9,236.0,False,300394.SZ,2025-12-09,/mnt/team/research-share/huangchunyang/etfmm_oe/wangcai_log_v2/passive_opponent/2025-12-09.log:15118
22.45,22.36,False,300342.SZ,2025-12-09,/mnt/team/research-share/huangchunyang/etfmm_oe/wangcai_log_v2/passive_opponent/2025-12-09.log:15185
570.21,570.09,False,300308.SZ,2025-12-09,/mnt/team/research-share/huangchunyang/etfmm_oe/wangcai_log_v2/passive_opponent/2025-12-09.log:15216
69.79,69.8,False,300782.SZ,2025-12-09,/mnt/team/research-share/huangchunyang/etfmm_oe/wangcai_log_v2/passive_opponent/2025-12-09.log:15258
8.11,8.07,False,300123.SZ,2025-12-09,/mnt/team/research-share/huangchunyang/etfmm_oe/wangcai_log_v2/passive_opponent/2025-12-09.log:15305
0.0,28.34,False,300672.SZ,2025-12-09,/mnt/team/research-share/huangchunyang/etfmm_oe/wangcai_log_v2/passive_opponent/2025-12-09.log:15417
14.49,14.45,False,000519.SZ,2025-12-09,/mnt/team/research-share/huangchunyang/etfmm_oe/wangcai_log_v2/passive_opponent/2025-12-09.log:20826
23.36,23.28,False,300726.SZ,2025-12-10,/mnt/team/research-share/huangchunyang/etfmm_oe/wangcai_log_v2/passive_opponent/2025-12-10.log:95
41.2,41.15,False,300726.SZ,2025-12-10,/mnt/team/research-share/huangchunyang/etfmm_oe/wangcai_log_v2/passive_opponent/2025-12-10.log:109
22.11,22.0,False,300342.SZ,2025-12-10,/mnt/team/research-share/huangchunyang/etfmm_oe/wangcai_log_v2/passive_opponent/2025-12-10.log:136
16.62,16.54,False,300672.SZ,2025-12-10,/mnt/team/research-share/huangchunyang/etfmm_oe/wangcai_log_v2/passive_opponent/2025-12-10.log:190
0.0,24.3,False,300416.SZ,2025-12-10,/mnt/team/research-share/huangchunyang/etfmm_oe/wangcai_log_v2/passive_opponent/2025-12-10.log:310
0.0,36.3,False,300593.SZ,2025-12-10,/mnt/team/research-share/huangchunyang/etfmm_oe/wangcai_log_v2/passive_opponent/2025-12-10.log:5691
0.0,428.53,False,300548.SZ,2025-12-11,/mnt/team/research-share/huangchunyang/etfmm_oe/wangcai_log_v2/passive_opponent/2025-12-11.log:73
141.51,141.0,False,300548.SZ,2025-12-11,/mnt/team/research-share/huangchunyang/etfmm_oe/wangcai_log_v2/passive_opponent/2025-12-11.log:3825
36.85,36.74,False,300563.SZ,2025-12-11,/mnt/team/research-share/huangchunyang/etfmm_oe/wangcai_log_v2/passive_opponent/2025-12-11.log:3849
25.7,25.71,False,300593.SZ,2025-12-11,/mnt/team/research-share/huangchunyang/etfmm_oe/wangcai_log_v2/passive_opponent/2025-12-11.log:3935
24.89,24.88,False,300045.SZ,2025-12-11,/mnt/team/research-share/huangchunyang/etfmm_oe/wangcai_log_v2/passive_opponent/2025-12-11.log:4008
0.0,103.6,False,603341.SH,2025-12-11,/mnt/team/research-share/huangchunyang/etfmm_oe/wangcai_log_v2/passive_opponent/2025-12-11.log:4098
0.0,13.3,False,300416.SZ,2025-12-11,/mnt/team/research-share/huangchunyang/etfmm_oe/wangcai_log_v2/passive_opponent/2025-12-11.log:9534
18.3,18.15,False,300053.SZ,2025-12-11,/mnt/team/research-share/huangchunyang/etfmm_oe/wangcai_log_v2/passive_opponent/2025-12-11.log:13676
0.0,5.35,False,003031.SZ,2025-12-11,/mnt/team/research-share/huangchunyang/etfmm_oe/wangcai_log_v2/passive_opponent/2025-12-11.log:13692
0.0,23.37,False,300136.SZ,2025-12-11,/mnt/team/research-share/huangchunyang/etfmm_oe/wangcai_log_v2/passive_opponent/2025-12-11.log:18387
66.88,66.79,False,688036.SH,2025-12-11,/mnt/team/research-share/huangchunyang/etfmm_oe/wangcai_log_v2/passive_opponent/2025-12-11.log:23409
22.71,22.77,False,300342.SZ,2025-12-11,/mnt/team/research-share/huangchunyang/etfmm_oe/wangcai_log_v2/passive_opponent/2025-12-11.log:23441
231.13,231.0,False,300394.SZ,2025-12-11,/mnt/team/research-share/huangchunyang/etfmm_oe/wangcai_log_v2/passive_opponent/2025-12-11.log:23502
41.78,41.76,False,300726.SZ,2025-12-11,/mnt/team/research-share/huangchunyang/etfmm_oe/wangcai_log_v2/passive_opponent/2025-12-11.log:23560
14.13,14.16,False,301339.SZ,2025-12-11,/mnt/team/research-share/huangchunyang/etfmm_oe/wangcai_log_v2/passive_opponent/2025-12-11.log:50275
142.19,141.0,False,301205.SZ,2025-12-11,/mnt/team/research-share/huangchunyang/etfmm_oe/wangcai_log_v2/passive_opponent/2025-12-11.log:50297
56.6,56.56,False,300913.SZ,2025-12-11,/mnt/team/research-share/huangchunyang/etfmm_oe/wangcai_log_v2/passive_opponent/2025-12-11.log:51361
54.21,54.2,False,300913.SZ,2025-12-12,/mnt/team/research-share/huangchunyang/etfmm_oe/wangcai_log_v2/passive_opponent/2025-12-12.log:21
81.52,81.13,False,301165.SZ,2025-12-12,/mnt/team/research-share/huangchunyang/etfmm_oe/wangcai_log_v2/passive_opponent/2025-12-12.log:47
134.52,133.98,False,301205.SZ,2025-12-12,/mnt/team/research-share/huangchunyang/etfmm_oe/wangcai_log_v2/passive_opponent/2025-12-12.log:84
8.75,8.77,False,600198.SH,2025-12-12,/mnt/team/research-share/huangchunyang/etfmm_oe/wangcai_log_v2/passive_opponent/2025-12-12.log:211
68.39,68.5,False,300502.SZ,2025-12-12,/mnt/team/research-share/huangchunyang/etfmm_oe/wangcai_log_v2/passive_opponent/2025-12-12.log:367
16.64,16.66,False,300502.SZ,2025-12-12,/mnt/team/research-share/huangchunyang/etfmm_oe/wangcai_log_v2/passive_opponent/2025-12-12.log:382
41.53,41.54,False,300502.SZ,2025-12-12,/mnt/team/research-share/huangchunyang/etfmm_oe/wangcai_log_v2/passive_opponent/2025-12-12.log:396
17.4,17.39,False,300416.SZ,2025-12-12,/mnt/team/research-share/huangchunyang/etfmm_oe/wangcai_log_v2/passive_opponent/2025-12-12.log:458
130.9,130.0,False,300548.SZ,2025-12-12,/mnt/team/research-share/huangchunyang/etfmm_oe/wangcai_log_v2/passive_opponent/2025-12-12.log:481
218.98,218.9,False,300394.SZ,2025-12-12,/mnt/team/research-share/huangchunyang/etfmm_oe/wangcai_log_v2/passive_opponent/2025-12-12.log:522
0.0,19.72,False,300570.SZ,2025-12-12,/mnt/team/research-share/huangchunyang/etfmm_oe/wangcai_log_v2/passive_opponent/2025-12-12.log:573
121.73,121.56,False,300570.SZ,2025-12-12,/mnt/team/research-share/huangchunyang/etfmm_oe/wangcai_log_v2/passive_opponent/2025-12-12.log:6009
23.25,23.2,False,300342.SZ,2025-12-12,/mnt/team/research-share/huangchunyang/etfmm_oe/wangcai_log_v2/passive_opponent/2025-12-12.log:6038
24.8,24.79,False,300593.SZ,2025-12-12,/mnt/team/research-share/huangchunyang/etfmm_oe/wangcai_log_v2/passive_opponent/2025-12-12.log:6051
587.06,587.0,False,300308.SZ,2025-12-12,/mnt/team/research-share/huangchunyang/etfmm_oe/wangcai_log_v2/passive_opponent/2025-12-12.log:6101
35.19,35.09,False,300136.SZ,2025-12-12,/mnt/team/research-share/huangchunyang/etfmm_oe/wangcai_log_v2/passive_opponent/2025-12-12.log:6141
30.74,30.68,False,300627.SZ,2025-12-12,/mnt/team/research-share/huangchunyang/etfmm_oe/wangcai_log_v2/passive_opponent/2025-12-12.log:6157
28.13,28.01,False,300638.SZ,2025-12-12,/mnt/team/research-share/huangchunyang/etfmm_oe/wangcai_log_v2/passive_opponent/2025-12-12.log:6220
0.0,101.01,False,300045.SZ,2025-12-12,/mnt/team/research-share/huangchunyang/etfmm_oe/wangcai_log_v2/passive_opponent/2025-12-12.log:6282
24.59,24.49,False,300045.SZ,2025-12-12,/mnt/team/research-share/huangchunyang/etfmm_oe/wangcai_log_v2/passive_opponent/2025-12-12.log:11426
169.6,168.49,False,300620.SZ,2025-12-12,/mnt/team/research-share/huangchunyang/etfmm_oe/wangcai_log_v2/passive_opponent/2025-12-12.log:11471
31.56,31.57,False,002151.SZ,2025-12-12,/mnt/team/research-share/huangchunyang/etfmm_oe/wangcai_log_v2/passive_opponent/2025-12-12.log:28151
65.01,65.0,False,688036.SH,2025-12-12,/mnt/team/research-share/huangchunyang/etfmm_oe/wangcai_log_v2/passive_opponent/2025-12-12.log:28243
43.29,43.3,False,603341.SH,2025-12-12,/mnt/team/research-share/huangchunyang/etfmm_oe/wangcai_log_v2/passive_opponent/2025-12-12.log:28272
8.39,8.37,False,688387.SH,2025-12-12,/mnt/team/research-share/huangchunyang/etfmm_oe/wangcai_log_v2/passive_opponent/2025-12-12.log:28350
156.76,155.36,False,301205.SZ,2025-12-15,/mnt/team/research-share/huangchunyang/etfmm_oe/wangcai_log_v2/passive_opponent/2025-12-15.log:25
0.0,11.14,False,600487.SH,2025-12-15,/mnt/team/research-share/huangchunyang/etfmm_oe/wangcai_log_v2/passive_opponent/2025-12-15.log:153
412.0,411.88,False,300502.SZ,2025-12-15,/mnt/team/research-share/huangchunyang/etfmm_oe/wangcai_log_v2/passive_opponent/2025-12-15.log:4925
82.27,82.04,False,301165.SZ,2025-12-15,/mnt/team/research-share/huangchunyang/etfmm_oe/wangcai_log_v2/passive_opponent/2025-12-15.log:38843
0.0,54.87,False,300548.SZ,2025-12-15,/mnt/team/research-share/huangchunyang/etfmm_oe/wangcai_log_v2/passive_opponent/2025-12-15.log:38874
145.65,145.05,False,300548.SZ,2025-12-15,/mnt/team/research-share/huangchunyang/etfmm_oe/wangcai_log_v2/passive_opponent/2025-12-15.log:43750
26.86,26.87,False,300455.SZ,2025-12-15,/mnt/team/research-share/huangchunyang/etfmm_oe/wangcai_log_v2/passive_opponent/2025-12-15.log:43768
118.15,117.0,False,300570.SZ,2025-12-15,/mnt/team/research-share/huangchunyang/etfmm_oe/wangcai_log_v2/passive_opponent/2025-12-15.log:43786
0.0,207.97,False,300353.SZ,2025-12-15,/mnt/team/research-share/huangchunyang/etfmm_oe/wangcai_log_v2/passive_opponent/2025-12-15.log:43876
0.0,25.87,False,300353.SZ,2025-12-15,/mnt/team/research-share/huangchunyang/etfmm_oe/wangcai_log_v2/passive_opponent/2025-12-15.log:48869
171.0,170.29,False,300620.SZ,2025-12-15,/mnt/team/research-share/huangchunyang/etfmm_oe/wangcai_log_v2/passive_opponent/2025-12-15.log:52909
570.13,570.0,False,300308.SZ,2025-12-15,/mnt/team/research-share/huangchunyang/etfmm_oe/wangcai_log_v2/passive_opponent/2025-12-15.log:52959
31.79,31.82,False,300136.SZ,2025-12-15,/mnt/team/research-share/huangchunyang/etfmm_oe/wangcai_log_v2/passive_opponent/2025-12-15.log:52975
28.4,28.31,False,300638.SZ,2025-12-15,/mnt/team/research-share/huangchunyang/etfmm_oe/wangcai_log_v2/passive_opponent/2025-12-15.log:53974
0.0,101.11,False,300726.SZ,2025-12-15,/mnt/team/research-share/huangchunyang/etfmm_oe/wangcai_log_v2/passive_opponent/2025-12-15.log:54004
18.28,18.3,False,300726.SZ,2025-12-15,/mnt/team/research-share/huangchunyang/etfmm_oe/wangcai_log_v2/passive_opponent/2025-12-15.log:58162
41.6,41.57,False,300726.SZ,2025-12-15,/mnt/team/research-share/huangchunyang/etfmm_oe/wangcai_log_v2/passive_opponent/2025-12-15.log:58176
17.77,17.67,False,300053.SZ,2025-12-15,/mnt/team/research-share/huangchunyang/etfmm_oe/wangcai_log_v2/passive_opponent/2025-12-15.log:58247
70.01,70.05,False,300782.SZ,2025-12-15,/mnt/team/research-share/huangchunyang/etfmm_oe/wangcai_log_v2/passive_opponent/2025-12-15.log:58261
35.88,35.9,False,300628.SZ,2025-12-15,/mnt/team/research-share/huangchunyang/etfmm_oe/wangcai_log_v2/passive_opponent/2025-12-15.log:58303
103.0,102.98,False,688313.SH,2025-12-15,/mnt/team/research-share/huangchunyang/etfmm_oe/wangcai_log_v2/passive_opponent/2025-12-15.log:59506
25.79,25.8,False,688182.SH,2025-12-15,/mnt/team/research-share/huangchunyang/etfmm_oe/wangcai_log_v2/passive_opponent/2025-12-15.log:59533
68.64,68.7,False,688036.SH,2025-12-15,/mnt/team/research-share/huangchunyang/etfmm_oe/wangcai_log_v2/passive_opponent/2025-12-15.log:59561
167.0,164.8,False,688205.SH,2025-12-15,/mnt/team/research-share/huangchunyang/etfmm_oe/wangcai_log_v2/passive_opponent/2025-12-15.log:59598
29.12,29.05,False,300001.SZ,2025-11-17,/mnt/team/research-share/huangchunyang/etfmm_oe/wangcai_log_v2/passive_own/2025-11-17.log:11
66.72,66.71,False,300776.SZ,2025-11-17,/mnt/team/research-share/huangchunyang/etfmm_oe/wangcai_log_v2/passive_own/2025-11-17.log:58
19.5,19.35,False,300432.SZ,2025-11-17,/mnt/team/research-share/huangchunyang/etfmm_oe/wangcai_log_v2/passive_own/2025-11-17.log:83
44.78,44.6,False,688516.SH,2025-11-17,/mnt/team/research-share/huangchunyang/etfmm_oe/wangcai_log_v2/passive_own/2025-11-17.log:96
12.13,12.1,False,688148.SH,2025-11-17,/mnt/team/research-share/huangchunyang/etfmm_oe/wangcai_log_v2/passive_own/2025-11-17.log:113
8.7,8.6,False,300393.SZ,2025-11-17,/mnt/team/research-share/huangchunyang/etfmm_oe/wangcai_log_v2/passive_own/2025-11-17.log:231
29.12,29.05,False,300001.SZ,2025-11-17,/mnt/team/research-share/huangchunyang/etfmm_oe/wangcai_log_v2/passive_own/2025-11-17.log:248
29.12,29.05,False,300001.SZ,2025-11-17,/mnt/team/research-share/huangchunyang/etfmm_oe/wangcai_log_v2/passive_own/2025-11-17.log:330
66.72,66.71,False,300776.SZ,2025-11-17,/mnt/team/research-share/huangchunyang/etfmm_oe/wangcai_log_v2/passive_own/2025-11-17.log:377
19.5,19.35,False,300432.SZ,2025-11-17,/mnt/team/research-share/huangchunyang/etfmm_oe/wangcai_log_v2/passive_own/2025-11-17.log:402
44.78,44.6,False,688516.SH,2025-11-17,/mnt/team/research-share/huangchunyang/etfmm_oe/wangcai_log_v2/passive_own/2025-11-17.log:415
12.13,12.1,False,688148.SH,2025-11-17,/mnt/team/research-share/huangchunyang/etfmm_oe/wangcai_log_v2/passive_own/2025-11-17.log:432
8.7,8.6,False,300393.SZ,2025-11-17,/mnt/team/research-share/huangchunyang/etfmm_oe/wangcai_log_v2/passive_own/2025-11-17.log:550
58.0,57.95,False,688116.SH,2025-11-17,/mnt/team/research-share/huangchunyang/etfmm_oe/wangcai_log_v2/passive_own/2025-11-17.log:4899
45.7,45.34,False,300827.SZ,2025-11-17,/mnt/team/research-share/huangchunyang/etfmm_oe/wangcai_log_v2/passive_own/2025-11-17.log:4945
27.15,27.23,False,688349.SH,2025-11-17,/mnt/team/research-share/huangchunyang/etfmm_oe/wangcai_log_v2/passive_own/2025-11-17.log:4961
15.72,15.71,False,688560.SH,2025-11-17,/mnt/team/research-share/huangchunyang/etfmm_oe/wangcai_log_v2/passive_own/2025-11-17.log:4978
68.5,68.41,False,688063.SH,2025-11-17,/mnt/team/research-share/huangchunyang/etfmm_oe/wangcai_log_v2/passive_own/2025-11-17.log:4998
67.57,67.45,False,300842.SZ,2025-11-17,/mnt/team/research-share/huangchunyang/etfmm_oe/wangcai_log_v2/passive_own/2025-11-17.log:5016
17.82,17.81,False,688567.SH,2025-11-17,/mnt/team/research-share/huangchunyang/etfmm_oe/wangcai_log_v2/passive_own/2025-11-17.log:5999
183.0,182.54,False,300274.SZ,2025-11-17,/mnt/team/research-share/huangchunyang/etfmm_oe/wangcai_log_v2/passive_own/2025-11-17.log:6072
57.6,57.55,False,688499.SH,2025-11-17,/mnt/team/research-share/huangchunyang/etfmm_oe/wangcai_log_v2/passive_own/2025-11-17.log:6121
27.28,27.3,False,300443.SZ,2025-11-17,/mnt/team/research-share/huangchunyang/etfmm_oe/wangcai_log_v2/passive_own/2025-11-17.log:6135
65.68,65.45,False,688348.SH,2025-11-17,/mnt/team/research-share/huangchunyang/etfmm_oe/wangcai_log_v2/passive_own/2025-11-17.log:6151
139.0,138.0,False,688353.SH,2025-11-17,/mnt/team/research-share/huangchunyang/etfmm_oe/wangcai_log_v2/passive_own/2025-11-17.log:6205
388.38,388.0,False,300750.SZ,2025-11-17,/mnt/team/research-share/huangchunyang/etfmm_oe/wangcai_log_v2/passive_own/2025-11-17.log:6260
47.49,47.52,False,300693.SZ,2025-11-17,/mnt/team/research-share/huangchunyang/etfmm_oe/wangcai_log_v2/passive_own/2025-11-17.log:6277
37.13,37.1,False,688388.SH,2025-11-17,/mnt/team/research-share/huangchunyang/etfmm_oe/wangcai_log_v2/passive_own/2025-11-17.log:6290
32.61,32.8,False,301511.SZ,2025-11-17,/mnt/team/research-share/huangchunyang/etfmm_oe/wangcai_log_v2/passive_own/2025-11-17.log:6371
30.89,30.85,False,688303.SH,2025-11-17,/mnt/team/research-share/huangchunyang/etfmm_oe/wangcai_log_v2/passive_own/2025-11-17.log:6391
202.51,202.0,False,300757.SZ,2025-11-17,/mnt/team/research-share/huangchunyang/etfmm_oe/wangcai_log_v2/passive_own/2025-11-17.log:6488
17.2,17.15,False,300568.SZ,2025-11-17,/mnt/team/research-share/huangchunyang/etfmm_oe/wangcai_log_v2/passive_own/2025-11-17.log:6508
100.94,100.4,False,688275.SH,2025-11-17,/mnt/team/research-share/huangchunyang/etfmm_oe/wangcai_log_v2/passive_own/2025-11-17.log:6538
85.7,85.53,False,300763.SZ,2025-11-17,/mnt/team/research-share/huangchunyang/etfmm_oe/wangcai_log_v2/passive_own/2025-11-17.log:6553
29.39,29.38,False,300457.SZ,2025-11-17,/mnt/team/research-share/huangchunyang/etfmm_oe/wangcai_log_v2/passive_own/2025-11-17.log:6574
57.48,57.4,False,300769.SZ,2025-11-17,/mnt/team/research-share/huangchunyang/etfmm_oe/wangcai_log_v2/passive_own/2025-11-17.log:8055
23.8,23.85,False,688186.SH,2025-11-17,/mnt/team/research-share/huangchunyang/etfmm_oe/wangcai_log_v2/passive_own/2025-11-17.log:8206
114.43,113.0,False,688392.SH,2025-11-17,/mnt/team/research-share/huangchunyang/etfmm_oe/wangcai_log_v2/passive_own/2025-11-17.log:8224
48.69,48.68,False,300850.SZ,2025-11-17,/mnt/team/research-share/huangchunyang/etfmm_oe/wangcai_log_v2/passive_own/2025-11-17.log:8245
17.96,17.93,False,300351.SZ,2025-11-17,/mnt/team/research-share/huangchunyang/etfmm_oe/wangcai_log_v2/passive_own/2025-11-17.log:8283
34.77,34.78,False,300748.SZ,2025-11-17,/mnt/team/research-share/huangchunyang/etfmm_oe/wangcai_log_v2/passive_own/2025-11-17.log:8307
62.59,62.58,False,301325.SZ,2025-11-17,/mnt/team/research-share/huangchunyang/etfmm_oe/wangcai_log_v2/passive_own/2025-11-17.log:8324
26.95,26.8,False,300035.SZ,2025-11-17,/mnt/team/research-share/huangchunyang/etfmm_oe/wangcai_log_v2/passive_own/2025-11-17.log:8368
46.33,46.35,False,688680.SH,2025-11-17,/mnt/team/research-share/huangchunyang/etfmm_oe/wangcai_log_v2/passive_own/2025-11-17.log:8401
30.4,33.0,False,301155.SZ,2025-11-17,/mnt/team/research-share/huangchunyang/etfmm_oe/wangcai_log_v2/passive_own/2025-11-17.log:8785
21.22,21.21,False,300077.SZ,2025-11-17,/mnt/team/research-share/huangchunyang/etfmm_oe/wangcai_log_v2/passive_own/2025-11-17.log:8822
62.1,62.16,False,301327.SZ,2025-11-17,/mnt/team/research-share/huangchunyang/etfmm_oe/wangcai_log_v2/passive_own/2025-11-17.log:8836
16.82,16.76,False,688707.SH,2025-11-17,/mnt/team/research-share/huangchunyang/etfmm_oe/wangcai_log_v2/passive_own/2025-11-17.log:8873
38.76,38.73,False,301266.SZ,2025-11-17,/mnt/team/research-share/huangchunyang/etfmm_oe/wangcai_log_v2/passive_own/2025-11-17.log:8926
62.29,62.3,False,300037.SZ,2025-11-17,/mnt/team/research-share/huangchunyang/etfmm_oe/wangcai_log_v2/passive_own/2025-11-17.log:8950
65.93,65.92,False,300073.SZ,2025-11-17,/mnt/team/research-share/huangchunyang/etfmm_oe/wangcai_log_v2/passive_own/2025-11-17.log:8966
70.0,70.01,False,688717.SH,2025-11-17,/mnt/team/research-share/huangchunyang/etfmm_oe/wangcai_log_v2/passive_own/2025-11-17.log:8981
5.7,5.65,False,300072.SZ,2025-11-17,/mnt/team/research-share/huangchunyang/etfmm_oe/wangcai_log_v2/passive_own/2025-11-17.log:10418
17.67,17.5,False,688660.SH,2025-11-17,/mnt/team/research-share/huangchunyang/etfmm_oe/wangcai_log_v2/passive_own/2025-11-17.log:10486
31.74,31.7,False,688006.SH,2025-11-17,/mnt/team/research-share/huangchunyang/etfmm_oe/wangcai_log_v2/passive_own/2025-11-17.log:10534
15.38,15.37,False,300224.SZ,2025-11-17,/mnt/team/research-share/huangchunyang/etfmm_oe/wangcai_log_v2/passive_own/2025-11-17.log:10552
9.03,9.01,False,688779.SH,2025-11-17,/mnt/team/research-share/huangchunyang/etfmm_oe/wangcai_log_v2/passive_own/2025-11-17.log:10675
16.18,16.1,False,688022.SH,2025-11-17,/mnt/team/research-share/huangchunyang/etfmm_oe/wangcai_log_v2/passive_own/2025-11-17.log:10690
82.72,82.88,False,300014.SZ,2025-11-17,/mnt/team/research-share/huangchunyang/etfmm_oe/wangcai_log_v2/passive_own/2025-11-17.log:10741
0.0,84.26,False,300953.SZ,2025-11-17,/mnt/team/research-share/huangchunyang/etfmm_oe/wangcai_log_v2/passive_own/2025-11-17.log:10770
47.09,47.2,False,600111.SH,2025-11-18,/mnt/team/research-share/huangchunyang/etfmm_oe/wangcai_log_v2/passive_own/2025-11-18.log:23
27.92,27.99,False,688573.SH,2025-11-18,/mnt/team/research-share/huangchunyang/etfmm_oe/wangcai_log_v2/passive_own/2025-11-18.log:1321
105.95,105.84,False,688392.SH,2025-11-18,/mnt/team/research-share/huangchunyang/etfmm_oe/wangcai_log_v2/passive_own/2025-11-18.log:41434
37.08,38.0,False,688005.SH,2025-11-18,/mnt/team/research-share/huangchunyang/etfmm_oe/wangcai_log_v2/passive_own/2025-11-18.log:41893
47.09,47.2,False,600111.SH,2025-11-18,/mnt/team/research-share/huangchunyang/etfmm_oe/wangcai_log_v2/passive_own/2025-11-18.log:43433
27.92,27.99,False,688573.SH,2025-11-18,/mnt/team/research-share/huangchunyang/etfmm_oe/wangcai_log_v2/passive_own/2025-11-18.log:44731
105.95,105.84,False,688392.SH,2025-11-18,/mnt/team/research-share/huangchunyang/etfmm_oe/wangcai_log_v2/passive_own/2025-11-18.log:50115
37.08,38.0,False,688005.SH,2025-11-18,/mnt/team/research-share/huangchunyang/etfmm_oe/wangcai_log_v2/passive_own/2025-11-18.log:50574
21.23,21.25,False,688599.SH,2025-11-18,/mnt/team/research-share/huangchunyang/etfmm_oe/wangcai_log_v2/passive_own/2025-11-18.log:52195
25.88,26.01,False,688518.SH,2025-11-18,/mnt/team/research-share/huangchunyang/etfmm_oe/wangcai_log_v2/passive_own/2025-11-18.log:53773
32.01,32.0,False,688006.SH,2025-11-18,/mnt/team/research-share/huangchunyang/etfmm_oe/wangcai_log_v2/passive_own/2025-11-18.log:53856
101.98,100.76,False,688275.SH,2025-11-18,/mnt/team/research-share/huangchunyang/etfmm_oe/wangcai_log_v2/passive_own/2025-11-18.log:54022
54.2,54.0,False,688559.SH,2025-11-18,/mnt/team/research-share/huangchunyang/etfmm_oe/wangcai_log_v2/passive_own/2025-11-18.log:56090
58.37,58.35,False,688499.SH,2025-11-18,/mnt/team/research-share/huangchunyang/etfmm_oe/wangcai_log_v2/passive_own/2025-11-18.log:56170
16.16,16.1,False,688022.SH,2025-11-18,/mnt/team/research-share/huangchunyang/etfmm_oe/wangcai_log_v2/passive_own/2025-11-18.log:56235
19.39,19.2,False,688472.SH,2025-11-18,/mnt/team/research-share/huangchunyang/etfmm_oe/wangcai_log_v2/passive_own/2025-11-18.log:56509
69.57,69.54,False,688122.SH,2025-11-18,/mnt/team/research-share/huangchunyang/etfmm_oe/wangcai_log_v2/passive_own/2025-11-18.log:59070
33.71,33.36,False,688733.SH,2025-11-18,/mnt/team/research-share/huangchunyang/etfmm_oe/wangcai_log_v2/passive_own/2025-11-18.log:59370
80.74,80.7,False,688778.SH,2025-11-18,/mnt/team/research-share/huangchunyang/etfmm_oe/wangcai_log_v2/passive_own/2025-11-18.log:59635
62.92,62.88,False,688155.SH,2025-11-18,/mnt/team/research-share/huangchunyang/etfmm_oe/wangcai_log_v2/passive_own/2025-11-18.log:59705
35.21,35.18,False,688339.SH,2025-11-18,/mnt/team/research-share/huangchunyang/etfmm_oe/wangcai_log_v2/passive_own/2025-11-18.log:78886
6.38,6.39,False,688223.SH,2025-11-18,/mnt/team/research-share/huangchunyang/etfmm_oe/wangcai_log_v2/passive_own/2025-11-18.log:78927
65.7,65.69,False,688348.SH,2025-11-18,/mnt/team/research-share/huangchunyang/etfmm_oe/wangcai_log_v2/passive_own/2025-11-18.log:79570
45.54,45.9,False,688680.SH,2025-11-18,/mnt/team/research-share/huangchunyang/etfmm_oe/wangcai_log_v2/passive_own/2025-11-18.log:93299
59.48,59.47,False,688147.SH,2025-11-18,/mnt/team/research-share/huangchunyang/etfmm_oe/wangcai_log_v2/passive_own/2025-11-18.log:93383
9.04,9.03,False,688779.SH,2025-11-18,/mnt/team/research-share/huangchunyang/etfmm_oe/wangcai_log_v2/passive_own/2025-11-18.log:93665
18.35,18.18,False,688707.SH,2025-11-18,/mnt/team/research-share/huangchunyang/etfmm_oe/wangcai_log_v2/passive_own/2025-11-18.log:94167
131.5,130.0,False,688353.SH,2025-11-18,/mnt/team/research-share/huangchunyang/etfmm_oe/wangcai_log_v2/passive_own/2025-11-18.log:94637
26.14,26.15,False,688573.SH,2025-11-19,/mnt/team/research-share/huangchunyang/etfmm_oe/wangcai_log_v2/passive_own/2025-11-19.log:17
6.1,6.11,False,688033.SH,2025-11-19,/mnt/team/research-share/huangchunyang/etfmm_oe/wangcai_log_v2/passive_own/2025-11-19.log:46
33.99,33.9,False,688005.SH,2025-11-19,/mnt/team/research-share/huangchunyang/etfmm_oe/wangcai_log_v2/passive_own/2025-11-19.log:581
26.14,26.15,False,688573.SH,2025-11-19,/mnt/team/research-share/huangchunyang/etfmm_oe/wangcai_log_v2/passive_own/2025-11-19.log:3505
6.1,6.11,False,688033.SH,2025-11-19,/mnt/team/research-share/huangchunyang/etfmm_oe/wangcai_log_v2/passive_own/2025-11-19.log:3534
33.99,33.9,False,688005.SH,2025-11-19,/mnt/team/research-share/huangchunyang/etfmm_oe/wangcai_log_v2/passive_own/2025-11-19.log:4069
17.0,16.99,False,688429.SH,2025-11-19,/mnt/team/research-share/huangchunyang/etfmm_oe/wangcai_log_v2/passive_own/2025-11-19.log:7348
18.17,18.11,False,688567.SH,2025-11-19,/mnt/team/research-share/huangchunyang/etfmm_oe/wangcai_log_v2/passive_own/2025-11-19.log:7372
55.06,55.24,False,688503.SH,2025-11-19,/mnt/team/research-share/huangchunyang/etfmm_oe/wangcai_log_v2/passive_own/2025-11-19.log:7555
30.53,30.5,False,688006.SH,2025-11-19,/mnt/team/research-share/huangchunyang/etfmm_oe/wangcai_log_v2/passive_own/2025-11-19.log:7581
90.3,90.98,False,688275.SH,2025-11-19,/mnt/team/research-share/huangchunyang/etfmm_oe/wangcai_log_v2/passive_own/2025-11-19.log:7757
54.39,55.14,False,688559.SH,2025-11-19,/mnt/team/research-share/huangchunyang/etfmm_oe/wangcai_log_v2/passive_own/2025-11-19.log:7873
18.48,18.42,False,688472.SH,2025-11-19,/mnt/team/research-share/huangchunyang/etfmm_oe/wangcai_log_v2/passive_own/2025-11-19.log:8029
33.0,33.11,False,688612.SH,2025-11-19,/mnt/team/research-share/huangchunyang/etfmm_oe/wangcai_log_v2/passive_own/2025-11-19.log:11237
41.58,41.6,False,688516.SH,2025-11-19,/mnt/team/research-share/huangchunyang/etfmm_oe/wangcai_log_v2/passive_own/2025-11-19.log:11260
83.38,83.41,False,688778.SH,2025-11-19,/mnt/team/research-share/huangchunyang/etfmm_oe/wangcai_log_v2/passive_own/2025-11-19.log:11384
63.7,63.1,False,688155.SH,2025-11-19,/mnt/team/research-share/huangchunyang/etfmm_oe/wangcai_log_v2/passive_own/2025-11-19.log:11613
44.81,44.9,False,688726.SH,2025-11-19,/mnt/team/research-share/huangchunyang/etfmm_oe/wangcai_log_v2/passive_own/2025-11-19.log:11658
32.42,32.41,False,688339.SH,2025-11-19,/mnt/team/research-share/huangchunyang/etfmm_oe/wangcai_log_v2/passive_own/2025-11-19.log:11724
63.02,62.05,False,688348.SH,2025-11-19,/mnt/team/research-share/huangchunyang/etfmm_oe/wangcai_log_v2/passive_own/2025-11-19.log:12051
11.45,11.49,False,688148.SH,2025-11-19,/mnt/team/research-share/huangchunyang/etfmm_oe/wangcai_log_v2/passive_own/2025-11-19.log:12213
37.52,37.5,False,688388.SH,2025-11-19,/mnt/team/research-share/huangchunyang/etfmm_oe/wangcai_log_v2/passive_own/2025-11-19.log:12410
8.36,8.38,False,688779.SH,2025-11-19,/mnt/team/research-share/huangchunyang/etfmm_oe/wangcai_log_v2/passive_own/2025-11-19.log:12606
16.89,16.8,False,688707.SH,2025-11-19,/mnt/team/research-share/huangchunyang/etfmm_oe/wangcai_log_v2/passive_own/2025-11-19.log:14595
24.92,25.01,False,688573.SH,2025-11-20,/mnt/team/research-share/huangchunyang/etfmm_oe/wangcai_log_v2/passive_own/2025-11-20.log:88936
102.5,101.99,False,688392.SH,2025-11-20,/mnt/team/research-share/huangchunyang/etfmm_oe/wangcai_log_v2/passive_own/2025-11-20.log:89287
54.43,54.39,False,688116.SH,2025-11-20,/mnt/team/research-share/huangchunyang/etfmm_oe/wangcai_log_v2/passive_own/2025-11-20.log:89310
36.02,35.8,False,688005.SH,2025-11-20,/mnt/team/research-share/huangchunyang/etfmm_oe/wangcai_log_v2/passive_own/2025-11-20.log:89505
59.33,59.2,False,688390.SH,2025-11-20,/mnt/team/research-share/huangchunyang/etfmm_oe/wangcai_log_v2/passive_own/2025-11-20.log:90671
24.92,25.01,False,688573.SH,2025-11-20,/mnt/team/research-share/huangchunyang/etfmm_oe/wangcai_log_v2/passive_own/2025-11-20.log:139443
102.5,101.99,False,688392.SH,2025-11-20,/mnt/team/research-share/huangchunyang/etfmm_oe/wangcai_log_v2/passive_own/2025-11-20.log:140818
54.43,54.39,False,688116.SH,2025-11-20,/mnt/team/research-share/huangchunyang/etfmm_oe/wangcai_log_v2/passive_own/2025-11-20.log:140841
36.02,35.8,False,688005.SH,2025-11-20,/mnt/team/research-share/huangchunyang/etfmm_oe/wangcai_log_v2/passive_own/2025-11-20.log:141036
59.33,59.2,False,688390.SH,2025-11-20,/mnt/team/research-share/huangchunyang/etfmm_oe/wangcai_log_v2/passive_own/2025-11-20.log:141347
17.55,17.52,False,688567.SH,2025-11-20,/mnt/team/research-share/huangchunyang/etfmm_oe/wangcai_log_v2/passive_own/2025-11-20.log:141701
54.84,54.5,False,688503.SH,2025-11-20,/mnt/team/research-share/huangchunyang/etfmm_oe/wangcai_log_v2/passive_own/2025-11-20.log:141890
55.99,55.87,False,688499.SH,2025-11-20,/mnt/team/research-share/huangchunyang/etfmm_oe/wangcai_log_v2/passive_own/2025-11-20.log:159229
15.42,15.41,False,688560.SH,2025-11-20,/mnt/team/research-share/huangchunyang/etfmm_oe/wangcai_log_v2/passive_own/2025-11-20.log:159297
16.01,16.0,False,688660.SH,2025-11-20,/mnt/team/research-share/huangchunyang/etfmm_oe/wangcai_log_v2/passive_own/2025-11-20.log:161155
68.8,68.9,False,688122.SH,2025-11-20,/mnt/team/research-share/huangchunyang/etfmm_oe/wangcai_log_v2/passive_own/2025-11-20.log:161248
41.2,41.13,False,688516.SH,2025-11-20,/mnt/team/research-share/huangchunyang/etfmm_oe/wangcai_log_v2/passive_own/2025-11-20.log:161383
29.52,29.5,False,688733.SH,2025-11-20,/mnt/team/research-share/huangchunyang/etfmm_oe/wangcai_log_v2/passive_own/2025-11-20.log:161418
79.65,78.98,False,688778.SH,2025-11-20,/mnt/team/research-share/huangchunyang/etfmm_oe/wangcai_log_v2/passive_own/2025-11-20.log:161488
62.46,62.1,False,688155.SH,2025-11-20,/mnt/team/research-share/huangchunyang/etfmm_oe/wangcai_log_v2/passive_own/2025-11-20.log:161689
11.11,11.09,False,688148.SH,2025-11-20,/mnt/team/research-share/huangchunyang/etfmm_oe/wangcai_log_v2/passive_own/2025-11-20.log:163482
37.22,37.5,False,688388.SH,2025-11-20,/mnt/team/research-share/huangchunyang/etfmm_oe/wangcai_log_v2/passive_own/2025-11-20.log:163683
61.27,61.3,False,688147.SH,2025-11-20,/mnt/team/research-share/huangchunyang/etfmm_oe/wangcai_log_v2/passive_own/2025-11-20.log:163734
29.91,29.87,False,688303.SH,2025-11-20,/mnt/team/research-share/huangchunyang/etfmm_oe/wangcai_log_v2/passive_own/2025-11-20.log:164003
22.59,22.5,False,688186.SH,2025-11-20,/mnt/team/research-share/huangchunyang/etfmm_oe/wangcai_log_v2/passive_own/2025-11-20.log:164169
115.0,114.77,False,688353.SH,2025-11-20,/mnt/team/research-share/huangchunyang/etfmm_oe/wangcai_log_v2/passive_own/2025-11-20.log:164277
15.27,15.28,False,601155.SH,2025-11-24,/mnt/team/research-share/huangchunyang/etfmm_oe/wangcai_log_v2/passive_own/2025-11-24.log:189164
0.0,113.24,False,300339.SZ,2025-11-25,/mnt/team/research-share/huangchunyang/etfmm_oe/wangcai_log_v2/passive_own/2025-11-25.log:111
476.0,477.01,False,300308.SZ,2025-11-25,/mnt/team/research-share/huangchunyang/etfmm_oe/wangcai_log_v2/passive_own/2025-11-25.log:45279
0.0,113.24,False,300339.SZ,2025-11-25,/mnt/team/research-share/huangchunyang/etfmm_oe/wangcai_log_v2/passive_own/2025-11-25.log:45396
476.0,477.01,False,300308.SZ,2025-11-25,/mnt/team/research-share/huangchunyang/etfmm_oe/wangcai_log_v2/passive_own/2025-11-25.log:49524
51.2,51.01,False,300598.SZ,2025-11-25,/mnt/team/research-share/huangchunyang/etfmm_oe/wangcai_log_v2/passive_own/2025-11-25.log:49656
10.99,10.95,False,300231.SZ,2025-11-25,/mnt/team/research-share/huangchunyang/etfmm_oe/wangcai_log_v2/passive_own/2025-11-25.log:49744
0.0,115.96,False,600487.SH,2025-11-25,/mnt/team/research-share/huangchunyang/etfmm_oe/wangcai_log_v2/passive_own/2025-11-25.log:49772
125.44,125.11,False,300620.SZ,2025-11-25,/mnt/team/research-share/huangchunyang/etfmm_oe/wangcai_log_v2/passive_own/2025-11-25.log:55184
0.0,13.94,False,600640.SH,2025-11-25,/mnt/team/research-share/huangchunyang/etfmm_oe/wangcai_log_v2/passive_own/2025-11-25.log:55265
0.0,47.61,False,600996.SH,2025-11-25,/mnt/team/research-share/huangchunyang/etfmm_oe/wangcai_log_v2/passive_own/2025-11-25.log:59430
41.35,41.3,False,300458.SZ,2025-11-25,/mnt/team/research-share/huangchunyang/etfmm_oe/wangcai_log_v2/passive_own/2025-11-25.log:64393
43.55,43.5,False,300418.SZ,2025-11-25,/mnt/team/research-share/huangchunyang/etfmm_oe/wangcai_log_v2/passive_own/2025-11-25.log:64450
11.59,11.58,False,601098.SH,2025-11-25,/mnt/team/research-share/huangchunyang/etfmm_oe/wangcai_log_v2/passive_own/2025-11-25.log:64507
43.0,42.14,False,301171.SZ,2025-11-25,/mnt/team/research-share/huangchunyang/etfmm_oe/wangcai_log_v2/passive_own/2025-11-25.log:64644
0.0,71.51,False,300394.SZ,2025-11-25,/mnt/team/research-share/huangchunyang/etfmm_oe/wangcai_log_v2/passive_own/2025-11-25.log:64667
146.8,146.66,False,300394.SZ,2025-11-25,/mnt/team/research-share/huangchunyang/etfmm_oe/wangcai_log_v2/passive_own/2025-11-25.log:69450
28.46,28.4,False,300364.SZ,2025-11-25,/mnt/team/research-share/huangchunyang/etfmm_oe/wangcai_log_v2/passive_own/2025-11-25.log:69594
302.0,303.0,False,300502.SZ,2025-11-25,/mnt/team/research-share/huangchunyang/etfmm_oe/wangcai_log_v2/passive_own/2025-11-25.log:70681
321.02,321.0,False,300033.SZ,2025-11-25,/mnt/team/research-share/huangchunyang/etfmm_oe/wangcai_log_v2/passive_own/2025-11-25.log:70920
48.0,47.95,False,300913.SZ,2025-11-25,/mnt/team/research-share/huangchunyang/etfmm_oe/wangcai_log_v2/passive_own/2025-11-25.log:70975
75.74,75.73,False,301486.SZ,2025-11-25,/mnt/team/research-share/huangchunyang/etfmm_oe/wangcai_log_v2/passive_own/2025-11-25.log:70988
45.68,45.35,False,300895.SZ,2025-11-25,/mnt/team/research-share/huangchunyang/etfmm_oe/wangcai_log_v2/passive_own/2025-11-25.log:71006
79.99,79.9,False,300624.SZ,2025-11-25,/mnt/team/research-share/huangchunyang/etfmm_oe/wangcai_log_v2/passive_own/2025-11-25.log:71055
6.11,6.1,False,300081.SZ,2025-11-25,/mnt/team/research-share/huangchunyang/etfmm_oe/wangcai_log_v2/passive_own/2025-11-25.log:71181
54.68,55.2,False,301536.SZ,2025-11-25,/mnt/team/research-share/huangchunyang/etfmm_oe/wangcai_log_v2/passive_own/2025-11-25.log:71243
10.86,10.82,False,300058.SZ,2025-11-25,/mnt/team/research-share/huangchunyang/etfmm_oe/wangcai_log_v2/passive_own/2025-11-25.log:71589
64.45,64.46,False,688036.SH,2025-11-25,/mnt/team/research-share/huangchunyang/etfmm_oe/wangcai_log_v2/passive_own/2025-11-25.log:71607
137.0,137.88,False,300857.SZ,2025-11-25,/mnt/team/research-share/huangchunyang/etfmm_oe/wangcai_log_v2/passive_own/2025-11-25.log:71628
23.5,23.56,False,688182.SH,2025-11-25,/mnt/team/research-share/huangchunyang/etfmm_oe/wangcai_log_v2/passive_own/2025-11-25.log:71645
11.27,11.22,False,300166.SZ,2025-11-25,/mnt/team/research-share/huangchunyang/etfmm_oe/wangcai_log_v2/passive_own/2025-11-25.log:71663
6.74,6.73,False,688387.SH,2025-11-25,/mnt/team/research-share/huangchunyang/etfmm_oe/wangcai_log_v2/passive_own/2025-11-25.log:73175
69.99,69.96,False,301165.SZ,2025-11-25,/mnt/team/research-share/huangchunyang/etfmm_oe/wangcai_log_v2/passive_own/2025-11-25.log:73209
34.0,33.99,False,300628.SZ,2025-11-25,/mnt/team/research-share/huangchunyang/etfmm_oe/wangcai_log_v2/passive_own/2025-11-25.log:73227
0.0,18.04,False,603444.SH,2025-11-25,/mnt/team/research-share/huangchunyang/etfmm_oe/wangcai_log_v2/passive_own/2025-11-25.log:73385
19.85,19.7,False,300738.SZ,2025-11-25,/mnt/team/research-share/huangchunyang/etfmm_oe/wangcai_log_v2/passive_own/2025-11-25.log:77667
115.0,115.2,False,301205.SZ,2025-11-25,/mnt/team/research-share/huangchunyang/etfmm_oe/wangcai_log_v2/passive_own/2025-11-25.log:77707
14.82,14.81,False,300541.SZ,2025-11-26,/mnt/team/research-share/huangchunyang/etfmm_oe/wangcai_log_v2/passive_own/2025-11-26.log:23
12.74,12.73,False,300252.SZ,2025-11-26,/mnt/team/research-share/huangchunyang/etfmm_oe/wangcai_log_v2/passive_own/2025-11-26.log:38
48.8,48.86,False,301236.SZ,2025-11-26,/mnt/team/research-share/huangchunyang/etfmm_oe/wangcai_log_v2/passive_own/2025-11-26.log:79
119.0,118.26,False,300548.SZ,2025-11-26,/mnt/team/research-share/huangchunyang/etfmm_oe/wangcai_log_v2/passive_own/2025-11-26.log:128
21.0,20.98,False,300229.SZ,2025-11-26,/mnt/team/research-share/huangchunyang/etfmm_oe/wangcai_log_v2/passive_own/2025-11-26.log:148
5.53,5.54,False,300287.SZ,2025-11-26,/mnt/team/research-share/huangchunyang/etfmm_oe/wangcai_log_v2/passive_own/2025-11-26.log:457
14.82,14.81,False,300541.SZ,2025-11-26,/mnt/team/research-share/huangchunyang/etfmm_oe/wangcai_log_v2/passive_own/2025-11-26.log:490
12.74,12.73,False,300252.SZ,2025-11-26,/mnt/team/research-share/huangchunyang/etfmm_oe/wangcai_log_v2/passive_own/2025-11-26.log:505
48.8,48.86,False,301236.SZ,2025-11-26,/mnt/team/research-share/huangchunyang/etfmm_oe/wangcai_log_v2/passive_own/2025-11-26.log:546
119.0,118.26,False,300548.SZ,2025-11-26,/mnt/team/research-share/huangchunyang/etfmm_oe/wangcai_log_v2/passive_own/2025-11-26.log:595
21.0,20.98,False,300229.SZ,2025-11-26,/mnt/team/research-share/huangchunyang/etfmm_oe/wangcai_log_v2/passive_own/2025-11-26.log:615
5.53,5.54,False,300287.SZ,2025-11-26,/mnt/team/research-share/huangchunyang/etfmm_oe/wangcai_log_v2/passive_own/2025-11-26.log:924
19.73,19.75,False,300212.SZ,2025-11-26,/mnt/team/research-share/huangchunyang/etfmm_oe/wangcai_log_v2/passive_own/2025-11-26.log:962
50.8,50.78,False,300598.SZ,2025-11-26,/mnt/team/research-share/huangchunyang/etfmm_oe/wangcai_log_v2/passive_own/2025-11-26.log:1008
15.01,15.0,False,300188.SZ,2025-11-26,/mnt/team/research-share/huangchunyang/etfmm_oe/wangcai_log_v2/passive_own/2025-11-26.log:1030
18.45,18.37,False,300170.SZ,2025-11-26,/mnt/team/research-share/huangchunyang/etfmm_oe/wangcai_log_v2/passive_own/2025-11-26.log:1072
76.91,76.94,False,301486.SZ,2025-11-26,/mnt/team/research-share/huangchunyang/etfmm_oe/wangcai_log_v2/passive_own/2025-11-26.log:1106
63.7,63.68,False,300496.SZ,2025-11-26,/mnt/team/research-share/huangchunyang/etfmm_oe/wangcai_log_v2/passive_own/2025-11-26.log:1162
45.0,44.68,False,301171.SZ,2025-11-26,/mnt/team/research-share/huangchunyang/etfmm_oe/wangcai_log_v2/passive_own/2025-11-26.log:1279
0.0,47.48,False,300394.SZ,2025-11-26,/mnt/team/research-share/huangchunyang/etfmm_oe/wangcai_log_v2/passive_own/2025-11-26.log:1298
145.0,144.87,False,300394.SZ,2025-11-26,/mnt/team/research-share/huangchunyang/etfmm_oe/wangcai_log_v2/passive_own/2025-11-26.log:6729
475.23,475.2,False,300308.SZ,2025-11-26,/mnt/team/research-share/huangchunyang/etfmm_oe/wangcai_log_v2/passive_own/2025-11-26.log:6801
28.7,28.5,False,300364.SZ,2025-11-26,/mnt/team/research-share/huangchunyang/etfmm_oe/wangcai_log_v2/passive_own/2025-11-26.log:6831
72.9,72.88,False,300474.SZ,2025-11-26,/mnt/team/research-share/huangchunyang/etfmm_oe/wangcai_log_v2/passive_own/2025-11-26.log:6879
117.3,116.61,False,301205.SZ,2025-11-26,/mnt/team/research-share/huangchunyang/etfmm_oe/wangcai_log_v2/passive_own/2025-11-26.log:6917
143.51,141.18,False,300620.SZ,2025-11-26,/mnt/team/research-share/huangchunyang/etfmm_oe/wangcai_log_v2/passive_own/2025-11-26.log:7091
45.53,45.52,False,300418.SZ,2025-11-26,/mnt/team/research-share/huangchunyang/etfmm_oe/wangcai_log_v2/passive_own/2025-11-26.log:7143
0.0,46.15,False,300058.SZ,2025-11-26,/mnt/team/research-share/huangchunyang/etfmm_oe/wangcai_log_v2/passive_own/2025-11-26.log:7161
14.71,14.72,False,300053.SZ,2025-11-26,/mnt/team/research-share/huangchunyang/etfmm_oe/wangcai_log_v2/passive_own/2025-11-26.log:11641
55.05,55.17,False,301536.SZ,2025-11-26,/mnt/team/research-share/huangchunyang/etfmm_oe/wangcai_log_v2/passive_own/2025-11-26.log:11663
33.83,33.88,False,300628.SZ,2025-11-26,/mnt/team/research-share/huangchunyang/etfmm_oe/wangcai_log_v2/passive_own/2025-11-26.log:11699
21.25,21.24,False,300846.SZ,2025-11-26,/mnt/team/research-share/huangchunyang/etfmm_oe/wangcai_log_v2/passive_own/2025-11-26.log:11751
79.94,78.5,False,300624.SZ,2025-11-26,/mnt/team/research-share/huangchunyang/etfmm_oe/wangcai_log_v2/passive_own/2025-11-26.log:11780
6.02,5.98,False,300081.SZ,2025-11-26,/mnt/team/research-share/huangchunyang/etfmm_oe/wangcai_log_v2/passive_own/2025-11-26.log:11799
41.69,41.66,False,300458.SZ,2025-11-27,/mnt/team/research-share/huangchunyang/etfmm_oe/wangcai_log_v2/passive_own/2025-11-27.log:33
73.49,73.31,False,300474.SZ,2025-11-27,/mnt/team/research-share/huangchunyang/etfmm_oe/wangcai_log_v2/passive_own/2025-11-27.log:47
21.57,21.56,False,300045.SZ,2025-11-27,/mnt/team/research-share/huangchunyang/etfmm_oe/wangcai_log_v2/passive_own/2025-11-27.log:72
63.92,63.9,False,300496.SZ,2025-11-27,/mnt/team/research-share/huangchunyang/etfmm_oe/wangcai_log_v2/passive_own/2025-11-27.log:86
320.29,320.34,False,300033.SZ,2025-11-27,/mnt/team/research-share/huangchunyang/etfmm_oe/wangcai_log_v2/passive_own/2025-11-27.log:102
64.74,64.7,False,688036.SH,2025-11-27,/mnt/team/research-share/huangchunyang/etfmm_oe/wangcai_log_v2/passive_own/2025-11-27.log:124
120.55,120.0,False,300548.SZ,2025-11-27,/mnt/team/research-share/huangchunyang/etfmm_oe/wangcai_log_v2/passive_own/2025-11-27.log:36943
14.4,14.38,False,300053.SZ,2025-11-27,/mnt/team/research-share/huangchunyang/etfmm_oe/wangcai_log_v2/passive_own/2025-11-27.log:36958
11.63,11.62,False,300002.SZ,2025-11-27,/mnt/team/research-share/huangchunyang/etfmm_oe/wangcai_log_v2/passive_own/2025-11-27.log:36975
20.76,20.75,False,300229.SZ,2025-11-27,/mnt/team/research-share/huangchunyang/etfmm_oe/wangcai_log_v2/passive_own/2025-11-27.log:37034
148.6,147.16,False,300620.SZ,2025-11-27,/mnt/team/research-share/huangchunyang/etfmm_oe/wangcai_log_v2/passive_own/2025-11-27.log:37415
35.01,35.0,False,688100.SH,2025-11-27,/mnt/team/research-share/huangchunyang/etfmm_oe/wangcai_log_v2/passive_own/2025-11-27.log:37441
78.51,78.24,False,300624.SZ,2025-11-27,/mnt/team/research-share/huangchunyang/etfmm_oe/wangcai_log_v2/passive_own/2025-11-27.log:38542
0.0,35.64,False,603083.SH,2025-11-27,/mnt/team/research-share/huangchunyang/etfmm_oe/wangcai_log_v2/passive_own/2025-11-27.log:38574
0.0,11.85,False,603083.SH,2025-11-27,/mnt/team/research-share/huangchunyang/etfmm_oe/wangcai_log_v2/passive_own/2025-11-27.log:41708
0.0,23.48,False,603083.SH,2025-11-27,/mnt/team/research-share/huangchunyang/etfmm_oe/wangcai_log_v2/passive_own/2025-11-27.log:46679
12.47,12.49,False,300252.SZ,2025-11-27,/mnt/team/research-share/huangchunyang/etfmm_oe/wangcai_log_v2/passive_own/2025-11-27.log:50709
5.37,5.34,False,300287.SZ,2025-11-27,/mnt/team/research-share/huangchunyang/etfmm_oe/wangcai_log_v2/passive_own/2025-11-27.log:50761
19.36,19.28,False,300212.SZ,2025-11-27,/mnt/team/research-share/huangchunyang/etfmm_oe/wangcai_log_v2/passive_own/2025-11-27.log:51744
537.04,537.0,False,300308.SZ,2025-11-27,/mnt/team/research-share/huangchunyang/etfmm_oe/wangcai_log_v2/passive_own/2025-11-27.log:51811
13.76,13.78,False,300348.SZ,2025-11-27,/mnt/team/research-share/huangchunyang/etfmm_oe/wangcai_log_v2/passive_own/2025-11-27.log:51865
20.32,20.31,False,300353.SZ,2025-11-27,/mnt/team/research-share/huangchunyang/etfmm_oe/wangcai_log_v2/passive_own/2025-11-27.log:51882
0.0,18.35,False,603236.SH,2025-11-27,/mnt/team/research-share/huangchunyang/etfmm_oe/wangcai_log_v2/passive_own/2025-11-27.log:51971
12.96,12.97,False,300383.SZ,2025-11-27,/mnt/team/research-share/huangchunyang/etfmm_oe/wangcai_log_v2/passive_own/2025-11-27.log:56202
155.03,155.02,False,300394.SZ,2025-11-27,/mnt/team/research-share/huangchunyang/etfmm_oe/wangcai_log_v2/passive_own/2025-11-27.log:56228
7.8,7.78,False,300133.SZ,2025-11-27,/mnt/team/research-share/huangchunyang/etfmm_oe/wangcai_log_v2/passive_own/2025-11-27.log:56246
25.98,25.9,False,300413.SZ,2025-11-27,/mnt/team/research-share/huangchunyang/etfmm_oe/wangcai_log_v2/passive_own/2025-11-27.log:56278
44.78,44.6,False,300418.SZ,2025-11-27,/mnt/team/research-share/huangchunyang/etfmm_oe/wangcai_log_v2/passive_own/2025-11-27.log:56316
5.91,5.9,False,300081.SZ,2025-11-27,/mnt/team/research-share/huangchunyang/etfmm_oe/wangcai_log_v2/passive_own/2025-11-27.log:56331
0.0,48.34,False,300058.SZ,2025-11-27,/mnt/team/research-share/huangchunyang/etfmm_oe/wangcai_log_v2/passive_own/2025-11-27.log:56356
10.92,10.79,False,300058.SZ,2025-11-27,/mnt/team/research-share/huangchunyang/etfmm_oe/wangcai_log_v2/passive_own/2025-11-27.log:61590
28.5,28.12,False,300364.SZ,2025-11-27,/mnt/team/research-share/huangchunyang/etfmm_oe/wangcai_log_v2/passive_own/2025-11-27.log:61609
33.7,33.65,False,300628.SZ,2025-11-27,/mnt/team/research-share/huangchunyang/etfmm_oe/wangcai_log_v2/passive_own/2025-11-27.log:61629
50.78,50.8,False,300598.SZ,2025-11-27,/mnt/team/research-share/huangchunyang/etfmm_oe/wangcai_log_v2/passive_own/2025-11-27.log:61643
48.09,48.04,False,301236.SZ,2025-11-27,/mnt/team/research-share/huangchunyang/etfmm_oe/wangcai_log_v2/passive_own/2025-11-27.log:61795
48.68,48.65,False,300913.SZ,2025-11-27,/mnt/team/research-share/huangchunyang/etfmm_oe/wangcai_log_v2/passive_own/2025-11-27.log:61859
44.03,43.99,False,301171.SZ,2025-11-27,/mnt/team/research-share/huangchunyang/etfmm_oe/wangcai_log_v2/passive_own/2025-11-27.log:61918
73.27,73.26,False,301165.SZ,2025-11-27,/mnt/team/research-share/huangchunyang/etfmm_oe/wangcai_log_v2/passive_own/2025-11-27.log:63096
79.72,78.82,False,301486.SZ,2025-11-27,/mnt/team/research-share/huangchunyang/etfmm_oe/wangcai_log_v2/passive_own/2025-11-27.log:63115
121.47,120.14,False,301205.SZ,2025-11-27,/mnt/team/research-share/huangchunyang/etfmm_oe/wangcai_log_v2/passive_own/2025-11-27.log:63149
0.0,24.58,False,301339.SZ,2025-11-27,/mnt/team/research-share/huangchunyang/etfmm_oe/wangcai_log_v2/passive_own/2025-11-27.log:76657
19.62,19.6,False,300738.SZ,2025-11-27,/mnt/team/research-share/huangchunyang/etfmm_oe/wangcai_log_v2/passive_own/2025-11-27.log:80806
43.99,43.98,False,300458.SZ,2025-12-02,/mnt/team/research-share/huangchunyang/etfmm_oe/wangcai_log_v2/passive_own/2025-12-02.log:20
73.65,73.66,False,300474.SZ,2025-12-02,/mnt/team/research-share/huangchunyang/etfmm_oe/wangcai_log_v2/passive_own/2025-12-02.log:38
43.99,43.98,False,300458.SZ,2025-12-02,/mnt/team/research-share/huangchunyang/etfmm_oe/wangcai_log_v2/passive_own/2025-12-02.log:66
73.65,73.66,False,300474.SZ,2025-12-02,/mnt/team/research-share/huangchunyang/etfmm_oe/wangcai_log_v2/passive_own/2025-12-02.log:84
0.0,23.1,False,300496.SZ,2025-12-02,/mnt/team/research-share/huangchunyang/etfmm_oe/wangcai_log_v2/passive_own/2025-12-02.log:115
69.0,68.92,False,300496.SZ,2025-12-02,/mnt/team/research-share/huangchunyang/etfmm_oe/wangcai_log_v2/passive_own/2025-12-02.log:4197
324.26,323.01,False,300033.SZ,2025-12-02,/mnt/team/research-share/huangchunyang/etfmm_oe/wangcai_log_v2/passive_own/2025-12-02.log:4212
72.08,72.03,False,688036.SH,2025-12-02,/mnt/team/research-share/huangchunyang/etfmm_oe/wangcai_log_v2/passive_own/2025-12-02.log:4239
10.45,10.46,False,300017.SZ,2025-12-02,/mnt/team/research-share/huangchunyang/etfmm_oe/wangcai_log_v2/passive_own/2025-12-02.log:4313
14.89,14.88,False,300541.SZ,2025-12-02,/mnt/team/research-share/huangchunyang/etfmm_oe/wangcai_log_v2/passive_own/2025-12-02.log:4333
117.9,117.5,False,300548.SZ,2025-12-02,/mnt/team/research-share/huangchunyang/etfmm_oe/wangcai_log_v2/passive_own/2025-12-02.log:4375
17.06,16.83,False,300053.SZ,2025-12-02,/mnt/team/research-share/huangchunyang/etfmm_oe/wangcai_log_v2/passive_own/2025-12-02.log:4450
21.14,21.16,False,300229.SZ,2025-12-02,/mnt/team/research-share/huangchunyang/etfmm_oe/wangcai_log_v2/passive_own/2025-12-02.log:4538
147.43,143.06,False,300620.SZ,2025-12-02,/mnt/team/research-share/huangchunyang/etfmm_oe/wangcai_log_v2/passive_own/2025-12-02.log:5897
25.45,25.4,False,300455.SZ,2025-12-02,/mnt/team/research-share/huangchunyang/etfmm_oe/wangcai_log_v2/passive_own/2025-12-02.log:6024
13.28,13.26,False,300252.SZ,2025-12-02,/mnt/team/research-share/huangchunyang/etfmm_oe/wangcai_log_v2/passive_own/2025-12-02.log:6059
96.63,96.14,False,300223.SZ,2025-12-02,/mnt/team/research-share/huangchunyang/etfmm_oe/wangcai_log_v2/passive_own/2025-12-02.log:6128
15.46,15.41,False,300188.SZ,2025-12-02,/mnt/team/research-share/huangchunyang/etfmm_oe/wangcai_log_v2/passive_own/2025-12-02.log:6272
117.02,117.5,False,300454.SZ,2025-12-02,/mnt/team/research-share/huangchunyang/etfmm_oe/wangcai_log_v2/passive_own/2025-12-02.log:6361
19.85,19.71,False,300170.SZ,2025-12-02,/mnt/team/research-share/huangchunyang/etfmm_oe/wangcai_log_v2/passive_own/2025-12-02.log:6406
160.0,158.5,False,300394.SZ,2025-12-02,/mnt/team/research-share/huangchunyang/etfmm_oe/wangcai_log_v2/passive_own/2025-12-02.log:22748
21.16,21.21,False,603712.SH,2025-12-02,/mnt/team/research-share/huangchunyang/etfmm_oe/wangcai_log_v2/passive_own/2025-12-02.log:22789
0.0,43.31,False,300081.SZ,2025-12-02,/mnt/team/research-share/huangchunyang/etfmm_oe/wangcai_log_v2/passive_own/2025-12-02.log:22855
5.85,5.84,False,300081.SZ,2025-12-02,/mnt/team/research-share/huangchunyang/etfmm_oe/wangcai_log_v2/passive_own/2025-12-02.log:27999
51.11,51.03,False,300442.SZ,2025-12-02,/mnt/team/research-share/huangchunyang/etfmm_oe/wangcai_log_v2/passive_own/2025-12-02.log:28024
10.41,10.4,False,300058.SZ,2025-12-02,/mnt/team/research-share/huangchunyang/etfmm_oe/wangcai_log_v2/passive_own/2025-12-02.log:28167
34.39,34.4,False,300628.SZ,2025-12-02,/mnt/team/research-share/huangchunyang/etfmm_oe/wangcai_log_v2/passive_own/2025-12-02.log:28202
10.94,10.91,False,300231.SZ,2025-12-02,/mnt/team/research-share/huangchunyang/etfmm_oe/wangcai_log_v2/passive_own/2025-12-02.log:28234
28.67,28.71,False,002544.SZ,2025-12-02,/mnt/team/research-share/huangchunyang/etfmm_oe/wangcai_log_v2/passive_own/2025-12-02.log:28279
48.36,48.43,False,301236.SZ,2025-12-02,/mnt/team/research-share/huangchunyang/etfmm_oe/wangcai_log_v2/passive_own/2025-12-02.log:28364
51.9,52.0,False,300913.SZ,2025-12-02,/mnt/team/research-share/huangchunyang/etfmm_oe/wangcai_log_v2/passive_own/2025-12-02.log:28422
40.34,40.27,False,301171.SZ,2025-12-02,/mnt/team/research-share/huangchunyang/etfmm_oe/wangcai_log_v2/passive_own/2025-12-02.log:28449
59.35,58.93,False,301536.SZ,2025-12-02,/mnt/team/research-share/huangchunyang/etfmm_oe/wangcai_log_v2/passive_own/2025-12-02.log:28483
74.83,74.82,False,301165.SZ,2025-12-02,/mnt/team/research-share/huangchunyang/etfmm_oe/wangcai_log_v2/passive_own/2025-12-02.log:28506
78.58,78.72,False,301486.SZ,2025-12-02,/mnt/team/research-share/huangchunyang/etfmm_oe/wangcai_log_v2/passive_own/2025-12-02.log:28519
123.0,122.23,False,301205.SZ,2025-12-02,/mnt/team/research-share/huangchunyang/etfmm_oe/wangcai_log_v2/passive_own/2025-12-02.log:28550
19.99,20.0,False,600487.SH,2025-12-02,/mnt/team/research-share/huangchunyang/etfmm_oe/wangcai_log_v2/passive_own/2025-12-02.log:29909
33.33,33.0,False,300638.SZ,2025-12-02,/mnt/team/research-share/huangchunyang/etfmm_oe/wangcai_log_v2/passive_own/2025-12-02.log:30698
14.9,14.83,False,301339.SZ,2025-12-02,/mnt/team/research-share/huangchunyang/etfmm_oe/wangcai_log_v2/passive_own/2025-12-02.log:30711
21.05,21.07,False,300846.SZ,2025-12-02,/mnt/team/research-share/huangchunyang/etfmm_oe/wangcai_log_v2/passive_own/2025-12-02.log:43401
0.0,43.45,False,300474.SZ,2025-12-03,/mnt/team/research-share/huangchunyang/etfmm_oe/wangcai_log_v2/passive_own/2025-12-03.log:34
67.5,67.88,False,300496.SZ,2025-12-03,/mnt/team/research-share/huangchunyang/etfmm_oe/wangcai_log_v2/passive_own/2025-12-03.log:48831
0.0,43.45,False,300474.SZ,2025-12-03,/mnt/team/research-share/huangchunyang/etfmm_oe/wangcai_log_v2/passive_own/2025-12-03.log:48871
67.5,67.88,False,300496.SZ,2025-12-03,/mnt/team/research-share/huangchunyang/etfmm_oe/wangcai_log_v2/passive_own/2025-12-03.log:52942
73.68,73.5,False,688036.SH,2025-12-03,/mnt/team/research-share/huangchunyang/etfmm_oe/wangcai_log_v2/passive_own/2025-12-03.log:52995
372.0,371.8,False,300502.SZ,2025-12-03,/mnt/team/research-share/huangchunyang/etfmm_oe/wangcai_log_v2/passive_own/2025-12-03.log:53037
14.75,14.77,False,300541.SZ,2025-12-03,/mnt/team/research-share/huangchunyang/etfmm_oe/wangcai_log_v2/passive_own/2025-12-03.log:53083
117.5,117.42,False,300548.SZ,2025-12-03,/mnt/team/research-share/huangchunyang/etfmm_oe/wangcai_log_v2/passive_own/2025-12-03.log:53105
16.89,16.7,False,300053.SZ,2025-12-03,/mnt/team/research-share/huangchunyang/etfmm_oe/wangcai_log_v2/passive_own/2025-12-03.log:53136
20.6,20.57,False,300229.SZ,2025-12-03,/mnt/team/research-share/huangchunyang/etfmm_oe/wangcai_log_v2/passive_own/2025-12-03.log:54292
37.8,37.78,False,300563.SZ,2025-12-03,/mnt/team/research-share/huangchunyang/etfmm_oe/wangcai_log_v2/passive_own/2025-12-03.log:54468
25.73,25.5,False,300455.SZ,2025-12-03,/mnt/team/research-share/huangchunyang/etfmm_oe/wangcai_log_v2/passive_own/2025-12-03.log:54511
13.36,13.33,False,300252.SZ,2025-12-03,/mnt/team/research-share/huangchunyang/etfmm_oe/wangcai_log_v2/passive_own/2025-12-03.log:54574
0.0,94.3,False,603496.SH,2025-12-03,/mnt/team/research-share/huangchunyang/etfmm_oe/wangcai_log_v2/passive_own/2025-12-03.log:54610
540.87,540.54,False,300308.SZ,2025-12-03,/mnt/team/research-share/huangchunyang/etfmm_oe/wangcai_log_v2/passive_own/2025-12-03.log:59926
50.25,50.24,False,300339.SZ,2025-12-03,/mnt/team/research-share/huangchunyang/etfmm_oe/wangcai_log_v2/passive_own/2025-12-03.log:59949
15.35,15.34,False,300188.SZ,2025-12-03,/mnt/team/research-share/huangchunyang/etfmm_oe/wangcai_log_v2/passive_own/2025-12-03.log:59966
13.63,13.56,False,300348.SZ,2025-12-03,/mnt/team/research-share/huangchunyang/etfmm_oe/wangcai_log_v2/passive_own/2025-12-03.log:59981
0.0,20.3,False,300454.SZ,2025-12-03,/mnt/team/research-share/huangchunyang/etfmm_oe/wangcai_log_v2/passive_own/2025-12-03.log:60005
115.0,114.41,False,300454.SZ,2025-12-03,/mnt/team/research-share/huangchunyang/etfmm_oe/wangcai_log_v2/passive_own/2025-12-03.log:64153
18.96,18.8,False,300170.SZ,2025-12-03,/mnt/team/research-share/huangchunyang/etfmm_oe/wangcai_log_v2/passive_own/2025-12-03.log:64174
163.96,164.0,False,300394.SZ,2025-12-03,/mnt/team/research-share/huangchunyang/etfmm_oe/wangcai_log_v2/passive_own/2025-12-03.log:64278
24.79,24.78,False,300413.SZ,2025-12-03,/mnt/team/research-share/huangchunyang/etfmm_oe/wangcai_log_v2/passive_own/2025-12-03.log:64391
41.83,41.77,False,300418.SZ,2025-12-03,/mnt/team/research-share/huangchunyang/etfmm_oe/wangcai_log_v2/passive_own/2025-12-03.log:64422
5.92,5.89,False,300081.SZ,2025-12-03,/mnt/team/research-share/huangchunyang/etfmm_oe/wangcai_log_v2/passive_own/2025-12-03.log:64439
50.29,50.03,False,300442.SZ,2025-12-03,/mnt/team/research-share/huangchunyang/etfmm_oe/wangcai_log_v2/passive_own/2025-12-03.log:64463
9.92,9.9,False,300058.SZ,2025-12-03,/mnt/team/research-share/huangchunyang/etfmm_oe/wangcai_log_v2/passive_own/2025-12-03.log:64537
26.22,26.2,False,300364.SZ,2025-12-03,/mnt/team/research-share/huangchunyang/etfmm_oe/wangcai_log_v2/passive_own/2025-12-03.log:64566
34.16,34.17,False,300628.SZ,2025-12-03,/mnt/team/research-share/huangchunyang/etfmm_oe/wangcai_log_v2/passive_own/2025-12-03.log:64581
0.0,10.88,False,300857.SZ,2025-12-03,/mnt/team/research-share/huangchunyang/etfmm_oe/wangcai_log_v2/passive_own/2025-12-03.log:65711
47.3,47.18,False,301236.SZ,2025-12-03,/mnt/team/research-share/huangchunyang/etfmm_oe/wangcai_log_v2/passive_own/2025-12-03.log:69782
52.18,52.02,False,300913.SZ,2025-12-03,/mnt/team/research-share/huangchunyang/etfmm_oe/wangcai_log_v2/passive_own/2025-12-03.log:69866
39.77,39.7,False,301171.SZ,2025-12-03,/mnt/team/research-share/huangchunyang/etfmm_oe/wangcai_log_v2/passive_own/2025-12-03.log:69895
58.91,58.9,False,301536.SZ,2025-12-03,/mnt/team/research-share/huangchunyang/etfmm_oe/wangcai_log_v2/passive_own/2025-12-03.log:69925
75.23,75.11,False,301165.SZ,2025-12-03,/mnt/team/research-share/huangchunyang/etfmm_oe/wangcai_log_v2/passive_own/2025-12-03.log:69940
78.1,78.09,False,301486.SZ,2025-12-03,/mnt/team/research-share/huangchunyang/etfmm_oe/wangcai_log_v2/passive_own/2025-12-03.log:69956
34.0,33.88,False,300638.SZ,2025-12-03,/mnt/team/research-share/huangchunyang/etfmm_oe/wangcai_log_v2/passive_own/2025-12-03.log:70178
14.61,14.66,False,301339.SZ,2025-12-03,/mnt/team/research-share/huangchunyang/etfmm_oe/wangcai_log_v2/passive_own/2025-12-03.log:70193
0.0,12.34,False,300726.SZ,2025-12-03,/mnt/team/research-share/huangchunyang/etfmm_oe/wangcai_log_v2/passive_own/2025-12-03.log:70316
41.36,41.34,False,300726.SZ,2025-12-03,/mnt/team/research-share/huangchunyang/etfmm_oe/wangcai_log_v2/passive_own/2025-12-03.log:75388
42.19,42.26,False,300458.SZ,2025-12-04,/mnt/team/research-share/huangchunyang/etfmm_oe/wangcai_log_v2/passive_own/2025-12-04.log:15
21.99,21.98,False,300045.SZ,2025-12-04,/mnt/team/research-share/huangchunyang/etfmm_oe/wangcai_log_v2/passive_own/2025-12-04.log:58
65.54,65.38,False,300496.SZ,2025-12-04,/mnt/team/research-share/huangchunyang/etfmm_oe/wangcai_log_v2/passive_own/2025-12-04.log:77
315.0,315.32,False,300033.SZ,2025-12-04,/mnt/team/research-share/huangchunyang/etfmm_oe/wangcai_log_v2/passive_own/2025-12-04.log:95
69.38,69.12,False,688036.SH,2025-12-04,/mnt/team/research-share/huangchunyang/etfmm_oe/wangcai_log_v2/passive_own/2025-12-04.log:115
370.0,367.13,False,300502.SZ,2025-12-04,/mnt/team/research-share/huangchunyang/etfmm_oe/wangcai_log_v2/passive_own/2025-12-04.log:151
10.09,10.11,False,300017.SZ,2025-12-04,/mnt/team/research-share/huangchunyang/etfmm_oe/wangcai_log_v2/passive_own/2025-12-04.log:17788
115.56,115.4,False,300548.SZ,2025-12-04,/mnt/team/research-share/huangchunyang/etfmm_oe/wangcai_log_v2/passive_own/2025-12-04.log:17832
15.95,15.86,False,300053.SZ,2025-12-04,/mnt/team/research-share/huangchunyang/etfmm_oe/wangcai_log_v2/passive_own/2025-12-04.log:17862
10.96,10.98,False,300002.SZ,2025-12-04,/mnt/team/research-share/huangchunyang/etfmm_oe/wangcai_log_v2/passive_own/2025-12-04.log:17881
102.04,102.02,False,300570.SZ,2025-12-04,/mnt/team/research-share/huangchunyang/etfmm_oe/wangcai_log_v2/passive_own/2025-12-04.log:17899
19.93,19.9,False,300229.SZ,2025-12-04,/mnt/team/research-share/huangchunyang/etfmm_oe/wangcai_log_v2/passive_own/2025-12-04.log:18884
45.67,45.43,False,300613.SZ,2025-12-04,/mnt/team/research-share/huangchunyang/etfmm_oe/wangcai_log_v2/passive_own/2025-12-04.log:18937
139.94,139.0,False,300620.SZ,2025-12-04,/mnt/team/research-share/huangchunyang/etfmm_oe/wangcai_log_v2/passive_own/2025-12-04.log:18967
38.3,38.04,False,300563.SZ,2025-12-04,/mnt/team/research-share/huangchunyang/etfmm_oe/wangcai_log_v2/passive_own/2025-12-04.log:19054
25.51,25.3,False,300455.SZ,2025-12-04,/mnt/team/research-share/huangchunyang/etfmm_oe/wangcai_log_v2/passive_own/2025-12-04.log:19105
13.54,13.55,False,300252.SZ,2025-12-04,/mnt/team/research-share/huangchunyang/etfmm_oe/wangcai_log_v2/passive_own/2025-12-04.log:19439
91.0,90.51,False,300223.SZ,2025-12-04,/mnt/team/research-share/huangchunyang/etfmm_oe/wangcai_log_v2/passive_own/2025-12-04.log:19460
517.52,517.37,False,300308.SZ,2025-12-04,/mnt/team/research-share/huangchunyang/etfmm_oe/wangcai_log_v2/passive_own/2025-12-04.log:19583
20.06,20.08,False,300353.SZ,2025-12-04,/mnt/team/research-share/huangchunyang/etfmm_oe/wangcai_log_v2/passive_own/2025-12-04.log:19701
113.3,113.5,False,300454.SZ,2025-12-04,/mnt/team/research-share/huangchunyang/etfmm_oe/wangcai_log_v2/passive_own/2025-12-04.log:19718
18.09,18.08,False,300170.SZ,2025-12-04,/mnt/team/research-share/huangchunyang/etfmm_oe/wangcai_log_v2/passive_own/2025-12-04.log:19740
170.2,170.18,False,300394.SZ,2025-12-04,/mnt/team/research-share/huangchunyang/etfmm_oe/wangcai_log_v2/passive_own/2025-12-04.log:33792
7.34,7.35,False,300133.SZ,2025-12-04,/mnt/team/research-share/huangchunyang/etfmm_oe/wangcai_log_v2/passive_own/2025-12-04.log:33810
24.2,24.23,False,300413.SZ,2025-12-04,/mnt/team/research-share/huangchunyang/etfmm_oe/wangcai_log_v2/passive_own/2025-12-04.log:33848
40.36,40.4,False,300418.SZ,2025-12-04,/mnt/team/research-share/huangchunyang/etfmm_oe/wangcai_log_v2/passive_own/2025-12-04.log:33868
5.51,5.5,False,300081.SZ,2025-12-04,/mnt/team/research-share/huangchunyang/etfmm_oe/wangcai_log_v2/passive_own/2025-12-04.log:33887
9.51,9.47,False,300058.SZ,2025-12-04,/mnt/team/research-share/huangchunyang/etfmm_oe/wangcai_log_v2/passive_own/2025-12-04.log:33985
24.79,24.74,False,300364.SZ,2025-12-04,/mnt/team/research-share/huangchunyang/etfmm_oe/wangcai_log_v2/passive_own/2025-12-04.log:34017
46.11,46.07,False,300598.SZ,2025-12-04,/mnt/team/research-share/huangchunyang/etfmm_oe/wangcai_log_v2/passive_own/2025-12-04.log:34045
45.98,45.99,False,301236.SZ,2025-12-04,/mnt/team/research-share/huangchunyang/etfmm_oe/wangcai_log_v2/passive_own/2025-12-04.log:35230
54.64,53.38,False,300913.SZ,2025-12-04,/mnt/team/research-share/huangchunyang/etfmm_oe/wangcai_log_v2/passive_own/2025-12-04.log:35318
37.31,37.3,False,301171.SZ,2025-12-04,/mnt/team/research-share/huangchunyang/etfmm_oe/wangcai_log_v2/passive_own/2025-12-04.log:35347
56.9,56.91,False,301536.SZ,2025-12-04,/mnt/team/research-share/huangchunyang/etfmm_oe/wangcai_log_v2/passive_own/2025-12-04.log:35376
75.07,75.1,False,301486.SZ,2025-12-04,/mnt/team/research-share/huangchunyang/etfmm_oe/wangcai_log_v2/passive_own/2025-12-04.log:35407
120.0,120.02,False,301205.SZ,2025-12-04,/mnt/team/research-share/huangchunyang/etfmm_oe/wangcai_log_v2/passive_own/2025-12-04.log:35447
31.48,31.03,False,300638.SZ,2025-12-04,/mnt/team/research-share/huangchunyang/etfmm_oe/wangcai_log_v2/passive_own/2025-12-04.log:47785
22.66,22.67,False,600498.SH,2025-12-04,/mnt/team/research-share/huangchunyang/etfmm_oe/wangcai_log_v2/passive_own/2025-12-04.log:47838
40.3,40.29,False,300726.SZ,2025-12-04,/mnt/team/research-share/huangchunyang/etfmm_oe/wangcai_log_v2/passive_own/2025-12-04.log:47874
27.94,26.7,False,600345.SH,2025-12-04,/mnt/team/research-share/huangchunyang/etfmm_oe/wangcai_log_v2/passive_own/2025-12-04.log:47893
64.62,64.6,False,688122.SH,2025-12-05,/mnt/team/research-share/huangchunyang/etfmm_oe/wangcai_log_v2/passive_own/2025-12-05.log:13098
0.0,23.8,False,002281.SZ,2025-12-08,/mnt/team/research-share/huangchunyang/etfmm_oe/wangcai_log_v2/passive_own/2025-12-08.log:82
0.0,27.6,False,300726.SZ,2025-12-08,/mnt/team/research-share/huangchunyang/etfmm_oe/wangcai_log_v2/passive_own/2025-12-08.log:4229
41.44,41.39,False,300726.SZ,2025-12-08,/mnt/team/research-share/huangchunyang/etfmm_oe/wangcai_log_v2/passive_own/2025-12-08.log:9315
29.3,29.15,False,300638.SZ,2025-12-08,/mnt/team/research-share/huangchunyang/etfmm_oe/wangcai_log_v2/passive_own/2025-12-08.log:9457
34.78,35.0,False,300136.SZ,2025-12-08,/mnt/team/research-share/huangchunyang/etfmm_oe/wangcai_log_v2/passive_own/2025-12-08.log:9485
0.0,46.61,False,600198.SH,2025-12-08,/mnt/team/research-share/huangchunyang/etfmm_oe/wangcai_log_v2/passive_own/2025-12-08.log:9575
14.34,14.33,False,301339.SZ,2025-12-08,/mnt/team/research-share/huangchunyang/etfmm_oe/wangcai_log_v2/passive_own/2025-12-08.log:14838
124.01,123.64,False,300548.SZ,2025-12-08,/mnt/team/research-share/huangchunyang/etfmm_oe/wangcai_log_v2/passive_own/2025-12-08.log:14910
121.0,120.0,False,301205.SZ,2025-12-08,/mnt/team/research-share/huangchunyang/etfmm_oe/wangcai_log_v2/passive_own/2025-12-08.log:14948
73.6,73.16,False,301165.SZ,2025-12-08,/mnt/team/research-share/huangchunyang/etfmm_oe/wangcai_log_v2/passive_own/2025-12-08.log:15056
17.77,17.68,False,300053.SZ,2025-12-08,/mnt/team/research-share/huangchunyang/etfmm_oe/wangcai_log_v2/passive_own/2025-12-08.log:15101
0.0,144.04,False,002025.SZ,2025-12-08,/mnt/team/research-share/huangchunyang/etfmm_oe/wangcai_log_v2/passive_own/2025-12-08.log:15225
67.55,67.47,False,688036.SH,2025-12-08,/mnt/team/research-share/huangchunyang/etfmm_oe/wangcai_log_v2/passive_own/2025-12-08.log:19601
21.64,21.78,False,688100.SH,2025-12-08,/mnt/team/research-share/huangchunyang/etfmm_oe/wangcai_log_v2/passive_own/2025-12-08.log:19640
0.0,25.06,False,688100.SH,2025-12-08,/mnt/team/research-share/huangchunyang/etfmm_oe/wangcai_log_v2/passive_own/2025-12-08.log:24603
25.82,26.02,False,300593.SZ,2025-12-08,/mnt/team/research-share/huangchunyang/etfmm_oe/wangcai_log_v2/passive_own/2025-12-08.log:28641
112.36,112.2,False,300570.SZ,2025-12-08,/mnt/team/research-share/huangchunyang/etfmm_oe/wangcai_log_v2/passive_own/2025-12-08.log:29769
375.0,375.12,False,300502.SZ,2025-12-08,/mnt/team/research-share/huangchunyang/etfmm_oe/wangcai_log_v2/passive_own/2025-12-08.log:29799
7.54,7.55,False,688387.SH,2025-12-08,/mnt/team/research-share/huangchunyang/etfmm_oe/wangcai_log_v2/passive_own/2025-12-08.log:29829
38.54,38.53,False,300563.SZ,2025-12-08,/mnt/team/research-share/huangchunyang/etfmm_oe/wangcai_log_v2/passive_own/2025-12-08.log:29848
17.46,17.5,False,600105.SH,2025-12-08,/mnt/team/research-share/huangchunyang/etfmm_oe/wangcai_log_v2/passive_own/2025-12-08.log:30115
0.0,23.96,False,300900.SZ,2025-12-09,/mnt/team/research-share/huangchunyang/etfmm_oe/wangcai_log_v2/passive_own/2025-12-09.log:90
22.95,22.94,False,300900.SZ,2025-12-09,/mnt/team/research-share/huangchunyang/etfmm_oe/wangcai_log_v2/passive_own/2025-12-09.log:4133
17.26,17.28,False,300034.SZ,2025-12-09,/mnt/team/research-share/huangchunyang/etfmm_oe/wangcai_log_v2/passive_own/2025-12-09.log:4167
41.69,41.81,False,002929.SZ,2025-12-09,/mnt/team/research-share/huangchunyang/etfmm_oe/wangcai_log_v2/passive_own/2025-12-09.log:4194
57.22,57.2,False,300913.SZ,2025-12-09,/mnt/team/research-share/huangchunyang/etfmm_oe/wangcai_log_v2/passive_own/2025-12-09.log:4209
17.0,16.8,False,300053.SZ,2025-12-09,/mnt/team/research-share/huangchunyang/etfmm_oe/wangcai_log_v2/passive_own/2025-12-09.log:4306
85.01,85.54,False,301165.SZ,2025-12-09,/mnt/team/research-share/huangchunyang/etfmm_oe/wangcai_log_v2/passive_own/2025-12-09.log:4410
31.35,31.37,False,002151.SZ,2025-12-09,/mnt/team/research-share/huangchunyang/etfmm_oe/wangcai_log_v2/passive_own/2025-12-09.log:5649
0.0,47.01,False,301205.SZ,2025-12-09,/mnt/team/research-share/huangchunyang/etfmm_oe/wangcai_log_v2/passive_own/2025-12-09.log:5676
130.32,130.05,False,301205.SZ,2025-12-09,/mnt/team/research-share/huangchunyang/etfmm_oe/wangcai_log_v2/passive_own/2025-12-09.log:9840
30.45,30.1,False,300638.SZ,2025-12-09,/mnt/team/research-share/huangchunyang/etfmm_oe/wangcai_log_v2/passive_own/2025-12-09.log:9917
19.18,19.2,False,300629.SZ,2025-12-09,/mnt/team/research-share/huangchunyang/etfmm_oe/wangcai_log_v2/passive_own/2025-12-09.log:9936
34.52,34.6,False,300628.SZ,2025-12-09,/mnt/team/research-share/huangchunyang/etfmm_oe/wangcai_log_v2/passive_own/2025-12-09.log:9951
167.1,167.09,False,300620.SZ,2025-12-09,/mnt/team/research-share/huangchunyang/etfmm_oe/wangcai_log_v2/passive_own/2025-12-09.log:10014
0.0,25.65,False,300570.SZ,2025-12-09,/mnt/team/research-share/huangchunyang/etfmm_oe/wangcai_log_v2/passive_own/2025-12-09.log:10029
119.78,119.79,False,300570.SZ,2025-12-09,/mnt/team/research-share/huangchunyang/etfmm_oe/wangcai_log_v2/passive_own/2025-12-09.log:15236
40.77,40.9,False,300563.SZ,2025-12-09,/mnt/team/research-share/huangchunyang/etfmm_oe/wangcai_log_v2/passive_own/2025-12-09.log:15260
130.99,130.5,False,300548.SZ,2025-12-09,/mnt/team/research-share/huangchunyang/etfmm_oe/wangcai_log_v2/passive_own/2025-12-09.log:15284
33.33,33.0,False,300762.SZ,2025-12-09,/mnt/team/research-share/huangchunyang/etfmm_oe/wangcai_log_v2/passive_own/2025-12-09.log:15352
16.67,16.65,False,300416.SZ,2025-12-09,/mnt/team/research-share/huangchunyang/etfmm_oe/wangcai_log_v2/passive_own/2025-12-09.log:15443
14.59,14.42,False,300397.SZ,2025-12-09,/mnt/team/research-share/huangchunyang/etfmm_oe/wangcai_log_v2/passive_own/2025-12-09.log:15465
236.9,236.0,False,300394.SZ,2025-12-09,/mnt/team/research-share/huangchunyang/etfmm_oe/wangcai_log_v2/passive_own/2025-12-09.log:15573
22.45,22.36,False,300342.SZ,2025-12-09,/mnt/team/research-share/huangchunyang/etfmm_oe/wangcai_log_v2/passive_own/2025-12-09.log:15638
570.21,570.09,False,300308.SZ,2025-12-09,/mnt/team/research-share/huangchunyang/etfmm_oe/wangcai_log_v2/passive_own/2025-12-09.log:15669
69.79,69.8,False,300782.SZ,2025-12-09,/mnt/team/research-share/huangchunyang/etfmm_oe/wangcai_log_v2/passive_own/2025-12-09.log:15711
8.11,8.07,False,300123.SZ,2025-12-09,/mnt/team/research-share/huangchunyang/etfmm_oe/wangcai_log_v2/passive_own/2025-12-09.log:15758
0.0,28.34,False,002111.SZ,2025-12-09,/mnt/team/research-share/huangchunyang/etfmm_oe/wangcai_log_v2/passive_own/2025-12-09.log:15870
14.49,14.45,False,301339.SZ,2025-12-09,/mnt/team/research-share/huangchunyang/etfmm_oe/wangcai_log_v2/passive_own/2025-12-09.log:21293
23.36,23.28,False,300101.SZ,2025-12-10,/mnt/team/research-share/huangchunyang/etfmm_oe/wangcai_log_v2/passive_own/2025-12-10.log:99
41.2,41.15,False,300726.SZ,2025-12-10,/mnt/team/research-share/huangchunyang/etfmm_oe/wangcai_log_v2/passive_own/2025-12-10.log:113
22.11,22.0,False,300342.SZ,2025-12-10,/mnt/team/research-share/huangchunyang/etfmm_oe/wangcai_log_v2/passive_own/2025-12-10.log:136
16.62,16.54,False,300053.SZ,2025-12-10,/mnt/team/research-share/huangchunyang/etfmm_oe/wangcai_log_v2/passive_own/2025-12-10.log:202
0.0,24.3,False,300079.SZ,2025-12-10,/mnt/team/research-share/huangchunyang/etfmm_oe/wangcai_log_v2/passive_own/2025-12-10.log:324
0.0,36.3,False,300593.SZ,2025-12-10,/mnt/team/research-share/huangchunyang/etfmm_oe/wangcai_log_v2/passive_own/2025-12-10.log:5692
0.0,428.53,False,002405.SZ,2025-12-11,/mnt/team/research-share/huangchunyang/etfmm_oe/wangcai_log_v2/passive_own/2025-12-11.log:73
141.51,141.0,False,300548.SZ,2025-12-11,/mnt/team/research-share/huangchunyang/etfmm_oe/wangcai_log_v2/passive_own/2025-12-11.log:3827
36.85,36.74,False,300563.SZ,2025-12-11,/mnt/team/research-share/huangchunyang/etfmm_oe/wangcai_log_v2/passive_own/2025-12-11.log:3851
25.7,25.71,False,300593.SZ,2025-12-11,/mnt/team/research-share/huangchunyang/etfmm_oe/wangcai_log_v2/passive_own/2025-12-11.log:3939
24.89,24.88,False,300045.SZ,2025-12-11,/mnt/team/research-share/huangchunyang/etfmm_oe/wangcai_log_v2/passive_own/2025-12-11.log:4012
0.0,103.6,False,603341.SH,2025-12-11,/mnt/team/research-share/huangchunyang/etfmm_oe/wangcai_log_v2/passive_own/2025-12-11.log:4102
0.0,13.3,False,300416.SZ,2025-12-11,/mnt/team/research-share/huangchunyang/etfmm_oe/wangcai_log_v2/passive_own/2025-12-11.log:9535
18.3,18.15,False,300053.SZ,2025-12-11,/mnt/team/research-share/huangchunyang/etfmm_oe/wangcai_log_v2/passive_own/2025-12-11.log:13681
0.0,5.35,False,003031.SZ,2025-12-11,/mnt/team/research-share/huangchunyang/etfmm_oe/wangcai_log_v2/passive_own/2025-12-11.log:13697
0.0,23.37,False,300136.SZ,2025-12-11,/mnt/team/research-share/huangchunyang/etfmm_oe/wangcai_log_v2/passive_own/2025-12-11.log:18391
66.88,66.79,False,688036.SH,2025-12-11,/mnt/team/research-share/huangchunyang/etfmm_oe/wangcai_log_v2/passive_own/2025-12-11.log:23419
22.71,22.77,False,300342.SZ,2025-12-11,/mnt/team/research-share/huangchunyang/etfmm_oe/wangcai_log_v2/passive_own/2025-12-11.log:23457
231.13,231.0,False,300394.SZ,2025-12-11,/mnt/team/research-share/huangchunyang/etfmm_oe/wangcai_log_v2/passive_own/2025-12-11.log:23524
41.78,41.76,False,300726.SZ,2025-12-11,/mnt/team/research-share/huangchunyang/etfmm_oe/wangcai_log_v2/passive_own/2025-12-11.log:23582
14.13,14.16,False,301339.SZ,2025-12-11,/mnt/team/research-share/huangchunyang/etfmm_oe/wangcai_log_v2/passive_own/2025-12-11.log:51337
142.19,141.0,False,301205.SZ,2025-12-11,/mnt/team/research-share/huangchunyang/etfmm_oe/wangcai_log_v2/passive_own/2025-12-11.log:51359
56.6,56.56,False,300913.SZ,2025-12-11,/mnt/team/research-share/huangchunyang/etfmm_oe/wangcai_log_v2/passive_own/2025-12-11.log:51401
54.21,54.2,False,300913.SZ,2025-12-12,/mnt/team/research-share/huangchunyang/etfmm_oe/wangcai_log_v2/passive_own/2025-12-12.log:21
81.52,81.13,False,301165.SZ,2025-12-12,/mnt/team/research-share/huangchunyang/etfmm_oe/wangcai_log_v2/passive_own/2025-12-12.log:53
134.52,133.98,False,301205.SZ,2025-12-12,/mnt/team/research-share/huangchunyang/etfmm_oe/wangcai_log_v2/passive_own/2025-12-12.log:88
8.75,8.77,False,600198.SH,2025-12-12,/mnt/team/research-share/huangchunyang/etfmm_oe/wangcai_log_v2/passive_own/2025-12-12.log:215
68.39,68.5,False,300782.SZ,2025-12-12,/mnt/team/research-share/huangchunyang/etfmm_oe/wangcai_log_v2/passive_own/2025-12-12.log:381
16.64,16.66,False,300036.SZ,2025-12-12,/mnt/team/research-share/huangchunyang/etfmm_oe/wangcai_log_v2/passive_own/2025-12-12.log:396
41.53,41.54,False,300726.SZ,2025-12-12,/mnt/team/research-share/huangchunyang/etfmm_oe/wangcai_log_v2/passive_own/2025-12-12.log:412
17.4,17.39,False,300416.SZ,2025-12-12,/mnt/team/research-share/huangchunyang/etfmm_oe/wangcai_log_v2/passive_own/2025-12-12.log:472
130.9,130.0,False,300548.SZ,2025-12-12,/mnt/team/research-share/huangchunyang/etfmm_oe/wangcai_log_v2/passive_own/2025-12-12.log:497
218.98,218.9,False,300394.SZ,2025-12-12,/mnt/team/research-share/huangchunyang/etfmm_oe/wangcai_log_v2/passive_own/2025-12-12.log:538
0.0,19.72,False,300570.SZ,2025-12-12,/mnt/team/research-share/huangchunyang/etfmm_oe/wangcai_log_v2/passive_own/2025-12-12.log:585
121.73,121.56,False,300570.SZ,2025-12-12,/mnt/team/research-share/huangchunyang/etfmm_oe/wangcai_log_v2/passive_own/2025-12-12.log:6017
23.25,23.2,False,300342.SZ,2025-12-12,/mnt/team/research-share/huangchunyang/etfmm_oe/wangcai_log_v2/passive_own/2025-12-12.log:6046
24.8,24.79,False,300593.SZ,2025-12-12,/mnt/team/research-share/huangchunyang/etfmm_oe/wangcai_log_v2/passive_own/2025-12-12.log:6059
587.06,587.0,False,300308.SZ,2025-12-12,/mnt/team/research-share/huangchunyang/etfmm_oe/wangcai_log_v2/passive_own/2025-12-12.log:6107
35.19,35.09,False,300136.SZ,2025-12-12,/mnt/team/research-share/huangchunyang/etfmm_oe/wangcai_log_v2/passive_own/2025-12-12.log:6145
30.74,30.68,False,300627.SZ,2025-12-12,/mnt/team/research-share/huangchunyang/etfmm_oe/wangcai_log_v2/passive_own/2025-12-12.log:6159
28.13,28.01,False,300638.SZ,2025-12-12,/mnt/team/research-share/huangchunyang/etfmm_oe/wangcai_log_v2/passive_own/2025-12-12.log:6228
0.0,101.01,False,300045.SZ,2025-12-12,/mnt/team/research-share/huangchunyang/etfmm_oe/wangcai_log_v2/passive_own/2025-12-12.log:6290
24.59,24.49,False,300045.SZ,2025-12-12,/mnt/team/research-share/huangchunyang/etfmm_oe/wangcai_log_v2/passive_own/2025-12-12.log:11432
169.6,168.49,False,300620.SZ,2025-12-12,/mnt/team/research-share/huangchunyang/etfmm_oe/wangcai_log_v2/passive_own/2025-12-12.log:11481
31.56,31.57,False,002151.SZ,2025-12-12,/mnt/team/research-share/huangchunyang/etfmm_oe/wangcai_log_v2/passive_own/2025-12-12.log:28162
65.01,65.0,False,688036.SH,2025-12-12,/mnt/team/research-share/huangchunyang/etfmm_oe/wangcai_log_v2/passive_own/2025-12-12.log:28253
43.29,43.3,False,603341.SH,2025-12-12,/mnt/team/research-share/huangchunyang/etfmm_oe/wangcai_log_v2/passive_own/2025-12-12.log:28284
8.39,8.37,False,688387.SH,2025-12-12,/mnt/team/research-share/huangchunyang/etfmm_oe/wangcai_log_v2/passive_own/2025-12-12.log:28366
156.76,155.36,False,301205.SZ,2025-12-15,/mnt/team/research-share/huangchunyang/etfmm_oe/wangcai_log_v2/passive_own/2025-12-15.log:29
0.0,11.14,False,600487.SH,2025-12-15,/mnt/team/research-share/huangchunyang/etfmm_oe/wangcai_log_v2/passive_own/2025-12-15.log:157
412.0,411.88,False,300502.SZ,2025-12-15,/mnt/team/research-share/huangchunyang/etfmm_oe/wangcai_log_v2/passive_own/2025-12-15.log:4939
82.27,82.04,False,301165.SZ,2025-12-15,/mnt/team/research-share/huangchunyang/etfmm_oe/wangcai_log_v2/passive_own/2025-12-15.log:38866
0.0,54.87,False,300548.SZ,2025-12-15,/mnt/team/research-share/huangchunyang/etfmm_oe/wangcai_log_v2/passive_own/2025-12-15.log:39956
145.65,145.05,False,300548.SZ,2025-12-15,/mnt/team/research-share/huangchunyang/etfmm_oe/wangcai_log_v2/passive_own/2025-12-15.log:43769
26.86,26.87,False,300455.SZ,2025-12-15,/mnt/team/research-share/huangchunyang/etfmm_oe/wangcai_log_v2/passive_own/2025-12-15.log:43787
118.15,117.0,False,300570.SZ,2025-12-15,/mnt/team/research-share/huangchunyang/etfmm_oe/wangcai_log_v2/passive_own/2025-12-15.log:43805
0.0,207.97,False,300353.SZ,2025-12-15,/mnt/team/research-share/huangchunyang/etfmm_oe/wangcai_log_v2/passive_own/2025-12-15.log:43897
0.0,25.87,False,300353.SZ,2025-12-15,/mnt/team/research-share/huangchunyang/etfmm_oe/wangcai_log_v2/passive_own/2025-12-15.log:48890
171.0,170.29,False,300620.SZ,2025-12-15,/mnt/team/research-share/huangchunyang/etfmm_oe/wangcai_log_v2/passive_own/2025-12-15.log:52930
570.13,570.0,False,300308.SZ,2025-12-15,/mnt/team/research-share/huangchunyang/etfmm_oe/wangcai_log_v2/passive_own/2025-12-15.log:52980
31.79,31.82,False,300627.SZ,2025-12-15,/mnt/team/research-share/huangchunyang/etfmm_oe/wangcai_log_v2/passive_own/2025-12-15.log:53894
28.4,28.31,False,300638.SZ,2025-12-15,/mnt/team/research-share/huangchunyang/etfmm_oe/wangcai_log_v2/passive_own/2025-12-15.log:53977
0.0,101.11,False,300065.SZ,2025-12-15,/mnt/team/research-share/huangchunyang/etfmm_oe/wangcai_log_v2/passive_own/2025-12-15.log:54009
18.28,18.3,False,300065.SZ,2025-12-15,/mnt/team/research-share/huangchunyang/etfmm_oe/wangcai_log_v2/passive_own/2025-12-15.log:58185
41.6,41.57,False,300726.SZ,2025-12-15,/mnt/team/research-share/huangchunyang/etfmm_oe/wangcai_log_v2/passive_own/2025-12-15.log:58199
17.77,17.67,False,300053.SZ,2025-12-15,/mnt/team/research-share/huangchunyang/etfmm_oe/wangcai_log_v2/passive_own/2025-12-15.log:58268
70.01,70.05,False,300782.SZ,2025-12-15,/mnt/team/research-share/huangchunyang/etfmm_oe/wangcai_log_v2/passive_own/2025-12-15.log:58282
35.88,35.9,False,300628.SZ,2025-12-15,/mnt/team/research-share/huangchunyang/etfmm_oe/wangcai_log_v2/passive_own/2025-12-15.log:58326
103.0,102.98,False,688313.SH,2025-12-15,/mnt/team/research-share/huangchunyang/etfmm_oe/wangcai_log_v2/passive_own/2025-12-15.log:59504
25.79,25.8,False,688182.SH,2025-12-15,/mnt/team/research-share/huangchunyang/etfmm_oe/wangcai_log_v2/passive_own/2025-12-15.log:59531
68.64,68.7,False,688036.SH,2025-12-15,/mnt/team/research-share/huangchunyang/etfmm_oe/wangcai_log_v2/passive_own/2025-12-15.log:59564
167.0,164.8,False,688205.SH,2025-12-15,/mnt/team/research-share/huangchunyang/etfmm_oe/wangcai_log_v2/passive_own/2025-12-15.log:59603
