1300_1330vwap,935_940vwap,amount,direction,excutointime_13:00_vwap,excutointime_9:35_vwap,instrument,pnl_buy_935-940,pnl_buy_excutointime,pnl_sell_1300-1330,pnl_sell_excutointime,price,tradingday,tradingtime,volume
NaN,37.11396685,200386,BUY,NaN,37.10468775,000063.SZ,1.468000777,-1.032421436,NaN,NaN,37.10851852,20251215,09:39:01,5400
NaN,49.53946706,49556,BUY,NaN,49.55820921,000733.SZ,-3.337327421,0.445780615,NaN,NaN,49.556,20251215,09:39:02,1000
NaN,17.03964601,27318,BUY,NaN,17.05350508,000801.SZ,-20.01449298,-11.87141446,NaN,NaN,17.07375,20251215,09:39:01,1600
NaN,24.71203719,81552,BUY,NaN,24.71217532,000938.SZ,-0.279250564,-0.22335287,NaN,NaN,24.71272727,20251215,09:40:01,3300
NaN,45.79514357,77932,BUY,NaN,45.84950951,002025.SZ,-10.30881679,1.560882963,NaN,NaN,45.84235294,20251215,09:39:02,1700
NaN,37.2081898,22384,BUY,NaN,37.24947145,002046.SZ,-26.46644991,-15.35463805,NaN,NaN,37.30666667,20251215,09:39:01,600
NaN,76.23871908,45768,BUY,NaN,76.22491889,002049.SZ,-5.414691666,-7.226129198,NaN,NaN,76.28,20251215,09:39:01,600
NaN,18.70223749,22448,BUY,NaN,18.71354488,002104.SZ,-2.368258268,3.67552563,NaN,NaN,18.70666667,20251215,09:39:01,1200
NaN,31.33521772,113169,BUY,NaN,31.34907982,002151.SZ,-32.10943361,-27.67338428,NaN,NaN,31.43583333,20251215,09:39:01,3600
NaN,32.45856904,100610,BUY,NaN,32.45954919,002179.SZ,1.149260546,1.451184377,NaN,NaN,32.45483871,20251215,09:39:02,3100
NaN,18.15726473,7269,BUY,NaN,18.16937913,002268.SZ,-8.390730566,-1.717653198,NaN,NaN,18.1725,20251215,09:38:01,400
NaN,65.60477013,52506,BUY,NaN,65.56420115,002281.SZ,-4.226806876,-10.41709474,NaN,NaN,65.6325,20251215,09:39:01,800
NaN,53.6002759,42901,BUY,NaN,53.60105229,002338.SZ,-4.845889067,-4.700973459,NaN,NaN,53.62625,20251215,09:39:04,800
NaN,28.69266854,22951,BUY,NaN,28.69004739,002396.SZ,1.365693581,0.452208195,NaN,NaN,28.68875,20251215,09:39:01,800
NaN,8.060528915,80640,BUY,NaN,8.062957421,002405.SZ,-4.306274993,-1.293047671,NaN,NaN,8.064,20251215,09:39:29,10000
NaN,13.28049069,110543,BUY,NaN,13.30145981,002465.SZ,-28.57051712,-12.76094579,NaN,NaN,13.31843373,20251215,09:39:01,8300
NaN,32.64854163,22896,BUY,NaN,32.62632542,002544.SZ,-18.38667042,-25.20847927,NaN,NaN,32.70857143,20251215,09:39:01,700
NaN,11.08726106,31057,BUY,NaN,11.09634714,002583.SZ,-4.08095275,4.110746578,NaN,NaN,11.09178571,20251215,09:39:01,2800
NaN,43.06908101,8640,BUY,NaN,43.15516347,002881.SZ,-30.39744333,-10.38961039,NaN,NaN,43.2,20251215,09:36:01,200
NaN,39.61894144,7931,BUY,NaN,39.65733788,002929.SZ,-9.101343258,0.589521154,NaN,NaN,39.655,20251215,09:36:02,200
NaN,71.71492206,21581,BUY,NaN,71.95140946,003031.SZ,-30.92028834,2.048993638,NaN,NaN,71.93666667,20251215,09:37:01,300
1.387186056,NaN,2775733.8,SELL,1.387234013,NaN,159218.SZ,NaN,NaN,4.908091054,4.56222558,1.3878669,20251215,13:29:34,2000000
1.218678315,NaN,2441313.5,SELL,1.218713373,NaN,159583.SZ,NaN,NaN,16.23426721,15.94613387,1.22065675,20251215,13:29:37,2000000
NaN,16.54403234,69523,BUY,NaN,16.55336421,300036.SZ,-5.47804889,0.162487134,NaN,NaN,16.55309524,20251215,09:39:11,4200
NaN,23.87961029,55064,BUY,NaN,23.89193982,300045.SZ,-25.65338179,-20.47960422,NaN,NaN,23.94086957,20251215,09:39:01,2300
NaN,17.49061018,42205,BUY,NaN,17.51483479,300053.SZ,-54.20421982,-40.29833841,NaN,NaN,17.58541667,20251215,09:39:01,2400
NaN,17.947999,32357,BUY,NaN,17.96166308,300065.SZ,-15.66308717,-8.04381548,NaN,NaN,17.97611111,20251215,09:39:01,1800
NaN,5.19536662,18714,BUY,NaN,5.195989797,300079.SZ,-5.710305407,-4.510278574,NaN,NaN,5.198333333,20251215,09:39:45,3600
NaN,22.74022956,27383,BUY,NaN,22.74611129,300101.SZ,-34.7125394,-32.1177426,NaN,NaN,22.81916667,20251215,09:39:08,1200
NaN,36.183434,29035,BUY,NaN,36.23447193,300136.SZ,-30.48798466,-16.35957817,NaN,NaN,36.29375,20251215,09:39:01,800
NaN,574.9875215,344496,BUY,NaN,573.8783283,300308.SZ,14.39198998,-4.908213745,NaN,NaN,574.16,20251215,09:39:01,600
NaN,20.09407715,20128,BUY,NaN,20.12336957,300353.SZ,-16.88201217,-2.301023577,NaN,NaN,20.128,20251215,09:39:01,1000
NaN,211.9667887,169135,BUY,NaN,211.719976,300394.SZ,25.85493232,14.22756803,NaN,NaN,211.41875,20251215,09:39:01,800
NaN,26.89471046,37734,BUY,NaN,26.94750205,300455.SZ,-21.62011992,-1.98723034,NaN,NaN,26.95285714,20251215,09:39:02,1400
NaN,428.3508891,383338,BUY,NaN,427.063148,300502.SZ,56.49055545,26.50748304,NaN,NaN,425.9311111,20251215,09:39:01,900
NaN,141.8572866,56783,BUY,NaN,141.7814819,300548.SZ,-7.064379038,-12.41474442,NaN,NaN,141.9575,20251215,09:38:01,400
NaN,116.7521863,34949,BUY,NaN,116.5621589,300570.SZ,21.88564348,5.61865684,NaN,NaN,116.4966667,20251215,09:37:01,300
NaN,25.40831133,91553,BUY,NaN,25.40647794,300593.SZ,-9.082680645,-9.804958891,NaN,NaN,25.43138889,20251215,09:39:01,3600
NaN,168.5999379,67340,BUY,NaN,168.3462866,300620.SZ,14.82431898,-0.220580251,NaN,NaN,168.35,20251215,09:38:01,400
NaN,31.49045334,173294,BUY,NaN,31.51034052,300627.SZ,-5.57205568,0.742777056,NaN,NaN,31.508,20251215,09:39:01,5500
NaN,36.2886641,28992,BUY,NaN,36.27399347,300628.SZ,13.41027479,9.371306133,NaN,NaN,36.24,20251215,09:39:01,800
NaN,28.63705807,22886,BUY,NaN,28.64180975,300638.SZ,10.32161662,11.97890487,NaN,NaN,28.6075,20251215,09:39:01,800
NaN,98.22231694,39337,BUY,NaN,98.15955934,300672.SZ,-12.23582002,-18.63707067,NaN,NaN,98.3425,20251215,09:38:01,400
NaN,41.17150724,20605,BUY,NaN,41.19359756,300726.SZ,-9.349369467,-3.981793287,NaN,NaN,41.21,20251215,09:39:09,500
NaN,70.61961822,28181,BUY,NaN,70.44924534,300782.SZ,23.66456068,-0.461987001,NaN,NaN,70.4525,20251215,09:39:01,400
NaN,53.61236228,10713,BUY,NaN,53.55043165,300913.SZ,8.834208195,-2.720490736,NaN,NaN,53.565,20251215,09:36:01,200
NaN,81.23235565,16297,BUY,NaN,81.44102404,301165.SZ,-31.10144346,-5.399730628,NaN,NaN,81.485,20251215,09:36:01,200
NaN,158.0487478,15560,BUY,NaN,155.6407407,301205.SZ,154.9362352,2.617614164,NaN,NaN,155.6,20251215,09:35:01,100
2.924483183,NaN,2929118.5,SELL,2.925030697,NaN,515880.SH,NaN,NaN,15.8500397,13.97524948,2.9291185,20251215,13:29:37,1000000
NaN,21.13727605,40176,BUY,NaN,21.14470549,600105.SH,-3.778684582,-0.263740173,NaN,NaN,21.14526316,20251215,09:39:01,1900
NaN,8.503574457,9362,BUY,NaN,8.503440807,600198.SH,-8.625353426,-8.782661602,NaN,NaN,8.510909091,20251215,09:40:01,1100
NaN,20.68031811,66177,BUY,NaN,20.67529352,600487.SH,0.002710374,-2.427525251,NaN,NaN,20.6803125,20251215,09:39:01,3200
NaN,25.85784784,33616,BUY,NaN,25.84840002,600498.SH,-0.237333627,-3.892512994,NaN,NaN,25.85846154,20251215,09:39:01,1300
NaN,17.58711292,79092,BUY,NaN,17.59351954,600522.SH,6.318788454,9.957952575,NaN,NaN,17.576,20251215,09:39:01,4500
NaN,38.40401027,53766,BUY,NaN,38.39890895,600745.SH,-0.07172157,-1.400238579,NaN,NaN,38.40428571,20251215,09:39:04,1400
NaN,15.86977555,12740,BUY,NaN,15.89828121,600776.SH,-34.79850646,-16.80608543,NaN,NaN,15.925,20251215,09:39:01,800
NaN,60.05909,390117,BUY,NaN,60.04164073,601138.SH,6.841595045,3.937389216,NaN,NaN,60.018,20251215,09:39:01,6500
NaN,95.91108118,19144,BUY,NaN,95.59965123,601869.SH,19.92274243,-12.58882931,NaN,NaN,95.72,20251215,09:37:01,200
NaN,114.8771004,57407,BUY,NaN,114.7836308,603083.SH,5.492864543,-2.645774623,NaN,NaN,114.814,20251215,09:39:02,500
NaN,91.155681,27312,BUY,NaN,91.06305239,603236.SH,12.69048677,2.53147585,NaN,NaN,91.04,20251215,09:37:01,300
NaN,43.45434625,17373,BUY,NaN,43.42258256,603341.SH,5.027403497,-2.283935378,NaN,NaN,43.4325,20251215,09:39:01,400
NaN,20.42206111,16365,BUY,NaN,20.43056052,603712.SH,-16.74115372,-12.57404636,NaN,NaN,20.45625,20251215,09:39:08,800
NaN,67.63775132,60813,BUY,NaN,67.60419975,688036.SH,10.01679079,5.058819809,NaN,NaN,67.57,20251215,09:38:01,900
NaN,36.29816505,7264,BUY,NaN,36.30387876,688100.SH,-6.015443081,-4.44063935,NaN,NaN,36.32,20251215,09:35:05,200
NaN,25.95154959,5168,BUY,NaN,25.84997945,688182.SH,42.9837873,3.860525019,NaN,NaN,25.84,20251215,09:35:01,200
NaN,169.4199468,33624,BUY,NaN,168.7088824,688205.SH,76.72926788,34.9052412,NaN,NaN,168.12,20251215,09:35:02,200
NaN,101.4526562,50867.5,BUY,NaN,101.8961034,688313.SH,-27.83010414,15.81055405,NaN,NaN,101.735,20251215,09:36:01,500
NaN,8.203055873,18924.4,BUY,NaN,8.213180758,688387.SH,-30.40833435,-18.04324398,NaN,NaN,8.228,20251215,09:39:01,2300
NaN,36.61142429,153719,BUY,NaN,36.60679225,000063.SZ,3.185450135,1.920503973,NaN,NaN,36.5997619,20251212,09:40:01,4200
NaN,48.91212007,44030,BUY,NaN,48.93070472,000733.SZ,-2.065368174,1.733573615,NaN,NaN,48.92222222,20251212,09:39:08,900
NaN,16.37690862,22899,BUY,NaN,16.3868916,000801.SZ,12.50544176,18.58987703,NaN,NaN,16.35642857,20251212,09:39:13,1400
NaN,24.62439691,64061,BUY,NaN,24.64608137,000938.SZ,-5.867855977,2.935643801,NaN,NaN,24.63884615,20251212,09:39:02,2600
NaN,44.7688422,71602,BUY,NaN,44.79419916,002025.SZ,3.929563788,9.588107116,NaN,NaN,44.75125,20251212,09:39:04,1600
NaN,36.53784252,29276,BUY,NaN,36.58433421,002046.SZ,-15.64336379,-2.915397308,NaN,NaN,36.595,20251212,09:39:05,800
NaN,75.87511281,45573,BUY,NaN,75.96711876,002049.SZ,-10.52877414,1.595263469,NaN,NaN,75.955,20251212,09:39:01,600
NaN,31.83217237,120954,BUY,NaN,31.86132055,002151.SZ,0.682443395,9.83027274,NaN,NaN,31.83,20251212,09:39:04,3800
NaN,32.44950483,94254,BUY,NaN,32.50554733,002179.SZ,-15.98621547,1.282248672,NaN,NaN,32.50137931,20251212,09:39:02,2900
NaN,12.75646534,6374,BUY,NaN,12.76148767,002194.SZ,6.636121101,10.56903972,NaN,NaN,12.748,20251212,09:39:04,500
NaN,18.42066601,11071,BUY,NaN,18.43527139,002268.SZ,-16.82927985,-8.893430648,NaN,NaN,18.45166667,20251212,09:39:03,600
NaN,66.26656952,39899,BUY,NaN,66.43867141,002281.SZ,-34.9744696,-8.97999881,NaN,NaN,66.49833333,20251212,09:39:01,600
NaN,53.55489094,42883,BUY,NaN,53.62869619,002338.SZ,-9.123175048,4.651648974,NaN,NaN,53.60375,20251212,09:39:01,800
NaN,28.94135893,17428,BUY,NaN,28.99824495,002396.SZ,-36.38659002,-16.69815352,NaN,NaN,29.04666667,20251212,09:39:01,600
NaN,8.099579206,84304,BUY,NaN,8.101848552,002405.SZ,-8.117261225,-5.313964816,NaN,NaN,8.106153846,20251212,09:39:04,10400
NaN,13.49667584,105599,BUY,NaN,13.51008225,002465.SZ,-30.86500302,-20.9111144,NaN,NaN,13.53833333,20251212,09:39:01,7800
NaN,32.71309319,16352,BUY,NaN,32.70819736,002544.SZ,2.779680426,1.283273864,NaN,NaN,32.704,20251212,09:39:01,500
NaN,10.9060272,26198,BUY,NaN,10.9105603,002583.SZ,-8.991480531,-4.832959787,NaN,NaN,10.91583333,20251212,09:39:08,2400
NaN,43.88165039,8838,BUY,NaN,44.18280519,002881.SZ,-70.268463,-1.628417472,NaN,NaN,44.19,20251212,09:36:01,200
NaN,39.74920936,7972,BUY,NaN,39.8673444,002929.SZ,-27.87241322,1.842209069,NaN,NaN,39.86,20251212,09:36:14,200
NaN,72.74901676,14704,BUY,NaN,73.43794902,003031.SZ,-105.97851,-11.17283087,NaN,NaN,73.52,20251212,09:36:01,200
1.342985346,NaN,2687950.7,SELL,1.342953832,NaN,159218.SZ,NaN,NaN,7.37166739,7.606500019,1.34397535,20251212,13:29:40,2000000
1.233442108,NaN,2467869.1,SELL,1.233445462,NaN,159583.SZ,NaN,NaN,3.992424875,3.965216693,1.23393455,20251212,13:29:32,2000000
NaN,16.68710425,73484,BUY,NaN,16.68961188,300036.SZ,-8.272758031,-6.769008474,NaN,NaN,16.70090909,20251212,09:39:12,4400
NaN,24.74857648,51964,BUY,NaN,24.77018096,300045.SZ,1.541331604,10.26195727,NaN,NaN,24.7447619,20251212,09:39:01,2100
NaN,18.74339936,45018,BUY,NaN,18.76365409,300053.SZ,-7.522989223,3.279793854,NaN,NaN,18.7575,20251212,09:39:01,2400
NaN,5.268547509,20051,BUY,NaN,5.268558668,300079.SZ,-15.24412301,-15.22290931,NaN,NaN,5.276578947,20251212,09:40:01,3800
NaN,23.3027926,28012,BUY,NaN,23.32143222,300101.SZ,-17.39736909,-9.390980856,NaN,NaN,23.34333333,20251212,09:39:01,1200
NaN,34.89129482,27966,BUY,NaN,34.91381602,300136.SZ,-18.97469777,-12.51194613,NaN,NaN,34.9575,20251212,09:39:01,800
NaN,584.6356251,706514,BUY,NaN,586.0893334,300308.SZ,-70.57458306,-45.59600644,NaN,NaN,588.7616667,20251212,09:39:01,1200
NaN,24.3314611,19417,BUY,NaN,24.30852294,300342.SZ,24.74619143,15.33328076,NaN,NaN,24.27125,20251212,09:39:01,800
NaN,19.70835709,15800,BUY,NaN,19.739617,300353.SZ,-21.12956983,-5.25997834,NaN,NaN,19.75,20251212,09:39:04,800
NaN,214.3935725,129839,BUY,NaN,215.3271929,300394.SZ,-93.50843918,-49.74478196,NaN,NaN,216.3983333,20251212,09:39:01,600
NaN,17.44234584,6984,BUY,NaN,17.46865315,300416.SZ,-10.12143846,4.95353231,NaN,NaN,17.46,20251212,09:38:01,400
NaN,26.78066506,40239,BUY,NaN,26.81848552,300455.SZ,-16.92823444,-2.801978232,NaN,NaN,26.826,20251212,09:39:01,1500
NaN,427.4700469,558931,BUY,NaN,428.9271889,300502.SZ,-57.94268358,-23.7740614,NaN,NaN,429.9469231,20251212,09:39:01,1300
NaN,132.3915249,40080,BUY,NaN,133.963827,300548.SZ,-91.28039943,27.15859935,NaN,NaN,133.6,20251212,09:37:02,300
NaN,36.07731949,3639,BUY,NaN,36.375,300563.SZ,-86.66955273,-4.12371134,NaN,NaN,36.39,20251212,09:35:01,100
NaN,120.1470217,24259,BUY,NaN,121.6515505,300570.SZ,-95.54779368,29.30916155,NaN,NaN,121.295,20251212,09:36:01,200
NaN,24.76564278,94459,BUY,NaN,24.82977982,300593.SZ,-37.14371601,-11.21707957,NaN,NaN,24.85763158,20251212,09:39:01,3800
NaN,169.9177683,34622,BUY,NaN,173.7713356,300620.SZ,-187.86921,38.05780822,NaN,NaN,173.11,20251212,09:36:01,200
NaN,31.08126766,170797,BUY,NaN,31.10261389,300627.SZ,8.773020133,15.63016305,NaN,NaN,31.054,20251212,09:39:09,5500
NaN,35.17513325,24592,BUY,NaN,35.18306241,300628.SZ,12.42487817,14.67576496,NaN,NaN,35.13142857,20251212,09:39:01,700
NaN,28.21586357,16956,BUY,NaN,28.23573404,300638.SZ,-15.64241837,-8.594060313,NaN,NaN,28.26,20251212,09:39:03,600
NaN,102.0391916,40871,BUY,NaN,102.1617819,300672.SZ,-13.55444208,-1.538549477,NaN,NaN,102.1775,20251212,09:38:19,400
NaN,41.69228074,16661,BUY,NaN,41.68247594,300726.SZ,9.541512545,7.191496218,NaN,NaN,41.6525,20251212,09:38:01,400
NaN,68.04714989,27233,BUY,NaN,68.09745366,300782.SZ,-5.194943729,2.195920021,NaN,NaN,68.0825,20251212,09:38:02,400
NaN,54.27802486,5497,BUY,NaN,54.97114286,300913.SZ,-127.4871625,0.207901288,NaN,NaN,54.97,20251212,09:35:01,100
NaN,81.71235975,8289,BUY,NaN,83.01208641,301165.SZ,-144.1202111,14.707064,NaN,NaN,82.89,20251212,09:35:34,100
NaN,146.4140063,14555,BUY,NaN,145.7885648,301205.SZ,59.01117952,16.36375357,NaN,NaN,145.55,20251212,09:35:01,100
NaN,13.9892132,2803,BUY,NaN,14.00830128,301339.SZ,-18.43334694,-4.781963076,NaN,NaN,14.015,20251212,09:36:01,200
2.976833035,NaN,2981766.2,SELL,2.976823506,NaN,515880.SH,NaN,NaN,16.5718574,16.60392163,2.9817662,20251212,13:29:24,1000000
NaN,20.25307182,32499,BUY,NaN,20.27697826,600105.SH,-29.03420554,-17.21002932,NaN,NaN,20.311875,20251212,09:39:04,1600
NaN,8.800969881,7936,BUY,NaN,8.800969881,600198.SH,-19.09777766,-19.09777766,NaN,NaN,8.817777778,20251212,09:40:01,900
NaN,20.60925779,57834,BUY,NaN,20.6407726,600487.SH,-22.19497981,-6.892864059,NaN,NaN,20.655,20251212,09:39:01,2800
NaN,25.32203825,27903,BUY,NaN,25.34181032,600498.SH,-17.50466754,-9.688857489,NaN,NaN,25.36636364,20251212,09:39:08,1100
NaN,17.15477383,65221,BUY,NaN,17.17358658,600522.SH,-5.040708442,5.919277595,NaN,NaN,17.16342105,20251212,09:39:03,3800
NaN,38.36533547,46069,BUY,NaN,38.40572061,600745.SH,-6.64606932,3.876317368,NaN,NaN,38.39083333,20251212,09:39:03,1200
NaN,61.02464271,343264.42,BUY,NaN,61.22090299,601138.SH,-44.66640662,-12.46549187,NaN,NaN,61.29721786,20251212,09:39:01,5600
NaN,102.0028517,20342,BUY,NaN,101.5583607,601869.SH,28.71015054,-14.93125031,NaN,NaN,101.71,20251212,09:36:06,200
NaN,117.3392211,46968,BUY,NaN,118.1509679,603083.SH,-6.884216893,61.86727744,NaN,NaN,117.42,20251212,09:38:01,400
NaN,89.32466483,26910,BUY,NaN,89.64620432,603236.SH,-42.01920799,-6.000887223,NaN,NaN,89.7,20251212,09:37:06,300
NaN,43.0577033,12966,BUY,NaN,43.23809524,603341.SH,-37.69283692,4.185022026,NaN,NaN,43.22,20251212,09:37:01,300
NaN,21.05384299,12660,BUY,NaN,21.08334632,603712.SH,-21.92331969,-7.898975082,NaN,NaN,21.1,20251212,09:39:04,600
NaN,65.36885856,39232,BUY,NaN,65.4536909,688036.SH,-2.724249237,10.23994774,NaN,NaN,65.38666667,20251212,09:37:01,600
NaN,35.60287056,7130,BUY,NaN,35.68259386,688100.SH,-13.23753832,9.134385462,NaN,NaN,35.65,20251212,09:35:03,200
NaN,25.82837367,5194,BUY,NaN,25.97266881,688182.SH,-54.83362263,1.027545652,NaN,NaN,25.97,20251212,09:35:03,200
NaN,8.303280587,15770,BUY,NaN,8.306320819,688387.SH,3.950952305,7.609649688,NaN,NaN,8.3,20251212,09:39:01,1900
NaN,39.63068228,166668,BUY,NaN,39.65771535,000063.SZ,-13.16526907,-6.339697342,NaN,NaN,39.68285714,20251211,09:39:01,4200
NaN,49.00377333,44080,BUY,NaN,49.00472945,000733.SZ,5.304806302,5.499810766,NaN,NaN,48.97777778,20251211,09:39:09,900
NaN,16.52797103,23123,BUY,NaN,16.52874307,000801.SZ,6.983588315,7.450355975,NaN,NaN,16.51642857,20251211,09:39:01,1400
NaN,25.2574391,65711,BUY,NaN,25.26263282,000938.SZ,-6.343651243,-4.286455127,NaN,NaN,25.27346154,20251211,09:39:11,2600
NaN,45.46559863,72769,BUY,NaN,45.46775768,002025.SZ,-3.304998788,-2.829987074,NaN,NaN,45.480625,20251211,09:39:01,1600
NaN,37.65358005,30053,BUY,NaN,37.63561208,002046.SZ,23.19302618,18.42990731,NaN,NaN,37.56625,20251211,09:39:01,800
NaN,77.23785819,46369,BUY,NaN,77.24818151,002049.SZ,-5.671892346,-4.334750562,NaN,NaN,77.28166667,20251211,09:39:01,600
NaN,32.22612482,122237,BUY,NaN,32.22845397,002151.SZ,18.15087664,18.87226457,NaN,NaN,32.16763158,20251211,09:39:01,3800
NaN,33.36578469,96782,BUY,NaN,33.36369486,002179.SZ,-2.193491049,-2.820009046,NaN,NaN,33.37310345,20251211,09:39:03,2900
NaN,12.84715055,6427,BUY,NaN,12.84892854,002194.SZ,-5.331494487,-3.946987368,NaN,NaN,12.854,20251211,09:39:03,500
NaN,18.66901507,11200,BUY,NaN,18.66608689,002268.SZ,1.257912997,-0.310604035,NaN,NaN,18.66666667,20251211,09:39:08,600
NaN,67.20492316,40409,BUY,NaN,67.23707194,002281.SZ,-21.33923687,-16.54762638,NaN,NaN,67.34833333,20251211,09:39:01,600
NaN,54.89305233,43985,BUY,NaN,54.94019617,002338.SZ,-16.06718241,-7.472457644,NaN,NaN,54.98125,20251211,09:39:03,800
NaN,29.8853757,17964,BUY,NaN,29.89356182,002396.SZ,-18.27793538,-15.53450743,NaN,NaN,29.94,20251211,09:39:02,600
NaN,8.401378216,87299,BUY,NaN,8.402247989,002405.SZ,8.621919027,9.656194398,NaN,NaN,8.394134615,20251211,09:39:11,10400
NaN,13.68007689,106432,BUY,NaN,13.68340141,002465.SZ,25.54713878,27.97053156,NaN,NaN,13.64512821,20251211,09:39:01,7800
NaN,31.92390822,15934,BUY,NaN,31.92636364,002544.SZ,17.51296255,18.28070275,NaN,NaN,31.868,20251211,09:39:01,500
NaN,11.11294299,26708,BUY,NaN,11.11246961,002583.SZ,-13.84902253,-14.27560266,NaN,NaN,11.12833333,20251211,09:40:01,2400
NaN,44.79720989,8983,BUY,NaN,44.87633277,002881.SZ,-26.29407235,-8.6163976,NaN,NaN,44.915,20251211,09:36:04,200
NaN,40.57127558,8122,BUY,NaN,40.60311579,002929.SZ,-9.544788181,-1.695488238,NaN,NaN,40.61,20251211,09:36:03,200
NaN,73.70410852,14651,BUY,NaN,73.24823069,003031.SZ,60.9339866,-0.924159821,NaN,NaN,73.255,20251211,09:36:01,200
1.338187962,NaN,2675813.2,SELL,1.338254827,NaN,159218.SZ,NaN,NaN,-2.10256003,-2.602099823,1.3379066,20251211,13:29:46,2000000
1.250070791,NaN,2501653,SELL,1.250067307,NaN,159583.SZ,NaN,NaN,6.045329808,6.07321787,1.2508265,20251211,13:29:38,2000000
NaN,17.01209134,74734,BUY,NaN,17.00941893,300036.SZ,15.92475568,14.35612414,NaN,NaN,16.985,20251211,09:39:18,4400
NaN,24.93773881,52202,BUY,NaN,24.94759509,300045.SZ,31.93696736,35.87514129,NaN,NaN,24.85809524,20251211,09:39:01,2100
NaN,18.72098426,44593,BUY,NaN,18.673796,300053.SZ,75.0855796,50.00554469,NaN,NaN,18.58041667,20251211,09:39:01,2400
NaN,5.325239041,20247,BUY,NaN,5.325116438,300079.SZ,-5.481168484,-5.711530285,NaN,NaN,5.328157895,20251211,09:40:01,3800
NaN,23.46235412,28104,BUY,NaN,23.4628786,300101.SZ,18.05194874,18.27507996,NaN,NaN,23.42,20251211,09:39:01,1200
NaN,35.17717638,28075,BUY,NaN,35.15053486,300136.SZ,23.71605239,16.15476306,NaN,NaN,35.09375,20251211,09:39:07,800
NaN,616.6242176,742165,BUY,NaN,617.0286533,300308.SZ,-29.94718159,-23.37298397,NaN,NaN,618.4708333,20251211,09:39:02,1200
NaN,22.80958487,18230,BUY,NaN,22.82619381,300342.SZ,9.682276815,16.95149442,NaN,NaN,22.7875,20251211,09:39:01,800
NaN,20.16341107,16136,BUY,NaN,20.16603769,300353.SZ,-3.267767355,-1.964843262,NaN,NaN,20.17,20251211,09:39:01,800
NaN,228.0921715,137720,BUY,NaN,228.3642168,300394.SZ,-63.18330841,-51.19525959,NaN,NaN,229.5333333,20251211,09:39:01,600
NaN,17.61777091,7047,BUY,NaN,17.58775771,300416.SZ,0.15376938,-16.91079358,NaN,NaN,17.6175,20251211,09:38:02,400
NaN,27.64794571,41382,BUY,NaN,27.6786583,300455.SZ,21.68179571,32.75386508,NaN,NaN,27.588,20251211,09:39:01,1500
NaN,430.3840483,560236,BUY,NaN,430.719932,300502.SZ,-13.16779636,-5.359335161,NaN,NaN,430.9507692,20251211,09:39:01,1300
NaN,139.2080801,42083,BUY,NaN,140.3713399,300548.SZ,-76.76181897,6.744487499,NaN,NaN,140.2766667,20251211,09:37:02,300
NaN,36.59612913,3636,BUY,NaN,36.38639098,300563.SZ,64.5229793,7.252980231,NaN,NaN,36.36,20251211,09:35:03,100
NaN,124.1296142,25103,BUY,NaN,125.4741526,300570.SZ,-111.6079999,-3.255443793,NaN,NaN,125.515,20251211,09:36:01,200
NaN,25.49064969,96758,BUY,NaN,25.50677074,300593.SZ,10.99152373,17.30488117,NaN,NaN,25.46263158,20251211,09:39:01,3800
NaN,177.027865,35703,BUY,NaN,179.0495954,300620.SZ,-84.00569909,29.85739124,NaN,NaN,178.515,20251211,09:36:01,200
NaN,31.02177966,170610,BUY,NaN,31.01390258,300627.SZ,0.573681148,-1.966029395,NaN,NaN,31.02,20251211,09:39:01,5500
NaN,34.89064423,24403,BUY,NaN,34.89022825,300628.SZ,8.373494599,8.254368085,NaN,NaN,34.86142857,20251211,09:39:01,700
NaN,29.04869647,17447,BUY,NaN,29.06421726,300638.SZ,-10.20247555,-4.856858195,NaN,NaN,29.07833333,20251211,09:39:01,600
NaN,105.1252173,41978,BUY,NaN,105.2264186,300672.SZ,17.14310965,26.744097,NaN,NaN,104.945,20251211,09:38:01,400
NaN,42.30004623,16906,BUY,NaN,42.35076204,300726.SZ,8.285151806,20.25041288,NaN,NaN,42.265,20251211,09:38:01,400
NaN,69.86254814,27970,BUY,NaN,69.87624636,300782.SZ,-8.939247569,-6.977140271,NaN,NaN,69.925,20251211,09:38:01,400
NaN,55.52660875,5559,BUY,NaN,55.62919831,300913.SZ,-11.41637408,7.046355767,NaN,NaN,55.59,20251211,09:35:03,100
NaN,85.25309578,8605,BUY,NaN,86.12464286,301165.SZ,-93.475107,8.666840833,NaN,NaN,86.05,20251211,09:35:01,100
NaN,136.1346517,13736,BUY,NaN,137.5462389,301205.SZ,-90.01002114,13.54009673,NaN,NaN,137.36,20251211,09:35:01,100
NaN,14.16708621,2833,BUY,NaN,14.16164557,301339.SZ,1.472573023,-2.368672739,NaN,NaN,14.165,20251211,09:37:01,200
3.010514426,NaN,3012672.1,SELL,3.010508919,NaN,515880.SH,NaN,NaN,7.167125682,7.185433928,3.0126721,20251211,13:29:43,1000000
NaN,21.03999998,33664,BUY,NaN,21.03999998,600105.SH,-8.53582E-06,-1.0701E-05,NaN,NaN,21.04,20251211,09:57:10,1600
NaN,8.622656196,7766,BUY,NaN,8.623000988,600198.SH,-7.228274541,-6.828134568,NaN,NaN,8.628888889,20251211,09:39:01,900
NaN,28.78797085,5773,BUY,NaN,28.8533125,600345.SH,-26.75740746,-4.050661428,NaN,NaN,28.865,20251211,09:36:04,200
NaN,20.5307004,57518,BUY,NaN,20.5322295,600487.SH,-5.573340377,-4.828194788,NaN,NaN,20.54214286,20251211,09:39:03,2800
NaN,24.67071972,27171,BUY,NaN,24.67071972,600498.SH,-12.23692316,-12.23692316,NaN,NaN,24.70090909,20251211,09:40:01,1100
NaN,17.10016786,65015,BUY,NaN,17.09606933,600522.SH,-5.288056047,-7.686677113,NaN,NaN,17.10921053,20251211,09:39:01,3800
NaN,38.82951061,46651,BUY,NaN,38.82982778,600745.SH,-11.92977306,-11.84799425,NaN,NaN,38.87583333,20251211,09:40:01,1200
NaN,13.81188258,9649,BUY,NaN,13.81047638,600776.SH,19.98052596,18.9643483,NaN,NaN,13.78428571,20251211,09:39:01,700
NaN,64.29299619,360590,BUY,NaN,64.3178053,601138.SH,-15.25441977,-11.39126765,NaN,NaN,64.39107143,20251211,09:39:01,5600
NaN,100.5048763,20003,BUY,NaN,99.66871563,601869.SH,48.74154741,-34.74353656,NaN,NaN,100.015,20251211,09:36:01,200
NaN,115.612608,46454,BUY,NaN,116.0560198,603083.SH,-45.18469303,-6.805348717,NaN,NaN,116.135,20251211,09:38:01,400
NaN,91.16130579,27435,BUY,NaN,91.46838346,603236.SH,-31.66850283,2.009815627,NaN,NaN,91.45,20251211,09:37:02,300
NaN,44.59511371,13420,BUY,NaN,44.72901742,603341.SH,-30.9943428,-0.964902672,NaN,NaN,44.73333333,20251211,09:37:01,300
NaN,27.61841969,8310,BUY,NaN,27.70760987,603496.SH,-29.53837033,2.746491025,NaN,NaN,27.7,20251211,09:37:02,300
NaN,21.37790713,12805,BUY,NaN,21.35892059,603712.SH,16.95229539,8.078089325,NaN,NaN,21.34166667,20251211,09:39:01,600
NaN,66.36889644,39854,BUY,NaN,66.46642896,688036.SH,-8.202169135,6.483819227,NaN,NaN,66.42333333,20251211,09:37:04,600
NaN,35.54141037,7104,BUY,NaN,35.52,688100.SH,6.024063774,0,NaN,NaN,35.52,20251211,09:35:02,200
NaN,25.87431325,5174,BUY,NaN,25.88629876,688182.SH,1.667000739,6.29628949,NaN,NaN,25.87,20251211,09:35:03,200
NaN,7.433099594,14132.2,BUY,NaN,7.435131296,688387.SH,-6.592681106,-3.858309183,NaN,NaN,7.438,20251211,09:39:02,1900
NaN,48.6131977,19426,BUY,NaN,48.60059559,000733.SZ,9.914530176,7.324106394,NaN,NaN,48.565,20251210,09:38:03,400
NaN,16.22075337,9728,BUY,NaN,16.22073282,000801.SZ,4.574409609,4.561745224,NaN,NaN,16.21333333,20251210,09:40:00,600
NaN,43.79850768,52560,BUY,NaN,43.77423467,002025.SZ,-0.340723204,-5.885958398,NaN,NaN,43.8,20251210,09:39:01,1200
NaN,36.4231646,29129,BUY,NaN,36.39276268,002046.SZ,3.271161369,-5.079943032,NaN,NaN,36.41125,20251210,09:39:03,800
NaN,76.15330601,45655,BUY,NaN,76.14557231,002049.SZ,8.094112476,7.079287314,NaN,NaN,76.09166667,20251210,09:39:02,600
NaN,31.45761252,119537,BUY,NaN,31.4609351,002151.SZ,0.161250134,1.217332038,NaN,NaN,31.45710526,20251210,09:39:49,3800
NaN,32.85458989,39442,BUY,NaN,32.85789163,002179.SZ,-4.183113475,-3.177838376,NaN,NaN,32.86833333,20251210,09:39:01,1200
NaN,18.52779332,11124,BUY,NaN,18.52786198,002268.SZ,-6.588307538,-6.551223369,NaN,NaN,18.54,20251210,09:40:01,600
NaN,52.98412343,31758,BUY,NaN,53.00801051,002338.SZ,10.21502788,14.71673901,NaN,NaN,52.93,20251210,09:39:11,600
NaN,8.258930149,85904,BUY,NaN,8.259004676,002405.SZ,-1.295386496,-1.205138225,NaN,NaN,8.26,20251210,09:40:01,10400
NaN,12.86280767,66859,BUY,NaN,12.85899725,002465.SZ,4.126370686,1.164357839,NaN,NaN,12.8575,20251210,09:39:02,5200
NaN,11.07227027,11076,BUY,NaN,11.07242602,002583.SZ,-3.368535199,-3.22781641,NaN,NaN,11.076,20251210,09:40:01,1000
1.308954305,NaN,2618393.2,SELL,1.308992011,NaN,159218.SZ,NaN,NaN,1.851059739,1.562950494,1.3091966,20251210,13:29:40,2000000
NaN,16.83516917,74072,BUY,NaN,16.84168351,300036.SZ,0.370481475,4.238327654,NaN,NaN,16.83454545,20251210,09:39:01,4400
NaN,24.21509473,33880,BUY,NaN,24.21000486,300045.SZ,6.233604042,4.132530074,NaN,NaN,24.2,20251210,09:39:04,1400
NaN,17.00970315,40835,BUY,NaN,17.01139759,300053.SZ,-2.86905668,-1.872711922,NaN,NaN,17.01458333,20251210,09:39:58,2400
NaN,5.350302806,20333,BUY,NaN,5.354472847,300079.SZ,-0.909608268,6.879059488,NaN,NaN,5.350789474,20251210,09:39:11,3800
NaN,23.10021259,27727,BUY,NaN,23.10347038,300101.SZ,-2.43320095,-1.022768449,NaN,NaN,23.10583333,20251210,09:39:01,1200
NaN,34.49256928,27645,BUY,NaN,34.54478801,300136.SZ,-18.46215681,-3.318008908,NaN,NaN,34.55625,20251210,09:39:01,800
NaN,22.37909525,17916,BUY,NaN,22.38240609,300342.SZ,-7.106968737,-5.626699501,NaN,NaN,22.395,20251210,09:39:02,800
NaN,17.1316951,6819,BUY,NaN,17.06800404,300416.SZ,49.14580867,12.01314424,NaN,NaN,17.0475,20251210,09:38:06,400
NaN,27.20484384,27160,BUY,NaN,27.19119352,300455.SZ,16.48376924,11.47192047,NaN,NaN,27.16,20251210,09:39:01,1000
NaN,25.81577881,97996,BUY,NaN,25.83409226,300593.SZ,10.59730076,17.67865924,NaN,NaN,25.78842105,20251210,09:39:04,3800
NaN,30.99279056,148843,BUY,NaN,30.98541554,300627.SZ,-5.216623237,-7.598024889,NaN,NaN,31.00895833,20251210,09:39:34,4800
NaN,100.3093835,40193,BUY,NaN,100.4124833,300672.SZ,-17.2582537,-6.972912012,NaN,NaN,100.4825,20251210,09:38:01,400
NaN,41.48041364,8261,BUY,NaN,41.26692913,300726.SZ,42.28830611,-9.225514702,NaN,NaN,41.305,20251210,09:36:01,200
NaN,68.66358456,27466,BUY,NaN,68.65819214,300782.SZ,-0.20614124,-0.991558944,NaN,NaN,68.665,20251210,09:38:01,400
NaN,42.78120896,179217,BUY,NaN,42.69721351,000063.SZ,25.82785173,6.206312206,NaN,NaN,42.67071429,20251209,09:39:02,4200
NaN,18.17827864,76330,BUY,NaN,18.17033956,000519.SZ,2.458494295,-1.909687775,NaN,NaN,18.17380952,20251209,09:39:02,4200
NaN,22.49988663,141528,BUY,NaN,22.48220817,000547.SZ,15.61106976,7.760033403,NaN,NaN,22.4647619,20251209,09:39:01,6300
NaN,48.5660788,43684,BUY,NaN,48.54554739,000733.SZ,5.827322961,1.600477956,NaN,NaN,48.53777778,20251209,09:39:08,900
NaN,18.99213015,62706,BUY,NaN,18.98955265,000738.SZ,-5.101077093,-6.459092811,NaN,NaN,19.00181818,20251209,09:39:01,3300
NaN,24.00574399,151239,BUY,NaN,24.00560189,000768.SZ,-0.185989623,-0.245187734,NaN,NaN,24.00619048,20251209,09:39:17,6300
NaN,16.30717649,22837,BUY,NaN,16.31471877,000801.SZ,-3.045509404,1.57888641,NaN,NaN,16.31214286,20251209,09:39:06,1400
NaN,25.86407199,67235,BUY,NaN,25.85125538,000938.SZ,1.723085707,-3.233888143,NaN,NaN,25.85961538,20251209,09:39:03,2600
NaN,13.40889447,40224,BUY,NaN,13.40855585,002023.SZ,0.667069114,0.41454873,NaN,NaN,13.408,20251209,09:39:20,3000
NaN,44.26013613,70702,BUY,NaN,44.19891702,002025.SZ,16.12876349,2.300286312,NaN,NaN,44.18875,20251209,09:39:04,1600
NaN,36.00317108,28783,BUY,NaN,35.9725317,002046.SZ,6.783036482,-1.728623262,NaN,NaN,35.97875,20251209,09:39:01,800
NaN,77.23200699,46369,BUY,NaN,77.2094301,002049.SZ,-6.429935215,-9.355925946,NaN,NaN,77.28166667,20251209,09:39:01,600
NaN,9.95585334,14941,BUY,NaN,9.950353852,002111.SZ,-4.83467045,-10.36426945,NaN,NaN,9.960666667,20251209,09:39:02,1500
NaN,31.81113717,120886,BUY,NaN,31.80966085,002151.SZ,-0.304324824,-0.768451121,NaN,NaN,31.81210526,20251209,09:39:05,3800
NaN,33.39931953,96883,BUY,NaN,33.3993366,002179.SZ,-2.578346344,-2.573236292,NaN,NaN,33.40793103,20251209,09:39:01,2900
NaN,12.88111081,6438,BUY,NaN,12.88449829,002194.SZ,3.967676774,6.595751149,NaN,NaN,12.876,20251209,09:39:01,500
NaN,27.19842597,32635,BUY,NaN,27.20220844,002265.SZ,0.953232014,2.343599983,NaN,NaN,27.19583333,20251209,09:39:11,1200
NaN,18.54943655,11135,BUY,NaN,18.54550351,002268.SZ,-4.796256964,-6.918024102,NaN,NaN,18.55833333,20251209,09:39:07,600
NaN,66.09463973,39653,BUY,NaN,66.05676028,002281.SZ,0.954146849,-4.779685133,NaN,NaN,66.08833333,20251209,09:39:01,600
NaN,53.34647572,42660,BUY,NaN,53.3243362,002338.SZ,4.025704749,-0.124482939,NaN,NaN,53.325,20251209,09:39:01,800
NaN,22.516135,67578,BUY,NaN,22.51180183,002389.SZ,-4.381301354,-6.306988013,NaN,NaN,22.526,20251209,09:39:02,3000
NaN,30.61461704,18372,BUY,NaN,30.65033584,002396.SZ,-1.758296325,9.897392964,NaN,NaN,30.62,20251209,09:39:01,600
NaN,8.41501177,87569,BUY,NaN,8.417332729,002405.SZ,-6.042040111,-3.283017008,NaN,NaN,8.420096154,20251209,09:39:33,10400
NaN,12.65068078,98704,BUY,NaN,12.65466808,002465.SZ,-2.907504867,0.244258895,NaN,NaN,12.65435897,20251209,09:39:01,7800
NaN,30.26941471,15132,BUY,NaN,30.28003522,002544.SZ,1.788837831,5.295642212,NaN,NaN,30.264,20251209,09:39:01,500
NaN,11.37007311,27289,BUY,NaN,11.37291596,002583.SZ,-0.302155488,2.19757995,NaN,NaN,11.37041667,20251209,09:39:31,2400
NaN,49.97970453,344889,BUY,NaN,49.97648241,002625.SZ,-0.842044823,-1.486825615,NaN,NaN,49.98391304,20251209,09:39:01,6900
NaN,47.13801922,9442,BUY,NaN,47.23298326,002881.SZ,-15.27021727,4.865933855,NaN,NaN,47.21,20251209,09:36:01,200
NaN,41.74669729,8375,BUY,NaN,41.91485779,002929.SZ,-30.73361978,9.509227764,NaN,NaN,41.875,20251209,09:36:02,200
NaN,18.99821364,22771,BUY,NaN,18.98972127,002935.SZ,11.78021402,7.313398352,NaN,NaN,18.97583333,20251209,09:39:01,1200
NaN,28.40130747,25557,BUY,NaN,28.40446445,002985.SZ,1.634008767,2.745267015,NaN,NaN,28.39666667,20251209,09:39:01,900
1.301728184,NaN,2603470,SELL,1.301721403,NaN,159218.SZ,NaN,NaN,0.052360515,0.104456321,1.301735,20251209,13:29:39,2000000
1.181317518,NaN,3543465,SELL,1.181313666,NaN,159227.SZ,NaN,NaN,-1.375734157,-1.343128874,1.181155,20251209,13:29:31,3000000
1.246211947,NaN,2491076.8,SELL,1.246237941,NaN,159583.SZ,NaN,NaN,-5.404756799,-5.613220071,1.2455384,20251209,13:29:31,2000000
NaN,17.31144343,41551,BUY,NaN,17.31485291,300034.SZ,-0.851021525,1.118252926,NaN,NaN,17.31291667,20251209,09:39:12,2400
NaN,17.44171696,76769,BUY,NaN,17.43509013,300036.SZ,-3.315637416,-7.117754212,NaN,NaN,17.4475,20251209,09:39:05,4400
NaN,24.26328537,108954,BUY,NaN,24.2352221,300045.SZ,21.1370259,9.581962955,NaN,NaN,24.212,20251209,09:39:01,4500
NaN,17.03005198,40837,BUY,NaN,17.02230255,300053.SZ,8.593814385,4.045210049,NaN,NaN,17.01541667,20251209,09:39:01,2400
NaN,18.04323333,59562,BUY,NaN,18.0429664,300065.SZ,-3.246413641,-3.394401588,NaN,NaN,18.04909091,20251209,09:39:07,3300
NaN,5.540292542,21083,BUY,NaN,5.540595809,300079.SZ,-14.19663833,-13.64850615,NaN,NaN,5.548157895,20251209,09:39:46,3800
NaN,23.45518843,77259,BUY,NaN,23.45136444,300101.SZ,18.49068533,16.86309388,NaN,NaN,23.41181818,20251209,09:39:02,3300
NaN,8.128443987,34122,BUY,NaN,8.132644277,300123.SZ,5.115706118,10.27779186,NaN,NaN,8.124285714,20251209,09:39:01,4200
NaN,34.09256004,27195,BUY,NaN,34.07488037,300136.SZ,28.98287419,23.80943705,NaN,NaN,33.99375,20251209,09:39:03,800
NaN,575.985227,691010,BUY,NaN,576.1957283,300308.SZ,2.492431399,6.144815375,NaN,NaN,575.8416667,20251209,09:39:01,1200
NaN,22.98016599,18426,BUY,NaN,23.01463879,300342.SZ,-22.77355638,-7.760804004,NaN,NaN,23.0325,20251209,09:39:01,800
NaN,20.6823188,16540,BUY,NaN,20.68405607,300353.SZ,3.538673109,4.378286171,NaN,NaN,20.675,20251209,09:39:05,800
NaN,234.0854183,140572,BUY,NaN,234.2805152,300394.SZ,-8.597217334,-0.262567613,NaN,NaN,234.2866667,20251209,09:39:26,600
NaN,14.5603421,26218,BUY,NaN,14.55883955,300397.SZ,-3.580588973,-4.613008455,NaN,NaN,14.56555556,20251209,09:39:01,1800
NaN,16.91341532,6763,BUY,NaN,16.90566081,300416.SZ,3.497415391,-1.087915302,NaN,NaN,16.9075,20251209,09:39:01,400
NaN,17.85458582,21447,BUY,NaN,17.8559971,300424.SZ,-10.03337951,-9.242216714,NaN,NaN,17.8725,20251209,09:39:01,1200
NaN,28.4995354,42666,BUY,NaN,28.47360857,300455.SZ,19.48642435,10.39860154,NaN,NaN,28.444,20251209,09:39:01,1500
NaN,408.237513,531600,BUY,NaN,408.7033356,300502.SZ,-16.793262,-5.3765473,NaN,NaN,408.9230769,20251209,09:39:01,1300
NaN,131.7270757,39555,BUY,NaN,131.5816196,300548.SZ,-9.331738765,-20.3964957,NaN,NaN,131.85,20251209,09:37:02,300
NaN,39.70904614,3989,BUY,NaN,39.92180392,300563.SZ,-45.5699347,7.966554225,NaN,NaN,39.89,20251209,09:35:04,100
NaN,127.6669647,25477,BUY,NaN,128.1677071,300570.SZ,22.08595952,61.0689801,NaN,NaN,127.385,20251209,09:36:01,200
NaN,26.78069874,101674,BUY,NaN,26.77735989,300593.SZ,9.104671385,7.858917147,NaN,NaN,26.75631579,20251209,09:39:01,3800
NaN,174.4920862,34576,BUY,NaN,173.652071,300620.SZ,92.3873544,44.4607996,NaN,NaN,172.88,20251209,09:36:01,200
NaN,31.77281349,174812,BUY,NaN,31.77607823,300627.SZ,-3.520781753,-2.492998721,NaN,NaN,31.784,20251209,09:39:03,5500
NaN,34.79768417,24343,BUY,NaN,34.79712,300628.SZ,6.313605083,6.151576419,NaN,NaN,34.77571429,20251209,09:39:10,700
NaN,19.50075923,17545,BUY,NaN,19.50374483,300629.SZ,3.238226179,4.768513583,NaN,NaN,19.49444444,20251209,09:39:29,900
NaN,30.0544452,18092,BUY,NaN,30.04751908,300638.SZ,-32.90299668,-35.21563686,NaN,NaN,30.15333333,20251209,09:39:01,600
NaN,99.43681675,39742,BUY,NaN,99.32764926,300672.SZ,8.228013716,-2.753587393,NaN,NaN,99.355,20251209,09:39:01,400
NaN,41.76378937,16700,BUY,NaN,41.7378123,300726.SZ,3.301753334,-2.920062758,NaN,NaN,41.75,20251209,09:38:01,400
NaN,33.3815832,90181,BUY,NaN,33.42154782,300762.SZ,-5.628005195,6.336465216,NaN,NaN,33.40037037,20251209,09:39:01,2700
NaN,28.70330795,51657,BUY,NaN,28.70076034,300775.SZ,1.733116636,0.845626201,NaN,NaN,28.69833333,20251209,09:39:01,1800
NaN,70.1281807,28024,BUY,NaN,70.08795582,300782.SZ,9.722296312,3.988676155,NaN,NaN,70.06,20251209,09:38:03,400
NaN,22.81980836,20551,BUY,NaN,22.80697495,300900.SZ,-6.41376157,-12.04433799,NaN,NaN,22.83444444,20251209,09:39:01,900
NaN,57.35295429,5740,BUY,NaN,57.47298246,300913.SZ,-8.202839253,12.69856775,NaN,NaN,57.4,20251209,09:35:01,100
NaN,47.47113593,42722,BUY,NaN,47.45676819,301050.SZ,0.473347872,-2.554049594,NaN,NaN,47.46888889,20251209,09:39:01,900
NaN,87.80111699,8909,BUY,NaN,89.19903614,301165.SZ,-146.7957422,12.22391511,NaN,NaN,89.09,20251209,09:35:01,100
NaN,134.0869939,13404,BUY,NaN,134.3647236,301205.SZ,3.504732452,24.16732676,NaN,NaN,134.04,20251209,09:35:01,100
NaN,14.44207006,2889,BUY,NaN,14.44921569,301339.SZ,-2.028750929,2.917588308,NaN,NaN,14.445,20251209,09:36:03,200
NaN,77.64194113,116544,BUY,NaN,77.63947377,302132.SZ,-6.962585489,-7.280604895,NaN,NaN,77.696,20251209,09:39:06,1500
NaN,42.0689758,176635,BUY,NaN,42.06406942,000063.SZ,3.09573041,1.92968351,NaN,NaN,42.05595238,20251208,09:39:01,4200
NaN,48.6992597,43812,BUY,NaN,48.70270676,000733.SZ,3.954823161,4.662319005,NaN,NaN,48.68,20251208,09:39:09,900
NaN,16.32357306,22831,BUY,NaN,16.31875703,000801.SZ,9.627741634,6.679363347,NaN,NaN,16.30785714,20251208,09:39:02,1400
NaN,25.26343367,65614,BUY,NaN,25.26028965,000938.SZ,10.79814736,9.554842054,NaN,NaN,25.23615385,20251208,09:39:34,2600
NaN,46.25744854,73934,BUY,NaN,46.26352573,002025.SZ,10.52771871,11.83993829,NaN,NaN,46.20875,20251208,09:39:01,1600
NaN,35.63572728,28390,BUY,NaN,35.63461736,002046.SZ,41.59513336,41.28495487,NaN,NaN,35.4875,20251208,09:39:01,800
NaN,77.10378496,46256,BUY,NaN,77.09666061,002049.SZ,1.355526873,0.431572344,NaN,NaN,77.09333333,20251208,09:39:07,600
NaN,31.78008472,120707,BUY,NaN,31.80788431,002151.SZ,4.746595663,13.48229052,NaN,NaN,31.765,20251208,09:39:01,3800
NaN,33.86423498,98218,BUY,NaN,33.85896756,002179.SZ,-1.193259125,-2.749138287,NaN,NaN,33.86827586,20251208,09:39:01,2900
NaN,12.73895679,6363,BUY,NaN,12.74319374,002194.SZ,10.17099865,13.49248802,NaN,NaN,12.726,20251208,09:39:01,500
NaN,18.47574486,11089,BUY,NaN,18.48612258,002268.SZ,-3.205181295,2.410410777,NaN,NaN,18.48166667,20251208,09:39:01,600
NaN,63.94780077,38243,BUY,NaN,63.8866592,002281.SZ,32.75600395,23.21703213,NaN,NaN,63.73833333,20251208,09:39:01,600
NaN,52.98770105,42400,BUY,NaN,53.02027679,002338.SZ,-2.321095425,3.824346699,NaN,NaN,53,20251208,09:39:04,800
NaN,27.60835111,16552,BUY,NaN,27.60841655,002396.SZ,7.854304922,7.87799144,NaN,NaN,27.58666667,20251208,09:39:15,600
NaN,8.507137659,88441,BUY,NaN,8.503574771,002405.SZ,3.756082345,-0.432214208,NaN,NaN,8.503942308,20251208,09:39:02,10400
NaN,12.87653145,100172,BUY,NaN,12.86583499,002465.SZ,26.37926824,18.08735447,NaN,NaN,12.8425641,20251208,09:39:01,7800
NaN,31.09574789,15570,BUY,NaN,31.16577438,002544.SZ,-14.23092132,8.270092148,NaN,NaN,31.14,20251208,09:39:01,500
NaN,11.53538709,27672,BUY,NaN,11.53889336,002583.SZ,4.670057265,7.70728718,NaN,NaN,11.53,20251208,09:39:03,2400
NaN,47.05586084,9406,BUY,NaN,46.98582278,002881.SZ,5.495774188,-9.402243607,NaN,NaN,47.03,20251208,09:36:07,200
NaN,40.67952765,8139,BUY,NaN,40.6420462,002929.SZ,-3.803473424,-13.02931332,NaN,NaN,40.695,20251208,09:36:03,200
1.326739379,NaN,2654916.2,SELL,1.326743791,NaN,159218.SZ,NaN,NaN,5.417197911,5.383923905,1.3274581,20251208,13:29:34,2000000
1.224263295,NaN,2447923.9,SELL,1.224203388,NaN,159583.SZ,NaN,NaN,-2.461436877,-1.972208707,1.22396195,20251208,13:29:32,2000000
NaN,17.7018703,77834,BUY,NaN,17.7016012,300036.SZ,6.962451783,6.810540355,NaN,NaN,17.68954545,20251208,09:39:04,4400
NaN,24.52475153,51424,BUY,NaN,24.52637022,300045.SZ,15.14081811,15.79980091,NaN,NaN,24.48761905,20251208,09:39:01,2100
NaN,17.87497729,42946,BUY,NaN,17.93254392,300053.SZ,-10.73533037,21.40089767,NaN,NaN,17.89416667,20251208,09:39:01,2400
NaN,5.601994097,21287,BUY,NaN,5.602040263,300079.SZ,0.271317506,0.353724692,NaN,NaN,5.601842105,20251208,09:39:45,3800
NaN,23.90364166,28646,BUY,NaN,23.91318495,300101.SZ,13.37661887,17.3620876,NaN,NaN,23.87166667,20251208,09:39:01,1200
NaN,34.70194557,27711,BUY,NaN,34.69652843,300136.SZ,18.21095909,16.65250954,NaN,NaN,34.63875,20251208,09:39:01,800
NaN,556.3267925,666771,BUY,NaN,555.8532253,300308.SZ,12.30018944,3.791024443,NaN,NaN,555.6425,20251208,09:39:01,1200
NaN,23.71128862,18863,BUY,NaN,23.65785494,300342.SZ,55.89684249,33.4370731,NaN,NaN,23.57875,20251208,09:39:01,800
NaN,20.65409375,16526,BUY,NaN,20.65807171,300353.SZ,-1.649188796,0.276746753,NaN,NaN,20.6575,20251208,09:39:03,800
NaN,211.4581184,126246,BUY,NaN,211.2077915,300394.SZ,49.56624273,37.77282529,NaN,NaN,210.41,20251208,09:39:08,600
NaN,16.88325978,6741,BUY,NaN,16.88810787,300416.SZ,18.21910139,21.08458085,NaN,NaN,16.8525,20251208,09:38:04,400
NaN,29.79800057,44523,BUY,NaN,29.80356456,300455.SZ,38.92897695,40.7885966,NaN,NaN,29.682,20251208,09:39:05,1500
NaN,385.6436525,500568,BUY,NaN,385.12208,300502.SZ,15.33396892,1.8116923,NaN,NaN,385.0523077,20251208,09:39:01,1300
NaN,124.7856614,37213,BUY,NaN,124.1373767,300548.SZ,59.48824779,7.575747139,NaN,NaN,124.0433333,20251208,09:37:01,300
NaN,38.66121336,3840,BUY,NaN,38.39198864,300563.SZ,67.56470695,-2.086727966,NaN,NaN,38.4,20251208,09:35:01,100
NaN,115.9693309,22904,BUY,NaN,114.1788471,300570.SZ,124.9753622,-29.87881846,NaN,NaN,114.52,20251208,09:36:01,200
NaN,25.6402994,97669,BUY,NaN,25.69891691,300593.SZ,-24.20760338,-1.343058631,NaN,NaN,25.70236842,20251208,09:39:01,3800
NaN,153.5027793,30487,BUY,NaN,152.3840268,300620.SZ,69.56091243,-3.345045657,NaN,NaN,152.435,20251208,09:36:13,200
NaN,32.30024244,177628,BUY,NaN,32.31018526,300627.SZ,1.313438353,4.390337349,NaN,NaN,32.296,20251208,09:39:01,5500
NaN,34.5283519,24158,BUY,NaN,34.5251353,300628.SZ,4.901285431,3.970073188,NaN,NaN,34.51142857,20251208,09:39:06,700
NaN,29.6992,17802,BUY,NaN,29.70682654,300638.SZ,9.831913498,12.39665806,NaN,NaN,29.67,20251208,09:39:01,600
NaN,96.87582587,38733,BUY,NaN,96.89098051,300672.SZ,4.472310228,6.035702318,NaN,NaN,96.8325,20251208,09:38:01,400
NaN,41.90264868,16763,BUY,NaN,41.91675209,300726.SZ,-1.157759539,2.207252556,NaN,NaN,41.9075,20251208,09:38:01,400
NaN,70.35298634,28130,BUY,NaN,70.35046547,300782.SZ,3.97798893,3.619800565,NaN,NaN,70.325,20251208,09:38:01,400
NaN,55.69663715,5539,BUY,NaN,55.37036364,300913.SZ,55.05487641,-3.546367108,NaN,NaN,55.39,20251208,09:35:01,100
NaN,76.15544889,7565,BUY,NaN,75.65957746,301165.SZ,66.37067915,1.265862844,NaN,NaN,75.65,20251208,09:35:01,100
NaN,124.4503159,12349,BUY,NaN,123.2648649,301205.SZ,77.1646023,-18.26433959,NaN,NaN,123.49,20251208,09:35:01,100
NaN,14.41014934,2881,BUY,NaN,14.39616279,301339.SZ,3.573412163,-6.138586671,NaN,NaN,14.405,20251208,09:36:17,200
2.959416021,NaN,2957460.8,SELL,2.95927701,NaN,515880.SH,NaN,NaN,-6.606778468,-6.137342654,2.9574608,20251208,13:29:39,1000000
NaN,17.97160048,28704,BUY,NaN,17.95252326,600105.SH,17.58356345,6.975767891,NaN,NaN,17.94,20251208,09:39:01,1600
NaN,8.760942857,7892,BUY,NaN,8.76347008,600198.SH,-9.06983629,-6.183404992,NaN,NaN,8.768888889,20251208,09:39:02,900
NaN,28.99487602,5812,BUY,NaN,28.97922307,600345.SH,-22.46051431,-27.87408571,NaN,NaN,29.06,20251208,09:36:01,200
NaN,20.2896012,56773,BUY,NaN,20.27807209,600487.SH,6.668329222,0.986611539,NaN,NaN,20.27607143,20251208,09:39:01,2800
NaN,24.73384024,27121,BUY,NaN,24.72487085,600498.SH,31.69168115,28.0754987,NaN,NaN,24.65545455,20251208,09:39:01,1100
NaN,16.77163187,63716,BUY,NaN,16.77152295,600522.SH,2.542057955,2.477132718,NaN,NaN,16.76736842,20251208,09:40:01,3800
NaN,38.98817406,46779,BUY,NaN,38.98275631,600745.SH,1.45532908,0.065749487,NaN,NaN,38.9825,20251208,09:39:01,1200
NaN,13.71004415,9593,BUY,NaN,13.70509261,600776.SH,4.200161445,0.588754558,NaN,NaN,13.70428571,20251208,09:39:01,700
NaN,60.85776328,340759,BUY,NaN,60.84770242,601138.SH,1.304985567,-0.348248259,NaN,NaN,60.84982143,20251208,09:39:01,5600
NaN,85.49927182,16981,BUY,NaN,84.83765274,601869.SH,69.5060678,-7.93836858,NaN,NaN,84.905,20251208,09:36:02,200
NaN,113.980855,45376,BUY,NaN,113.4761594,603083.SH,47.45138966,3.186520534,NaN,NaN,113.44,20251208,09:38:01,400
NaN,91.23702416,27403,BUY,NaN,91.48147009,603236.SH,-11.65197775,15.09997149,NaN,NaN,91.34333333,20251208,09:37:01,300
NaN,45.16612547,13531,BUY,NaN,45.17704848,603341.SH,13.90248453,16.31694719,NaN,NaN,45.10333333,20251208,09:37:01,300
NaN,27.78788769,8315,BUY,NaN,27.70650573,603496.SH,25.63023894,-3.667347464,NaN,NaN,27.71666667,20251208,09:37:07,300
NaN,21.77194953,15226,BUY,NaN,21.76516338,603712.SH,9.425410698,6.310454578,NaN,NaN,21.75142857,20251208,09:39:01,700
NaN,67.7669137,40588,BUY,NaN,67.64783559,688036.SH,17.74420954,0.172795817,NaN,NaN,67.64666667,20251208,09:37:22,600
NaN,35.26861408,7060,BUY,NaN,35.33218307,688100.SH,-8.899108264,9.10871342,NaN,NaN,35.3,20251208,09:35:37,200
NaN,25.8311089,5120,BUY,NaN,25.62423544,688182.SH,89.46921196,9.458014924,NaN,NaN,25.6,20251208,09:35:02,200
NaN,7.794266498,14823.8,BUY,NaN,7.805383589,688387.SH,-9.922039049,4.334943201,NaN,NaN,7.802,20251208,09:39:01,1900
1.783497934,NaN,2673795,SELL,1.783500735,NaN,512400.SH,NaN,NaN,-5.427168291,-5.442862961,1.78253,20251205,13:29:30,1500000
1.480117626,NaN,2960101.9,SELL,1.480130758,NaN,560860.SH,NaN,NaN,-0.450474391,-0.539193019,1.48005095,20251205,13:29:37,2000000
NaN,46.42313934,464660,BUY,NaN,46.42125426,600111.SH,-9.23260761,-9.639063744,NaN,NaN,46.466,20251205,09:39:03,10000
NaN,5.019719337,136986,BUY,NaN,5.019719337,600219.SH,3.819215025,3.819215025,NaN,NaN,5.017802198,20251205,09:40:01,27300
NaN,4.383502234,9210,BUY,NaN,4.383779688,600361.SH,-5.046310247,-4.413080402,NaN,NaN,4.385714286,20251205,09:39:09,2100
NaN,42.04752413,172257,BUY,NaN,42.0317089,600362.SH,7.996116638,4.236434825,NaN,NaN,42.01390244,20251205,09:39:01,4100
NaN,20.56684374,117391,BUY,NaN,20.56771063,600392.SH,-13.64747141,-13.22541595,NaN,NaN,20.59491228,20251205,09:39:01,5700
NaN,31.07703363,9327,BUY,NaN,31.06963153,600456.SH,-4.172330736,-6.555750398,NaN,NaN,31.09,20251205,09:38:01,300
NaN,22.22848473,173436,BUY,NaN,22.22436636,600489.SH,-3.104072399,-4.957738679,NaN,NaN,22.23538462,20251205,09:39:06,7800
NaN,6.531726452,77100,BUY,NaN,6.531364399,600497.SH,-3.325082732,-3.879597328,NaN,NaN,6.533898305,20251205,09:39:08,11800
NaN,35.81806373,86023,BUY,NaN,35.80766266,600547.SH,-6.938659597,-9.845379645,NaN,NaN,35.84291667,20251205,09:39:07,2400
NaN,35.71233349,128060,BUY,NaN,35.70562057,600549.SH,39.23330092,37.36060096,NaN,NaN,35.57222222,20251205,09:39:35,3600
NaN,20.20252201,76819,BUY,NaN,20.20769977,600673.SH,-6.4369691,-3.873050465,NaN,NaN,20.21552632,20251205,09:39:02,3800
NaN,30.42023941,73019,BUY,NaN,30.41668578,600988.SH,-1.427972375,-2.596453503,NaN,NaN,30.42458333,20251205,09:39:02,2400
NaN,21.11043848,12663,BUY,NaN,21.11323909,601137.SH,2.5762063,3.902332213,NaN,NaN,21.105,20251205,09:39:04,600
NaN,25.19468189,166304,BUY,NaN,25.19361015,601168.SH,-1.148600643,-1.574054792,NaN,NaN,25.19757576,20251205,09:39:01,6600
NaN,4.976736631,57765,BUY,NaN,4.976863045,601212.SH,-6.037587129,-5.783430722,NaN,NaN,4.979741379,20251205,09:39:18,11600
NaN,11.10235027,343052,BUY,NaN,11.10166991,601600.SH,0.309657607,-0.303166356,NaN,NaN,11.10200647,20251205,09:39:01,30900
NaN,14.18104873,25539,BUY,NaN,14.18703267,601677.SH,-5.136857139,-0.916798803,NaN,NaN,14.18833333,20251205,09:39:02,1800
NaN,18.78306253,20617,BUY,NaN,18.77861321,601702.SH,21.47426956,19.11000387,NaN,NaN,18.74272727,20251205,09:39:01,1100
NaN,30.76262087,369024,BUY,NaN,30.7502794,601899.SH,3.452524321,-0.559540666,NaN,NaN,30.752,20251205,09:39:01,12000
NaN,14.0222162,54683,BUY,NaN,14.01682157,601958.SH,0.666192186,-3.182235754,NaN,NaN,14.02128205,20251205,09:39:01,3900
NaN,35.74489017,10718,BUY,NaN,35.73185031,603688.SH,5.098213103,1.450707181,NaN,NaN,35.72666667,20251205,09:37:42,300
NaN,63.01510451,233096,BUY,NaN,63.00678644,603799.SH,2.568525961,1.248678468,NaN,NaN,62.99891892,20251205,09:39:01,3700
NaN,17.03423453,5119,BUY,NaN,17.05757447,603826.SH,-17.08254374,-3.376133728,NaN,NaN,17.06333333,20251205,09:38:01,300
NaN,69.06974506,110537,BUY,NaN,69.06957195,603979.SH,-2.299116226,-2.324185142,NaN,NaN,69.085625,20251205,09:39:01,1600
NaN,18.04615483,496375,BUY,NaN,18.03865411,603993.SH,-2.13074121,-6.289766274,NaN,NaN,18.05,20251205,09:39:02,27500
NaN,64.79184099,77776.8,BUY,NaN,64.78113884,688122.SH,-3.42003115,-5.072643746,NaN,NaN,64.814,20251205,09:39:01,1200
NaN,42.94127295,180456,BUY,NaN,42.93124974,000063.SZ,-5.691804163,-8.027845892,NaN,NaN,42.96571429,20251204,09:39:01,4200
NaN,47.11033919,23568,BUY,NaN,47.11180872,000733.SZ,-5.446958849,-5.134865838,NaN,NaN,47.136,20251204,09:39:06,500
NaN,15.96092597,12794,BUY,NaN,15.96815972,000801.SZ,-19.78207817,-15.24300746,NaN,NaN,15.9925,20251204,09:39:16,800
NaN,24.83301973,64584,BUY,NaN,24.83362354,000938.SZ,-2.810883412,-2.567670825,NaN,NaN,24.84,20251204,09:39:01,2600
NaN,42.70415366,17053,BUY,NaN,42.69332467,002025.SZ,16.77908522,14.24687989,NaN,NaN,42.6325,20251204,09:38:03,400
NaN,33.40146694,56798,BUY,NaN,33.40160482,002179.SZ,-2.730807122,-2.689517491,NaN,NaN,33.41058824,20251204,09:39:09,1700
NaN,12.13735242,6076,BUY,NaN,12.13971892,002194.SZ,-12.06818356,-10.11644599,NaN,NaN,12.152,20251204,09:39:01,500
NaN,60.20499457,36171,BUY,NaN,60.20343516,002281.SZ,-13.28883615,-13.54820351,NaN,NaN,60.285,20251204,09:39:01,600
NaN,49.51970976,9914,BUY,NaN,49.54528846,002338.SZ,-10.15560021,-4.987666684,NaN,NaN,49.57,20251204,09:36:01,200
NaN,26.57215323,15975,BUY,NaN,26.57267807,002396.SZ,-19.88802634,-19.69012361,NaN,NaN,26.625,20251204,09:39:03,600
NaN,12.15769551,31613,BUY,NaN,12.15937378,002465.SZ,-0.946429057,0.433927535,NaN,NaN,12.15884615,20251204,09:39:16,2600
NaN,27.71137551,13871,BUY,NaN,27.72526986,002544.SZ,-11.05123314,-6.034256401,NaN,NaN,27.742,20251204,09:39:06,500
NaN,11.46436872,16068,BUY,NaN,11.46815739,002583.SZ,-11.14246889,-7.835148637,NaN,NaN,11.47714286,20251204,09:39:12,1400
NaN,46.55925103,9339,BUY,NaN,46.67985019,002881.SZ,-29.15617652,-3.245471584,NaN,NaN,46.695,20251204,09:36:01,200
NaN,40.01314394,8021,BUY,NaN,40.07668142,002929.SZ,-22.95647116,-7.066100054,NaN,NaN,40.105,20251204,09:36:01,200
NaN,52.32121053,10477,BUY,NaN,52.37391304,003031.SZ,-12.19189561,-2.116885273,NaN,NaN,52.385,20251204,09:36:01,200
0.890779539,NaN,3562980,SELL,0.890769801,NaN,159363.SZ,NaN,NaN,-0.387744406,-0.278417949,0.890745,20251204,13:29:31,4000000
1.126235253,NaN,2252803,SELL,1.126198487,NaN,159583.SZ,NaN,NaN,1.476128554,1.802641662,1.1264015,20251204,13:29:37,2000000
NaN,10.97566472,39514,BUY,NaN,10.97575117,300002.SZ,-0.406713146,-0.327942192,NaN,NaN,10.97611111,20251204,09:40:01,3600
NaN,10.09721426,54562,BUY,NaN,10.09857419,300017.SZ,-6.793766519,-5.446199393,NaN,NaN,10.10407407,20251204,09:39:15,5400
NaN,314.592024,62967,BUY,NaN,314.9262909,300033.SZ,-7.723527028,2.89880241,NaN,NaN,314.835,20251204,09:36:02,200
NaN,21.91580308,15391,BUY,NaN,21.9221319,300045.SZ,-32.5517517,-29.65539829,NaN,NaN,21.98714286,20251204,09:39:01,700
NaN,15.86324191,22249,BUY,NaN,15.86414479,300053.SZ,-18.21881763,-17.64864358,NaN,NaN,15.89214286,20251204,09:39:01,1400
NaN,9.47295881,56844,BUY,NaN,9.476243646,300058.SZ,-1.099118234,2.367653624,NaN,NaN,9.474,20251204,09:39:15,6000
NaN,5.401303338,7565,BUY,NaN,5.405153908,300081.SZ,-4.199153781,2.927723161,NaN,NaN,5.403571429,20251204,09:39:14,1400
NaN,7.351016805,23540,BUY,NaN,7.351997256,300133.SZ,-7.119008085,-5.78447499,NaN,NaN,7.35625,20251204,09:39:33,3200
NaN,10.07834866,22207,BUY,NaN,10.08845027,300166.SZ,-15.61987086,-5.591185604,NaN,NaN,10.09409091,20251204,09:39:17,2200
NaN,18.02862843,39722,BUY,NaN,18.04116417,300170.SZ,-14.87973083,-7.920982379,NaN,NaN,18.05545455,20251204,09:39:01,2200
NaN,15.01836859,20971,BUY,NaN,14.99391246,300188.SZ,26.02338322,9.755124198,NaN,NaN,14.97928571,20251204,09:39:02,1400
NaN,17.32107783,20844,BUY,NaN,17.32070651,300212.SZ,-28.24429898,-28.45928566,NaN,NaN,17.37,20251204,09:39:01,1200
NaN,91.59660833,73378,BUY,NaN,91.59980601,300223.SZ,-13.74414061,-13.39456845,NaN,NaN,91.7225,20251204,09:40:01,800
NaN,19.9561671,31927,BUY,NaN,19.96049364,300229.SZ,0.898019053,3.065374912,NaN,NaN,19.954375,20251204,09:39:06,1600
NaN,10.58383949,10578,BUY,NaN,10.58472311,300231.SZ,5.517360185,6.351709042,NaN,NaN,10.578,20251204,09:39:18,1000
NaN,13.83049666,16604,BUY,NaN,13.85021083,300252.SZ,-4.461157533,9.779027204,NaN,NaN,13.83666667,20251204,09:39:01,1200
NaN,5.112806918,17394,BUY,NaN,5.112817889,300287.SZ,-6.015160496,-5.993688912,NaN,NaN,5.115882353,20251204,09:40:01,3400
NaN,523.8488854,1571424,BUY,NaN,523.7930601,300308.SZ,0.780479857,-0.285224979,NaN,NaN,523.808,20251204,09:39:24,3000
NaN,49.38781652,39544,BUY,NaN,49.4023892,300339.SZ,-8.541273275,-5.588959734,NaN,NaN,49.43,20251204,09:39:05,800
NaN,13.16242541,23682,BUY,NaN,13.16382395,300348.SZ,4.375136375,5.43708154,NaN,NaN,13.15666667,20251204,09:39:17,1800
NaN,20.20764656,44492,BUY,NaN,20.21817826,300353.SZ,-7.912749931,-2.699601664,NaN,NaN,20.22363636,20251204,09:39:01,2200
NaN,24.93928702,39882,BUY,NaN,24.92159856,300364.SZ,5.227501798,-1.866428913,NaN,NaN,24.92625,20251204,09:39:12,1600
NaN,12.602458,45414,BUY,NaN,12.603556,300383.SZ,-9.952029784,-9.079980408,NaN,NaN,12.615,20251204,09:39:18,3600
NaN,178.4621004,320347,BUY,NaN,178.4607445,300394.SZ,27.54337185,27.46760883,NaN,NaN,177.9705556,20251204,09:39:01,1800
NaN,24.1099067,38580,BUY,NaN,24.10838517,300413.SZ,-1.075617901,-1.706803981,NaN,NaN,24.1125,20251204,09:39:02,1600
NaN,40.20081401,48329,BUY,NaN,40.21855687,300418.SZ,-18.24655899,-13.82690118,NaN,NaN,40.27416667,20251204,09:39:01,1200
NaN,48.72193086,58525,BUY,NaN,48.72615698,300442.SZ,-10.03705591,-9.168865218,NaN,NaN,48.77083333,20251204,09:39:16,1200
NaN,112.8885762,67875,BUY,NaN,112.9852101,300454.SZ,-20.9431148,-12.37240838,NaN,NaN,113.125,20251204,09:39:13,600
NaN,26.74122652,13378,BUY,NaN,26.72152275,300455.SZ,-5.524608685,-12.90242897,NaN,NaN,26.756,20251204,09:39:01,500
NaN,42.04908649,67375,BUY,NaN,42.05152856,300458.SZ,-14.33765102,-13.75608513,NaN,NaN,42.109375,20251204,09:40:00,1600
NaN,71.58837971,57294,BUY,NaN,71.59108502,300474.SZ,-4.067740424,-3.689702391,NaN,NaN,71.6175,20251204,09:40:01,800
NaN,65.36861499,65428,BUY,NaN,65.39444268,300496.SZ,-9.084636479,-5.131524507,NaN,NaN,65.428,20251204,09:39:01,1000
NaN,373.1381219,1157296,BUY,NaN,373.183492,300502.SZ,-4.908864896,-3.692508915,NaN,NaN,373.3212903,20251204,09:39:23,3100
NaN,14.48398765,14480,BUY,NaN,14.4853791,300541.SZ,2.753140879,3.713470105,NaN,NaN,14.48,20251204,09:39:32,1000
NaN,117.2004953,105610,BUY,NaN,117.2078017,300548.SZ,-12.28229754,-11.65816344,NaN,NaN,117.3444444,20251204,09:40:01,900
NaN,38.06757908,3838,BUY,NaN,38.42186667,300563.SZ,-82.07007889,10.89657278,NaN,NaN,38.38,20251204,09:35:01,100
NaN,102.4587786,61651,BUY,NaN,102.4603021,300570.SZ,-28.58594021,-28.43682124,NaN,NaN,102.7516667,20251204,09:40:01,600
NaN,46.04401267,18435,BUY,NaN,46.081008,300598.SZ,-9.444730353,-1.408823349,NaN,NaN,46.0875,20251204,09:38:01,400
NaN,45.47290427,9113,BUY,NaN,45.53152866,300613.SZ,-20.25288103,-7.351243976,NaN,NaN,45.565,20251204,09:36:03,200
NaN,139.7537851,84236,BUY,NaN,139.8463511,300620.SZ,-45.76250123,-39.11308347,NaN,NaN,140.3933333,20251204,09:39:01,600
NaN,70.1167248,28075,BUY,NaN,70.16475464,300624.SZ,-10.0939111,-3.241707306,NaN,NaN,70.1875,20251204,09:38:01,400
NaN,31.20386234,21858,BUY,NaN,31.20679173,300627.SZ,-7.002962252,-6.063603098,NaN,NaN,31.22571429,20251204,09:39:15,700
NaN,33.84000329,64367,BUY,NaN,33.85233186,300628.SZ,-11.04170448,-7.395816789,NaN,NaN,33.87736842,20251204,09:39:15,1900
NaN,30.40809082,18281,BUY,NaN,30.42767926,300638.SZ,-19.81134439,-13.36088681,NaN,NaN,30.46833333,20251204,09:39:01,600
NaN,40.58987079,8153,BUY,NaN,40.7889269,300726.SZ,-43.14603814,5.866028348,NaN,NaN,40.765,20251204,09:36:01,200
NaN,18.57346124,37152,BUY,NaN,18.57467484,300738.SZ,-1.366873284,-0.713423793,NaN,NaN,18.576,20251204,09:40:01,2000
NaN,19.49831038,19520,BUY,NaN,19.50734479,300846.SZ,-11.1238483,-6.487408913,NaN,NaN,19.52,20251204,09:39:11,1000
NaN,136.2176264,81850,BUY,NaN,136.2905733,300857.SZ,-14.61193348,-9.251805593,NaN,NaN,136.4166667,20251204,09:39:01,600
NaN,45.23332417,8952,BUY,NaN,44.80621212,300895.SZ,104.6405891,10.31377548,NaN,NaN,44.76,20251204,09:36:04,200
NaN,54.18308111,16179,BUY,NaN,53.98557021,300913.SZ,46.70851257,10.29352968,NaN,NaN,53.93,20251204,09:37:02,300
NaN,73.0279505,21972,BUY,NaN,73.17344529,301165.SZ,-29.0367591,-9.095473451,NaN,NaN,73.24,20251204,09:37:01,300
NaN,37.58224559,30097,BUY,NaN,37.57510157,301171.SZ,-10.37841281,-12.28165164,NaN,NaN,37.62125,20251204,09:39:01,800
NaN,124.3209818,37374,BUY,NaN,124.6123558,301205.SZ,-20.83463036,2.596519738,NaN,NaN,124.58,20251204,09:37:01,300
NaN,46.12872244,73850,BUY,NaN,46.14868286,301236.SZ,-5.967553756,-1.639730222,NaN,NaN,46.15625,20251204,09:39:09,1600
NaN,14.22199704,2856,BUY,NaN,14.28023887,301339.SZ,-40.78397758,0.167273667,NaN,NaN,14.28,20251204,09:36:09,200
NaN,75.5940404,15162,BUY,NaN,75.88517857,301486.SZ,-28.56833618,9.906884697,NaN,NaN,75.81,20251204,09:36:01,200
NaN,56.27565392,22544,BUY,NaN,56.3624296,301536.SZ,-14.98802245,0.431067387,NaN,NaN,56.36,20251204,09:38:04,400
2.742990137,NaN,2744765.3,SELL,2.742984893,NaN,515880.SH,NaN,NaN,6.471633308,6.490764835,2.7447653,20251204,13:29:30,1000000
NaN,15.87254041,25422,BUY,NaN,15.86964326,600105.SH,-10.21234884,-12.03980487,NaN,NaN,15.88875,20251204,09:39:01,1600
NaN,8.435013258,7601,BUY,NaN,8.435013258,600198.SH,-12.49825803,-12.49825803,NaN,NaN,8.445555556,20251204,09:40:00,900
NaN,27.24940144,5466,BUY,NaN,27.29658824,600345.SH,-29.57810218,-12.24027135,NaN,NaN,27.33,20251204,09:36:02,200
NaN,19.73918812,55275,BUY,NaN,19.74035746,600487.SH,-0.954095285,-0.361678634,NaN,NaN,19.74107143,20251204,09:39:11,2800
NaN,22.5023422,24783,BUY,NaN,22.50028551,600498.SH,-12.29107561,-13.2062738,NaN,NaN,22.53,20251204,09:39:26,1100
NaN,16.48876452,62699,BUY,NaN,16.47835924,600522.SH,-6.654421074,-12.97313661,NaN,NaN,16.49973684,20251204,09:39:05,3800
NaN,38.78580424,46561,BUY,NaN,38.78383052,600745.SH,-3.87489647,-4.383995837,NaN,NaN,38.80083333,20251204,09:39:01,1200
NaN,13.39347165,9390,BUY,NaN,13.39720775,600776.SH,-15.54045534,-12.74740661,NaN,NaN,13.41428571,20251204,09:39:02,700
NaN,62.61969584,350485,BUY,NaN,62.61969584,601138.SH,5.284072075,5.284072075,NaN,NaN,62.58660714,20251204,09:40:01,5600
NaN,82.28641412,16548,BUY,NaN,82.7685625,601869.SH,-55.12281487,3.450887527,NaN,NaN,82.74,20251204,09:36:02,200
NaN,107.5924917,43264,BUY,NaN,108.1088519,603083.SH,-52.74608346,-4.731162384,NaN,NaN,108.16,20251204,09:38:02,400
NaN,88.84054622,26715,BUY,NaN,89.01494949,603236.SH,-23.57637255,-3.937597589,NaN,NaN,89.05,20251204,09:37:01,300
NaN,45.54464857,13704,BUY,NaN,45.65366376,603341.SH,-29.71840376,-5.768703402,NaN,NaN,45.68,20251204,09:37:05,300
NaN,27.42209817,8239,BUY,NaN,27.46150673,603496.SH,-15.03720356,-0.665151732,NaN,NaN,27.46333333,20251204,09:37:03,300
NaN,21.40166136,12867,BUY,NaN,21.40245819,603712.SH,-20.25013107,-19.87706676,NaN,NaN,21.445,20251204,09:39:03,600
NaN,68.25036277,41128,BUY,NaN,68.53237106,688036.SH,-43.41425967,-2.085964122,NaN,NaN,68.54666667,20251204,09:37:02,600
NaN,34.71603046,6972,BUY,NaN,NaN,688100.SH,-41.47062266,NaN,NaN,NaN,34.86,20251204,09:35:07,200
NaN,23.96396405,4810,BUY,NaN,24.06164384,688182.SH,-35.90222006,4.839168802,NaN,NaN,24.05,20251204,09:35:08,200
NaN,7.002778327,13319,BUY,NaN,7.005269712,688387.SH,-10.31258308,-6.75247048,NaN,NaN,7.01,20251204,09:39:22,1900
NaN,45.06220989,189947,BUY,NaN,45.06446194,000063.SZ,-36.23131332,-35.72976302,NaN,NaN,45.22547619,20251203,09:40:01,4200
NaN,47.35422186,23695,BUY,NaN,47.39097748,000733.SZ,-7.555427491,0.206259704,NaN,NaN,47.39,20251203,09:39:01,500
NaN,16.41942726,13159,BUY,NaN,16.44566853,000801.SZ,-17.85856473,-1.873725748,NaN,NaN,16.44875,20251203,09:39:01,800
NaN,25.10196209,65347,BUY,NaN,25.1299077,000938.SZ,-12.548602,-1.414185549,NaN,NaN,25.13346154,20251203,09:39:01,2600
NaN,41.83398155,16758,BUY,NaN,41.88591339,002025.SZ,-14.58585686,-2.169371082,NaN,NaN,41.895,20251203,09:38:02,400
NaN,33.63326515,57222,BUY,NaN,33.65369174,002179.SZ,-7.948930431,-1.874463418,NaN,NaN,33.66,20251203,09:39:12,1700
NaN,12.32620896,6170,BUY,NaN,12.3375697,002194.SZ,-11.18838428,-1.969838408,NaN,NaN,12.34,20251203,09:39:01,500
NaN,61.35373915,36846,BUY,NaN,61.39948746,002281.SZ,-9.169914588,-1.712154148,NaN,NaN,61.41,20251203,09:39:01,600
NaN,49.82677315,10003,BUY,NaN,49.99130785,002338.SZ,-37.77624691,-4.73925447,NaN,NaN,50.015,20251203,09:36:01,200
NaN,27.27762059,16355,BUY,NaN,27.28682371,002396.SZ,7.070726272,10.44107613,NaN,NaN,27.25833333,20251203,09:39:09,600
NaN,12.21640828,31780,BUY,NaN,12.22132041,002465.SZ,-5.458760806,-1.437255162,NaN,NaN,12.22307692,20251203,09:39:12,2600
NaN,28.39572488,14221,BUY,NaN,28.41884241,002544.SZ,-16.29650967,-8.148673271,NaN,NaN,28.442,20251203,09:39:01,500
NaN,11.77025878,16497,BUY,NaN,11.77832755,002583.SZ,-11.31040866,-4.452143955,NaN,NaN,11.78357143,20251203,09:39:01,1400
NaN,47.50711261,9538,BUY,NaN,47.78675703,002881.SZ,-38.49684446,20.24766507,NaN,NaN,47.69,20251203,09:36:01,200
NaN,40.77735965,8173,BUY,NaN,40.88639474,002929.SZ,-21.49240452,5.232727654,NaN,NaN,40.865,20251203,09:36:05,200
NaN,52.78888446,10580,BUY,NaN,52.880625,003031.SZ,-21.04904072,-3.663912823,NaN,NaN,52.9,20251203,09:36:04,200
0.893372686,NaN,3569371,SELL,0.893208502,NaN,159363.SZ,NaN,NaN,-11.52863031,-9.692610034,0.89234275,20251203,13:43:37,4000000
1.129467006,NaN,2257460,SELL,1.12945694,NaN,159583.SZ,NaN,NaN,-6.525256153,-6.436190587,1.12873,20251203,13:29:35,2000000
NaN,11.22547754,40473,BUY,NaN,11.2257015,300002.SZ,-15.16412837,-14.96432115,NaN,NaN,11.2425,20251203,09:40:01,3600
NaN,10.28339526,53531,BUY,NaN,10.28413436,300017.SZ,-10.72390593,-10.00445937,NaN,NaN,10.29442308,20251203,09:39:57,5200
NaN,318.5859069,63798,BUY,NaN,318.8154229,300033.SZ,-12.68396149,-5.475805181,NaN,NaN,318.99,20251203,09:36:01,200
NaN,22.46264964,15775,BUY,NaN,22.50069492,300045.SZ,-32.52717165,-15.56367973,NaN,NaN,22.53571429,20251203,09:39:01,700
NaN,16.30394678,22868,BUY,NaN,16.32130944,300053.SZ,-18.60833686,-7.950512933,NaN,NaN,16.33428571,20251203,09:39:04,1400
NaN,9.832766519,59100,BUY,NaN,9.846417215,300058.SZ,-17.52658402,-3.638669078,NaN,NaN,9.85,20251203,09:39:01,6000
NaN,5.892132909,8241,BUY,NaN,5.896026834,300081.SZ,9.681277004,16.27920493,NaN,NaN,5.886428571,20251203,09:39:01,1400
NaN,7.553022959,24208,BUY,NaN,7.562168862,300133.SZ,-15.85728158,-3.743817996,NaN,NaN,7.565,20251203,09:39:06,3200
NaN,10.47547875,23077,BUY,NaN,10.48639262,300166.SZ,-13.42822055,-3.006597019,NaN,NaN,10.48954545,20251203,09:39:04,2200
NaN,18.91340179,41629,BUY,NaN,18.92907437,300170.SZ,-4.690292023,3.593227405,NaN,NaN,18.92227273,20251203,09:39:01,2200
NaN,15.36795638,21552,BUY,NaN,15.39012803,300188.SZ,-17.1326211,-2.701529434,NaN,NaN,15.39428571,20251203,09:39:02,1400
NaN,18.29621377,22021,BUY,NaN,18.33916876,300212.SZ,-29.85293482,-6.360469557,NaN,NaN,18.35083333,20251203,09:39:04,1200
NaN,94.55928329,75002,BUY,NaN,94.56969407,300223.SZ,85.32036905,86.41183387,NaN,NaN,93.7525,20251203,09:39:01,800
NaN,20.41928185,32739,BUY,NaN,20.44603314,300229.SZ,-20.85927964,-7.748135733,NaN,NaN,20.461875,20251203,09:39:01,1600
NaN,10.8014475,10820,BUY,NaN,10.80824828,300231.SZ,-17.17593946,-10.8729195,NaN,NaN,10.82,20251203,09:39:10,1000
NaN,13.30595243,13310,BUY,NaN,13.30987721,300252.SZ,-3.041923934,-0.09225521,NaN,NaN,13.31,20251203,09:39:04,1000
NaN,5.219575835,17777,BUY,NaN,5.222889431,300287.SZ,-17.15383888,-10.79858294,NaN,NaN,5.228529412,20251203,09:39:03,3400
NaN,550.9235182,1654302,BUY,NaN,551.8071183,300308.SZ,-9.265928755,6.761753067,NaN,NaN,551.434,20251203,09:39:01,3000
NaN,50.36168209,40355,BUY,NaN,50.42439182,300339.SZ,-16.29570452,-3.83905051,NaN,NaN,50.44375,20251203,09:39:02,800
NaN,13.49877623,24360,BUY,NaN,13.52759679,300348.SZ,-25.60017644,-4.240620097,NaN,NaN,13.53333333,20251203,09:39:01,1800
NaN,20.20149941,44485,BUY,NaN,20.21065595,300353.SZ,-9.383032135,-4.848229986,NaN,NaN,20.22045455,20251203,09:39:01,2200
NaN,26.0265135,41695,BUY,NaN,26.05387994,300364.SZ,-12.6261627,-2.109115374,NaN,NaN,26.059375,20251203,09:39:06,1600
NaN,12.90656426,46487,BUY,NaN,12.91735648,300383.SZ,-5.029451884,3.329566319,NaN,NaN,12.91305556,20251203,09:39:01,3600
NaN,168.3508274,303549,BUY,NaN,168.6082045,300394.SZ,-17.0777885,-1.786911842,NaN,NaN,168.6383333,20251203,09:39:01,1800
NaN,24.64201835,39473,BUY,NaN,24.67356396,300413.SZ,-11.60889135,1.191137464,NaN,NaN,24.670625,20251203,09:39:08,1600
NaN,41.45558756,49831,BUY,NaN,41.49720377,300418.SZ,-16.94482662,-6.899154099,NaN,NaN,41.52583333,20251203,09:39:01,1200
NaN,49.35113465,59337,BUY,NaN,49.42813141,300442.SZ,-19.52647155,-3.918536623,NaN,NaN,49.4475,20251203,09:39:02,1200
NaN,113.8312565,68434,BUY,NaN,114.0175418,300454.SZ,-19.80213114,-3.431476233,NaN,NaN,114.0566667,20251203,09:39:01,600
NaN,24.95462881,12525,BUY,NaN,25.04222972,300455.SZ,-38.21783565,-3.102870522,NaN,NaN,25.05,20251203,09:39:06,500
NaN,43.2640042,69240,BUY,NaN,43.31224518,300458.SZ,-2.541557516,8.599226328,NaN,NaN,43.275,20251203,09:39:01,1600
NaN,71.99307346,57704,BUY,NaN,72.08141568,300474.SZ,-19.01940519,-6.74020039,NaN,NaN,72.13,20251203,09:39:01,800
NaN,67.42401235,67464,BUY,NaN,67.42254717,300496.SZ,-5.93077213,-6.148214245,NaN,NaN,67.464,20251203,09:39:01,1000
NaN,380.4158494,1179805,BUY,NaN,380.6749151,300502.SZ,-4.374388012,2.434018946,NaN,NaN,380.5822581,20251203,09:39:01,3100
NaN,14.72175187,14750,BUY,NaN,14.73447032,300541.SZ,-19.18802096,-10.53969526,NaN,NaN,14.75,20251203,09:39:01,1000
NaN,119.461493,107531,BUY,NaN,119.5456174,300548.SZ,-1.456194142,5.581844063,NaN,NaN,119.4788889,20251203,09:39:02,900
NaN,37.68234711,3798,BUY,NaN,37.99,300563.SZ,-78.99000744,2.63227165,NaN,NaN,37.98,20251203,09:35:01,100
NaN,103.3269483,62224,BUY,NaN,103.5320552,300570.SZ,-36.74920555,-16.86545275,NaN,NaN,103.7066667,20251203,09:39:01,600
NaN,47.23655677,18964,BUY,NaN,47.40490011,300598.SZ,-36.7180096,-1.075815968,NaN,NaN,47.41,20251203,09:38:03,400
NaN,46.1386197,9245,BUY,NaN,46.25009434,300613.SZ,-18.72190767,5.425792094,NaN,NaN,46.225,20251203,09:36:01,200
NaN,144.0509176,86459,BUY,NaN,144.0741126,300620.SZ,-3.291592996,-1.681127898,NaN,NaN,144.0983333,20251203,09:39:01,600
NaN,73.61518736,29537,BUY,NaN,73.85471815,300624.SZ,-30.87849793,1.654349428,NaN,NaN,73.8425,20251203,09:38:01,400
NaN,30.45802687,21340,BUY,NaN,30.45942531,300627.SZ,-9.090349717,-8.630817025,NaN,NaN,30.48571429,20251203,09:39:39,700
NaN,34.03809086,64722,BUY,NaN,34.05308039,300628.SZ,-7.673657873,-3.268468032,NaN,NaN,34.06421053,20251203,09:39:01,1900
NaN,33.63190272,20317,BUY,NaN,33.83857976,300638.SZ,-68.31725997,-6.822658431,NaN,NaN,33.86166667,20251203,09:39:01,600
NaN,41.12267098,8236,BUY,NaN,41.12761905,300726.SZ,-13.94097566,-12.73619859,NaN,NaN,41.18,20251203,09:36:01,200
NaN,18.98029843,38000,BUY,NaN,19.00397086,300738.SZ,-10.38001031,2.089491807,NaN,NaN,19,20251203,09:39:01,2000
NaN,20.19865856,20256,BUY,NaN,20.22966073,300846.SZ,-28.38873902,-13.0201221,NaN,NaN,20.256,20251203,09:39:04,1000
NaN,138.6977111,83208,BUY,NaN,138.7982792,300857.SZ,1.276956589,8.521661533,NaN,NaN,138.68,20251203,09:39:01,600
NaN,45.5892404,9155,BUY,NaN,45.7608933,300895.SZ,-40.74636859,-3.082697634,NaN,NaN,45.775,20251203,09:37:00,200
NaN,54.70815288,16496,BUY,NaN,55.10066113,300913.SZ,-50.90900856,20.6884018,NaN,NaN,54.98666667,20251203,09:37:01,300
NaN,74.9622876,22559,BUY,NaN,75.25735029,301165.SZ,-31.26626394,8.063480872,NaN,NaN,75.19666667,20251203,09:37:01,300
NaN,39.40882401,31558,BUY,NaN,39.44654221,301171.SZ,-9.814042021,-0.242806967,NaN,NaN,39.4475,20251203,09:39:01,800
NaN,120.9976349,36398,BUY,NaN,121.4300051,301205.SZ,-27.19323957,8.510123399,NaN,NaN,121.3266667,20251203,09:37:01,300
NaN,47.08171149,75439,BUY,NaN,47.13612694,301236.SZ,-14.37150657,-2.810595154,NaN,NaN,47.149375,20251203,09:39:01,1600
NaN,14.59332382,2925,BUY,NaN,14.62216216,301339.SZ,-21.70593709,-1.940778529,NaN,NaN,14.625,20251203,09:36:01,200
NaN,77.70926946,15603,BUY,NaN,78.01510067,301486.SZ,-39.34286618,0.012904058,NaN,NaN,78.015,20251203,09:36:04,200
NaN,58.31553777,23356,BUY,NaN,58.37848954,301536.SZ,-12.76884881,-1.971695439,NaN,NaN,58.39,20251203,09:38:01,400
2.77014193,NaN,2766782.3,SELL,2.770138941,NaN,515880.SH,NaN,NaN,-12.12800683,-12.11722867,2.7667823,20251203,13:29:38,1000000
NaN,16.03825175,25647,BUY,NaN,16.03825175,600105.SH,5.534738695,5.534738695,NaN,NaN,16.029375,20251203,09:40:01,1600
NaN,8.558026927,7715,BUY,NaN,8.563636251,600198.SH,-16.58711254,-10.02608162,NaN,NaN,8.572222222,20251203,09:39:01,900
NaN,26.55068325,5329,BUY,NaN,26.66872984,600345.SH,-35.52328393,8.898001087,NaN,NaN,26.645,20251203,09:36:01,200
NaN,19.86685615,55667,BUY,NaN,19.87759009,600487.SH,-7.155274077,-1.751386218,NaN,NaN,19.88107143,20251203,09:39:35,2800
NaN,23.12703004,25447,BUY,NaN,23.14317178,600498.SH,-2.856536356,4.120186766,NaN,NaN,23.13363636,20251203,09:39:02,1100
NaN,16.63735048,63260,BUY,NaN,16.63692804,600522.SH,-6.021357319,-6.275426266,NaN,NaN,16.64736842,20251203,09:40:01,3800
NaN,39.82526424,47803,BUY,NaN,39.84266442,600745.SH,-2.653867311,1.714515383,NaN,NaN,39.83583333,20251203,09:39:03,1200
NaN,13.43809226,9429,BUY,NaN,13.4426699,600776.SH,-23.74424811,-20.33085858,NaN,NaN,13.47,20251203,09:39:40,700
NaN,61.64757516,345434,BUY,NaN,61.70373786,601138.SH,-6.012838843,3.094626272,NaN,NaN,61.68464286,20251203,09:39:01,5600
NaN,84.32444422,16916,BUY,NaN,84.62246719,601869.SH,-30.30625106,5.018429858,NaN,NaN,84.58,20251203,09:36:01,200
NaN,109.2809434,43705,BUY,NaN,109.409487,603083.SH,1.687709096,13.43457978,NaN,NaN,109.2625,20251203,09:38:01,400
NaN,90.97546886,27420,BUY,NaN,91.4275966,603236.SH,-46.66435341,3.018410274,NaN,NaN,91.4,20251203,09:37:02,300
NaN,45.19670028,13574,BUY,NaN,45.24447796,603341.SH,-11.05531737,-0.483751505,NaN,NaN,45.24666667,20251203,09:37:05,300
NaN,28.21135206,8487,BUY,NaN,28.29526874,603496.SH,-27.87811907,1.862057296,NaN,NaN,28.29,20251203,09:37:01,300
NaN,21.50916027,15038,BUY,NaN,21.48682248,603712.SH,12.22880049,1.845472592,NaN,NaN,21.48285714,20251203,09:39:02,700
NaN,72.71919394,43912,BUY,NaN,73.14360882,688036.SH,-64.28464075,-5.886754464,NaN,NaN,73.18666667,20251203,09:37:38,600
NaN,34.72233232,6962,BUY,NaN,NaN,688100.SH,-25.24821166,NaN,NaN,NaN,34.81,20251203,09:35:01,200
NaN,24.0866729,4818,BUY,NaN,24.09167432,688182.SH,-1.381301926,0.694978242,NaN,NaN,24.09,20251203,09:35:11,200
NaN,7.01258751,13349.4,BUY,NaN,7.016076437,688387.SH,-19.12630678,-14.14403539,NaN,NaN,7.026,20251203,09:39:29,1900
NaN,47.14331744,198125,BUY,NaN,47.20172157,000063.SZ,-6.2154313,6.165563296,NaN,NaN,47.17261905,20251202,09:39:02,4200
NaN,47.47184898,23755,BUY,NaN,47.48529897,000733.SZ,-8.036557267,-5.201826979,NaN,NaN,47.51,20251202,09:39:01,500
NaN,16.2224251,12986,BUY,NaN,16.23255386,000801.SZ,-6.210479017,0.033178055,NaN,NaN,16.2325,20251202,09:39:01,800
NaN,25.30203287,65814,BUY,NaN,25.31607207,000938.SZ,-4.364888125,1.183099024,NaN,NaN,25.31307692,20251202,09:39:13,2600
NaN,41.25245263,16512,BUY,NaN,41.26637681,002025.SZ,-6.677753328,-3.301280475,NaN,NaN,41.28,20251202,09:38:01,400
NaN,34.07590695,57922,BUY,NaN,34.06965033,002179.SZ,1.215593925,-0.620604569,NaN,NaN,34.07176471,20251202,09:39:25,1700
NaN,12.36275763,6189,BUY,NaN,12.38250742,002194.SZ,-12.32926185,3.640149967,NaN,NaN,12.378,20251202,09:39:08,500
NaN,61.63205161,36985,BUY,NaN,61.68962436,002281.SZ,-1.560073616,7.774028521,NaN,NaN,61.64166667,20251202,09:39:01,600
NaN,51.08778237,10220,BUY,NaN,51.07159259,002338.SZ,-2.391497592,-5.562271698,NaN,NaN,51.1,20251202,09:36:01,200
NaN,27.08853097,16279,BUY,NaN,27.12325036,002396.SZ,-15.92396917,-3.102985358,NaN,NaN,27.13166667,20251202,09:39:01,600
NaN,12.13308796,31560,BUY,NaN,12.13244288,002465.SZ,-4.428859721,-4.960796489,NaN,NaN,12.13846154,20251202,09:39:09,2600
NaN,28.77998389,14413,BUY,NaN,28.80357513,002544.SZ,-15.98892815,-7.785447657,NaN,NaN,28.826,20251202,09:39:02,500
NaN,11.92814222,16696,BUY,NaN,11.93709576,002583.SZ,2.035467268,9.534543322,NaN,NaN,11.92571429,20251202,09:39:14,1400
NaN,47.16420715,9427,BUY,NaN,47.12706047,002881.SZ,6.19265245,-1.684707455,NaN,NaN,47.135,20251202,09:36:01,200
NaN,41.4620514,8325,BUY,NaN,41.60194139,002929.SZ,-39.30066043,-5.542675963,NaN,NaN,41.625,20251202,09:37:01,200
NaN,53.0277518,10618,BUY,NaN,53.08593162,003031.SZ,-11.73879701,-0.766375562,NaN,NaN,53.09,20251202,09:37:01,200
0.891599215,NaN,3566420,SELL,0.891602383,NaN,159363.SZ,NaN,NaN,0.064880397,0.029351438,0.891605,20251202,13:29:30,4000000
1.122381939,NaN,2244355.1,SELL,1.122147633,NaN,159583.SZ,NaN,NaN,-1.821029267,0.266607174,1.12217755,20251202,13:49:07,2000000
NaN,11.37698531,40982,BUY,NaN,11.38074173,300002.SZ,-6.068025024,-2.765337737,NaN,NaN,11.38388889,20251202,09:39:22,3600
NaN,10.40352199,54123,BUY,NaN,10.40951687,300017.SZ,-4.563109915,1.198551925,NaN,NaN,10.40826923,20251202,09:39:16,5200
NaN,320.9120623,64204,BUY,NaN,320.9802054,300033.SZ,-3.363467097,-1.239782895,NaN,NaN,321.02,20251202,09:36:03,200
NaN,23.05634676,16150,BUY,NaN,23.07727719,300045.SZ,-6.541283813,2.53436273,NaN,NaN,23.07142857,20251202,09:39:09,700
NaN,16.79954343,23588,BUY,NaN,16.79883621,300053.SZ,-29.18412749,-29.60634619,NaN,NaN,16.84857143,20251202,09:39:01,1400
NaN,9.934208847,59616,BUY,NaN,9.947044593,300058.SZ,-1.803015314,11.10339106,NaN,NaN,9.936,20251202,09:39:01,6000
NaN,5.928452306,8289,BUY,NaN,5.935544531,300081.SZ,13.05234455,24.98548334,NaN,NaN,5.920714286,20251202,09:39:03,1400
NaN,7.607657927,24379,BUY,NaN,7.614882236,300133.SZ,-14.16937159,-4.668836437,NaN,NaN,7.6184375,20251202,09:39:08,3200
NaN,10.74264829,23733,BUY,NaN,10.77039354,300166.SZ,-41.9626328,-16.09386892,NaN,NaN,10.78772727,20251202,09:39:07,2200
NaN,19.46654657,42798,BUY,NaN,19.41264006,300170.SZ,6.631994078,-21.11835562,NaN,NaN,19.45363636,20251202,09:39:01,2200
NaN,15.3037005,21462,BUY,NaN,15.31653463,300188.SZ,-17.18505735,-8.791395338,NaN,NaN,15.33,20251202,09:39:01,1400
NaN,18.8783679,22694,BUY,NaN,18.9015379,300212.SZ,-17.63858598,-5.358700997,NaN,NaN,18.91166667,20251202,09:39:07,1200
NaN,94.46947284,75724,BUY,NaN,94.56591242,300223.SZ,-19.63884818,-9.420685904,NaN,NaN,94.655,20251202,09:39:01,800
NaN,21.0213128,33683,BUY,NaN,21.03501218,300229.SZ,-14.53867499,-8.016546651,NaN,NaN,21.051875,20251202,09:39:01,1600
NaN,10.84267436,10862,BUY,NaN,10.85151812,300231.SZ,-17.82368034,-9.659365152,NaN,NaN,10.862,20251202,09:39:03,1000
NaN,13.24935509,13254,BUY,NaN,13.26025083,300252.SZ,-3.5057602,4.713961817,NaN,NaN,13.254,20251202,09:39:08,1000
NaN,5.28448798,18001,BUY,NaN,5.288466401,300287.SZ,-18.77908529,-11.24213236,NaN,NaN,5.294411765,20251202,09:39:13,3400
NaN,546.9366254,1640328,BUY,NaN,547.9684321,300308.SZ,2.93681994,21.76096357,NaN,NaN,546.776,20251202,09:39:01,3000
NaN,51.35846047,41115,BUY,NaN,51.39071581,300339.SZ,-6.871220069,-0.590415896,NaN,NaN,51.39375,20251202,09:39:01,800
NaN,13.71894105,24731,BUY,NaN,13.73019264,300348.SZ,-14.94532011,-6.738290816,NaN,NaN,13.73944444,20251202,09:39:03,1800
NaN,20.6923174,45601,BUY,NaN,20.717916,300353.SZ,-17.11256976,-4.735648095,NaN,NaN,20.72772727,20251202,09:39:03,2200
NaN,26.84278295,42924,BUY,NaN,26.86781731,300364.SZ,5.693503794,15.00579958,NaN,NaN,26.8275,20251202,09:39:01,1600
NaN,12.81353286,46167,BUY,NaN,12.8194867,300383.SZ,-8.298886821,-3.650666574,NaN,NaN,12.82416667,20251202,09:39:14,3600
NaN,164.0827674,295413,BUY,NaN,164.15113,300394.SZ,-2.167558382,1.997958301,NaN,NaN,164.1183333,20251202,09:39:01,1800
NaN,25.09042275,40235,BUY,NaN,25.1316366,300413.SZ,-22.49952266,-6.063431774,NaN,NaN,25.146875,20251202,09:39:03,1600
NaN,42.62783776,51310,BUY,NaN,42.67550129,300418.SZ,-30.61275947,-19.40974075,NaN,NaN,42.75833333,20251202,09:39:01,1200
NaN,51.60576234,61847,BUY,NaN,51.679646,300442.SZ,12.9046971,27.18271998,NaN,NaN,51.53916667,20251202,09:39:01,1200
NaN,115.8936206,69630,BUY,NaN,115.951697,300454.SZ,-13.49335573,-8.47792942,NaN,NaN,116.05,20251202,09:39:01,600
NaN,25.52893466,12768,BUY,NaN,25.59703179,300455.SZ,-2.767581715,23.84330903,NaN,NaN,25.536,20251202,09:39:01,500
NaN,44.12466483,70586,BUY,NaN,44.11260025,300458.SZ,1.907059144,-0.827370863,NaN,NaN,44.11625,20251202,09:39:27,1600
NaN,73.52418091,58897,BUY,NaN,73.59011028,300474.SZ,-13.20233579,-4.23150886,NaN,NaN,73.62125,20251202,09:39:01,800
NaN,68.22161957,68280,BUY,NaN,68.28987066,300496.SZ,-8.557467131,1.445405438,NaN,NaN,68.28,20251202,09:39:02,1000
NaN,359.5908617,1112914,BUY,NaN,359.902564,300502.SZ,16.30590781,24.9525284,NaN,NaN,359.0045161,20251202,09:39:01,3100
NaN,14.8031785,14834,BUY,NaN,14.82193508,300541.SZ,-20.82086713,-8.139909481,NaN,NaN,14.834,20251202,09:39:16,1000
NaN,114.9041295,103780,BUY,NaN,115.2433473,300548.SZ,-35.41923471,-5.880066724,NaN,NaN,115.3111111,20251202,09:39:01,900
NaN,37.23375078,3747,BUY,NaN,37.47463415,300563.SZ,-63.45028699,1.236608828,NaN,NaN,37.47,20251202,09:35:04,100
NaN,101.870349,61422,BUY,NaN,102.1742874,300570.SZ,-49.04773306,-19.15478392,NaN,NaN,102.37,20251202,09:39:01,600
NaN,48.77473996,19573,BUY,NaN,48.85920194,300598.SZ,-32.34461893,-15.00189401,NaN,NaN,48.9325,20251202,09:38:01,400
NaN,46.43258137,9302,BUY,NaN,46.53552083,300613.SZ,-16.67334218,5.484161964,NaN,NaN,46.51,20251202,09:36:01,200
NaN,142.9905141,86327,BUY,NaN,143.6766664,300620.SZ,-62.08937876,-14.03616281,NaN,NaN,143.8783333,20251202,09:39:01,600
NaN,74.7188623,29963,BUY,NaN,74.91784332,300624.SZ,-25.24632982,1.380621147,NaN,NaN,74.9075,20251202,09:38:03,400
NaN,30.97692451,21681,BUY,NaN,30.98434394,300627.SZ,1.313030908,3.707290418,NaN,NaN,30.97285714,20251202,09:39:11,700
NaN,34.26478904,65140,BUY,NaN,34.28857783,300628.SZ,-5.668059184,1.273691906,NaN,NaN,34.28421053,20251202,09:39:03,1900
NaN,32.21165807,19353,BUY,NaN,32.24975425,300638.SZ,-13.45535505,-1.626600877,NaN,NaN,32.255,20251202,09:39:01,600
NaN,41.30573104,8279,BUY,NaN,41.35371906,300726.SZ,-21.6117624,-9.982399876,NaN,NaN,41.395,20251202,09:36:02,200
NaN,19.21010448,38500,BUY,NaN,19.23272546,300738.SZ,-20.76798687,-8.98184891,NaN,NaN,19.25,20251202,09:39:04,2000
NaN,20.95875611,20990,BUY,NaN,20.99279304,300846.SZ,-14.90732291,1.330477971,NaN,NaN,20.99,20251202,09:39:02,1000
NaN,138.3915604,83342,BUY,NaN,138.7541216,300857.SZ,-36.98007138,-10.75367636,NaN,NaN,138.9033333,20251202,09:39:01,600
NaN,46.32813599,9301,BUY,NaN,46.47510373,300895.SZ,-38.17637043,-6.432748538,NaN,NaN,46.505,20251202,09:36:02,200
NaN,52.24448441,15717,BUY,NaN,52.43581368,300913.SZ,-27.85281437,8.737096743,NaN,NaN,52.39,20251202,09:37:07,300
NaN,75.63914899,22729,BUY,NaN,75.74673453,301165.SZ,-16.41799893,-2.191355369,NaN,NaN,75.76333333,20251202,09:37:01,300
NaN,39.07023259,31304,BUY,NaN,39.12547499,301171.SZ,-15.29742765,-1.156537611,NaN,NaN,39.13,20251202,09:39:01,800
NaN,120.8854435,36336,BUY,NaN,121.2032678,301205.SZ,-19.40320498,6.870092591,NaN,NaN,121.12,20251202,09:37:05,300
NaN,48.07672712,77006,BUY,NaN,48.10837725,301236.SZ,-10.82080284,-4.234761834,NaN,NaN,48.12875,20251202,09:39:01,1600
NaN,14.69593246,2951,BUY,NaN,14.75275,301339.SZ,-40.19312436,-1.525139381,NaN,NaN,14.755,20251202,09:36:01,200
NaN,77.96704741,15631,BUY,NaN,78.16538835,301486.SZ,-24.10666973,1.329021672,NaN,NaN,78.155,20251202,09:36:04,200
NaN,58.61509946,23462,BUY,NaN,58.71386727,301536.SZ,-6.807211209,10.02612707,NaN,NaN,58.655,20251202,09:38:17,400
2.746725436,NaN,2746339.2,SELL,2.747002902,NaN,515880.SH,NaN,NaN,-1.406167978,-2.416096194,2.7463392,20251202,13:29:43,1000000
NaN,16.07602726,25668,BUY,NaN,16.08469249,600105.SH,20.85543971,26.23145765,NaN,NaN,16.0425,20251202,09:39:01,1600
NaN,8.798887518,7921,BUY,NaN,8.805354618,600198.SH,-2.527129837,4.819234786,NaN,NaN,8.801111111,20251202,09:39:07,900
NaN,26.83435128,5391,BUY,NaN,26.94596029,600345.SH,-44.96055036,-3.354755116,NaN,NaN,26.955,20251202,09:36:01,200
NaN,19.92112394,55802,BUY,NaN,19.92645018,600487.SH,-4.097043317,-1.422998167,NaN,NaN,19.92928571,20251202,09:39:04,2800
NaN,23.00108966,25315,BUY,NaN,23.01458353,600498.SH,-5.454829268,0.41154981,NaN,NaN,23.01363636,20251202,09:39:05,1100
NaN,16.76270211,63655,BUY,NaN,16.76360689,600522.SH,6.792651794,7.332012679,NaN,NaN,16.75131579,20251202,09:39:01,3800
NaN,40.47980026,48617,BUY,NaN,40.51269037,600745.SH,-8.489767232,-0.364404652,NaN,NaN,40.51416667,20251202,09:39:01,1200
NaN,13.64561533,9583,BUY,NaN,13.66755651,600776.SH,-32.52669038,-16.42099331,NaN,NaN,13.69,20251202,09:39:01,700
NaN,60.45207324,338449,BUY,NaN,60.50992083,601138.SH,2.440248676,11.99793351,NaN,NaN,60.43732143,20251202,09:39:01,5600
NaN,83.27973434,16657,BUY,NaN,83.28995637,601869.SH,-0.632286089,0.595074148,NaN,NaN,83.285,20251202,09:36:01,200
NaN,109.3859005,43845,BUY,NaN,109.4838182,603083.SH,-20.71560548,-11.75350114,NaN,NaN,109.6125,20251202,09:38:01,400
NaN,92.7801124,27902,BUY,NaN,93.16588015,603236.SH,-24.41840783,17.08924777,NaN,NaN,93.00666667,20251202,09:37:01,300
NaN,45.52904547,13655,BUY,NaN,45.63886082,603341.SH,2.71887947,26.77414619,NaN,NaN,45.51666667,20251202,09:37:01,300
NaN,28.30377246,8513,BUY,NaN,28.3644,603496.SH,-25.75423884,-4.324669891,NaN,NaN,28.37666667,20251202,09:37:09,300
NaN,21.16658218,14824,BUY,NaN,21.17116174,603712.SH,-4.989313993,-2.825125086,NaN,NaN,21.17714286,20251202,09:39:01,700
NaN,72.02988604,43088,BUY,NaN,71.84378234,688036.SH,30.06428554,4.238224926,NaN,NaN,71.81333333,20251202,09:37:20,600
NaN,35.30947926,7074,BUY,NaN,35.37075718,688100.SH,-17.14008371,0.214069536,NaN,NaN,35.37,20251202,09:35:01,200
NaN,24.35440447,4884,BUY,NaN,24.4684983,688182.SH,-26.93374563,19.82070768,NaN,NaN,24.42,20251202,09:35:14,200
NaN,7.050006096,13417.8,BUY,NaN,7.060186302,688387.SH,-17.01261555,-2.568909592,NaN,NaN,7.062,20251202,09:39:05,1900
NaN,41.99346331,176515,BUY,NaN,42.02804183,000063.SZ,-8.076887277,0.157247177,NaN,NaN,42.02738095,20251127,09:39:01,4200
NaN,46.7239077,23363,BUY,NaN,46.72802565,000733.SZ,-0.44780019,0.433498472,NaN,NaN,46.726,20251127,09:39:01,500
NaN,15.38005926,12320,BUY,NaN,15.39162969,000801.SZ,-12.96531929,-5.438223141,NaN,NaN,15.4,20251127,09:39:03,800
NaN,24.93663433,64850,BUY,NaN,24.93654889,000938.SZ,-2.275112339,-2.309382388,NaN,NaN,24.94230769,20251127,09:40:01,2600
NaN,40.80937863,16330,BUY,NaN,40.81669057,002025.SZ,-3.827886334,-2.035791269,NaN,NaN,40.825,20251127,09:38:01,400
NaN,34.17569434,58128,BUY,NaN,34.18131703,002179.SZ,-5.046522426,-3.400730992,NaN,NaN,34.19294118,20251127,09:39:15,1700
NaN,11.98762934,5993,BUY,NaN,11.97858178,002194.SZ,1.359180794,-6.192901087,NaN,NaN,11.986,20251127,09:39:02,500
NaN,60.7325223,36388,BUY,NaN,60.68463006,002281.SZ,14.13668193,6.25584971,NaN,NaN,60.64666667,20251127,09:39:02,600
NaN,50.44542047,10103,BUY,NaN,50.45944984,002338.SZ,-13.79303281,-11.00887187,NaN,NaN,50.515,20251127,09:37:01,200
NaN,26.739233,16043,BUY,NaN,26.73229024,002396.SZ,0.336460271,-2.260596234,NaN,NaN,26.73833333,20251127,09:39:44,600
NaN,11.75322022,30561,BUY,NaN,11.75059348,002465.SZ,-0.85980343,-3.095410693,NaN,NaN,11.75423077,20251127,09:39:03,2600
NaN,25.23722261,12627,BUY,NaN,25.2244649,002544.SZ,-6.647873875,-11.7089112,NaN,NaN,25.254,20251127,09:39:01,500
NaN,11.75855195,16483,BUY,NaN,11.76760148,002583.SZ,-12.77323469,-5.07320667,NaN,NaN,11.77357143,20251127,09:39:13,1400
NaN,41.64601682,8335,BUY,NaN,41.6963986,002881.SZ,-6.959413147,5.132002311,NaN,NaN,41.675,20251127,09:36:01,200
NaN,41.81823852,8371,BUY,NaN,41.80001242,002929.SZ,-8.790775726,-13.15491989,NaN,NaN,41.855,20251127,09:37:01,200
NaN,52.06505747,10399,BUY,NaN,51.9451735,003031.SZ,13.45575606,-9.592132447,NaN,NaN,51.995,20251127,09:36:21,200
0.886003937,NaN,3543615,SELL,0.886004878,NaN,159363.SZ,NaN,NaN,-1.130775178,-1.141391367,0.88590375,20251127,13:29:37,4000000
1.095763447,NaN,2190928.8,SELL,1.095765936,NaN,159583.SZ,NaN,NaN,-2.729119107,-2.751824518,1.0954644,20251127,13:29:42,2000000
NaN,11.56118758,41609,BUY,NaN,11.56126065,300002.SZ,2.709088006,2.772272626,NaN,NaN,11.55805556,20251127,09:39:07,3600
NaN,10.39894857,56150,BUY,NaN,10.40224293,300017.SZ,0.769717986,3.936444382,NaN,NaN,10.39814815,20251127,09:39:01,5400
NaN,322.538073,64618,BUY,NaN,323.3334961,300033.SZ,-17.11199575,7.530804784,NaN,NaN,323.09,20251127,09:36:03,200
NaN,21.36158526,14957,BUY,NaN,21.35241655,300045.SZ,-2.601678277,-6.89678795,NaN,NaN,21.36714286,20251127,09:39:01,700
NaN,14.43027323,20030,BUY,NaN,14.28185986,300053.SZ,85.32781878,-17.70287727,NaN,NaN,14.30714286,20251127,09:39:01,1400
NaN,10.68338433,64032,BUY,NaN,10.68265063,300058.SZ,10.65610666,9.97002738,NaN,NaN,10.672,20251127,09:39:01,6000
NaN,5.717721383,8025,BUY,NaN,5.72197719,300081.SZ,-25.22241453,-17.76600387,NaN,NaN,5.732142857,20251127,09:39:05,1400
NaN,7.73045635,24743,BUY,NaN,7.73052295,300133.SZ,-2.239389377,-2.153218087,NaN,NaN,7.7321875,20251127,09:40:01,3200
NaN,10.90709103,24016,BUY,NaN,10.90714661,300166.SZ,-8.501444818,-8.450443906,NaN,NaN,10.91636364,20251127,09:40:01,2200
NaN,18.1362821,39945,BUY,NaN,18.15181653,300170.SZ,-11.32320412,-2.755453927,NaN,NaN,18.15681818,20251127,09:39:01,2200
NaN,14.80542401,17790,BUY,NaN,14.8151438,300188.SZ,-13.22217654,-6.652786763,NaN,NaN,14.825,20251127,09:39:02,1200
NaN,19.08674996,22920,BUY,NaN,19.09197522,300212.SZ,-6.9420101,-4.203223599,NaN,NaN,19.1,20251127,09:39:01,1200
NaN,79.45594615,63486,BUY,NaN,79.43387197,300223.SZ,12.39002912,9.614534859,NaN,NaN,79.3575,20251127,09:39:01,800
NaN,20.58722345,32945,BUY,NaN,20.58896844,300229.SZ,-1.652260721,-0.804586539,NaN,NaN,20.590625,20251127,09:39:03,1600
NaN,10.76568359,10768,BUY,NaN,10.76924463,300231.SZ,-2.151662249,1.155723635,NaN,NaN,10.768,20251127,09:39:23,1000
NaN,12.38877379,14872,BUY,NaN,12.39191086,300252.SZ,-3.680382553,-1.14790422,NaN,NaN,12.39333333,20251127,09:39:04,1200
NaN,5.28641437,17987,BUY,NaN,5.287015229,300287.SZ,-7.33909045,-6.201776373,NaN,NaN,5.290294118,20251127,09:39:46,3400
NaN,549.2788489,1647684,BUY,NaN,549.0496142,300308.SZ,0.925739968,-3.248992519,NaN,NaN,549.228,20251127,09:39:01,3000
NaN,52.23688053,41822,BUY,NaN,52.25263051,300339.SZ,-7.776012791,-4.759471966,NaN,NaN,52.2775,20251127,09:39:07,800
NaN,13.71255174,24718,BUY,NaN,13.72522312,300348.SZ,-14.3448717,-5.099443585,NaN,NaN,13.73222222,20251127,09:39:02,1800
NaN,20.27927989,44637,BUY,NaN,20.28719145,300353.SZ,-5.06209456,-1.160339822,NaN,NaN,20.28954545,20251127,09:39:02,2200
NaN,28.06430186,39314,BUY,NaN,28.06785356,300364.SZ,-6.102668712,-4.836498178,NaN,NaN,28.08142857,20251127,09:39:01,1400
NaN,12.81941382,46161,BUY,NaN,12.82390864,300383.SZ,-2.407426262,1.098451726,NaN,NaN,12.8225,20251127,09:39:14,3600
NaN,158.6893309,285673,BUY,NaN,158.6483685,300394.SZ,-1.127441369,-3.709697786,NaN,NaN,158.7072222,20251127,09:39:01,1800
NaN,25.79625096,41363,BUY,NaN,25.83454051,300413.SZ,-21.56283864,-6.709811566,NaN,NaN,25.851875,20251127,09:39:01,1600
NaN,44.82837078,53716,BUY,NaN,44.76816172,300418.SZ,14.5081003,1.07853148,NaN,NaN,44.76333333,20251127,09:39:01,1200
NaN,48.12499082,57762,BUY,NaN,48.11309249,300442.SZ,-2.079830292,-4.553335988,NaN,NaN,48.135,20251127,09:39:01,1200
NaN,115.7535947,69709,BUY,NaN,115.9753697,300454.SZ,-36.98131353,-17.78799509,NaN,NaN,116.1816667,20251127,09:39:01,600
NaN,23.290916,11649,BUY,NaN,23.19016079,300455.SZ,-3.041529097,-46.50214154,NaN,NaN,23.298,20251127,09:39:02,500
NaN,42.27618999,67605,BUY,NaN,42.26952696,300458.SZ,5.45578666,3.880326972,NaN,NaN,42.253125,20251127,09:39:01,1600
NaN,73.089706,58500,BUY,NaN,73.08404101,300474.SZ,-4.828860059,-5.604368947,NaN,NaN,73.125,20251127,09:39:01,800
NaN,63.6935195,63686,BUY,NaN,63.69313825,300496.SZ,1.180575612,1.120725735,NaN,NaN,63.686,20251127,09:39:01,1000
NaN,346.4878894,1072212,BUY,NaN,345.8564167,300502.SZ,17.6932797,-0.532648581,NaN,NaN,345.8748387,20251127,09:39:01,3100
NaN,14.63711357,14650,BUY,NaN,14.64125443,300541.SZ,-8.80393927,-5.973236901,NaN,NaN,14.65,20251127,09:39:02,1000
NaN,122.5560887,110444,BUY,NaN,122.6825367,300548.SZ,-13.01174717,-2.691404091,NaN,NaN,122.7155556,20251127,09:39:01,900
NaN,35.80691794,3588,BUY,NaN,35.88777778,300563.SZ,-20.41003953,2.16724976,NaN,NaN,35.88,20251127,09:35:05,100
NaN,100.5383154,60325,BUY,NaN,100.4522903,300570.SZ,-0.33333154,-8.897390099,NaN,NaN,100.5416667,20251127,09:39:01,600
NaN,49.91243455,19987,BUY,NaN,49.90543133,300598.SZ,-11.03241215,-12.43725655,NaN,NaN,49.9675,20251127,09:38:04,400
NaN,43.81427046,8754,BUY,NaN,43.75423913,300613.SZ,10.10411954,-3.602135445,NaN,NaN,43.77,20251127,09:36:01,200
NaN,152.2318725,90583,BUY,NaN,151.3946497,300620.SZ,82.78199677,27.93909909,NaN,NaN,150.9716667,20251127,09:39:01,600
NaN,77.16037528,30870,BUY,NaN,77.16969555,300624.SZ,-1.895366931,-0.687375049,NaN,NaN,77.175,20251127,09:38:02,400
NaN,31.20409275,21851,BUY,NaN,31.20416316,300627.SZ,-3.72436321,-3.701789192,NaN,NaN,31.21571429,20251127,09:40:01,700
NaN,33.68367363,64029,BUY,NaN,33.69368679,300628.SZ,-4.690716684,-1.717499762,NaN,NaN,33.69947368,20251127,09:39:01,1900
NaN,26.03517649,15598,BUY,NaN,26.02878557,300638.SZ,14.79146041,12.33976144,NaN,NaN,25.99666667,20251127,09:39:01,600
NaN,38.10017212,7623,BUY,NaN,38.05229711,300726.SZ,-3.891815217,-16.47808236,NaN,NaN,38.115,20251127,09:37:01,200
NaN,19.42684655,38856,BUY,NaN,19.42871527,300738.SZ,-0.593740039,0.368152203,NaN,NaN,19.428,20251127,09:39:01,2000
NaN,20.90677345,20918,BUY,NaN,20.90699056,300846.SZ,-5.369812965,-5.265913706,NaN,NaN,20.918,20251127,09:40:01,1000
NaN,139.9971418,83930,BUY,NaN,140.0054959,300857.SZ,8.129339707,8.72555723,NaN,NaN,139.8833333,20251127,09:39:01,600
NaN,45.55698236,9124,BUY,NaN,45.62046512,300895.SZ,-13.8327076,0.101953428,NaN,NaN,45.62,20251127,09:36:06,200
NaN,49.17226699,14754,BUY,NaN,49.16565053,300913.SZ,-1.572636403,-2.918596692,NaN,NaN,49.18,20251127,09:37:09,300
NaN,74.68390368,22346,BUY,NaN,74.46432807,301165.SZ,26.40957445,-2.999905182,NaN,NaN,74.48666667,20251127,09:37:02,300
NaN,44.1968078,35250,BUY,NaN,44.13536779,301171.SZ,30.38857393,16.51006736,NaN,NaN,44.0625,20251127,09:39:01,800
NaN,121.6191517,36472,BUY,NaN,121.6703896,301205.SZ,3.767367283,7.976984159,NaN,NaN,121.5733333,20251127,09:37:06,300
NaN,47.8789805,76629,BUY,NaN,47.88455475,301236.SZ,-2.954218837,-1.789773801,NaN,NaN,47.893125,20251127,09:39:01,1600
NaN,14.893229,2984,BUY,NaN,14.9234954,301339.SZ,-17.97528093,2.342213198,NaN,NaN,14.92,20251127,09:36:06,200
NaN,78.95463256,15840,BUY,NaN,79.26848552,301486.SZ,-31.0770165,8.639691163,NaN,NaN,79.2,20251127,09:36:04,200
NaN,55.47440748,22190,BUY,NaN,55.45782173,301536.SZ,-0.106809542,-3.097537275,NaN,NaN,55.475,20251127,09:38:01,400
2.697276532,NaN,2697986.843,SELL,2.697280571,NaN,515880.SH,NaN,NaN,2.633439018,2.618458364,2.697986843,20251127,13:29:32,1000000
NaN,17.00526847,27161,BUY,NaN,17.01246811,600105.SH,17.4319346,21.65653478,NaN,NaN,16.975625,20251127,09:39:01,1600
NaN,8.398787684,7563,BUY,NaN,8.399661725,600198.SH,-5.412267926,-4.371138091,NaN,NaN,8.403333333,20251127,09:39:26,900
NaN,25.12469692,5024,BUY,NaN,25.14206162,600345.SH,1.869442097,8.774787438,NaN,NaN,25.12,20251127,09:36:51,200
NaN,19.89855723,55729,BUY,NaN,19.89715057,600487.SH,-2.340400386,-3.047530189,NaN,NaN,19.90321429,20251127,09:39:01,2800
NaN,23.10778208,25421,BUY,NaN,23.10446897,600498.SH,-0.959813572,-2.393924145,NaN,NaN,23.11,20251127,09:39:01,1100
NaN,15.98324511,60722,BUY,NaN,15.98323699,600522.SH,2.359610334,2.354532249,NaN,NaN,15.97947368,20251127,09:39:04,3800
NaN,40.1695479,48188,BUY,NaN,40.16080685,600745.SH,3.206716275,1.030901624,NaN,NaN,40.15666667,20251127,09:39:01,1200
NaN,13.31220411,9327,BUY,NaN,13.31220411,600776.SH,-9.075584798,-9.075584798,NaN,NaN,13.32428571,20251127,09:40:01,700
NaN,62.3597962,349021,BUY,NaN,62.33926018,601138.SH,5.551273716,2.258866648,NaN,NaN,62.32517857,20251127,09:39:01,5600
NaN,85.41594674,17006,BUY,NaN,85.01851567,601869.SH,45.18438953,-1.350803258,NaN,NaN,85.03,20251127,09:36:01,200
NaN,111.6399344,44430,BUY,NaN,111.3781901,603083.SH,50.60325624,27.22167738,NaN,NaN,111.075,20251127,09:38:01,400
NaN,88.02665351,26386,BUY,NaN,87.88918288,603236.SH,8.329315469,-7.299015858,NaN,NaN,87.95333333,20251127,09:37:01,300
NaN,40.1868788,12042,BUY,NaN,40.10243088,603341.SH,11.66520057,-9.36829105,NaN,NaN,40.14,20251127,09:37:10,300
NaN,28.80598016,8657,BUY,NaN,28.83416576,603496.SH,-17.59582795,-7.803558922,NaN,NaN,28.85666667,20251127,09:37:02,300
NaN,19.67572711,11821,BUY,NaN,19.67572711,603712.SH,-13.18352939,-13.18352939,NaN,NaN,19.70166667,20251127,09:40:01,600
NaN,64.00267918,38502,BUY,NaN,64.0684475,688036.SH,-26.14278396,-15.85062655,NaN,NaN,64.17,20251127,09:37:02,600
NaN,34.90197427,6984,BUY,NaN,34.91293833,688100.SH,-5.164674231,-2.02265092,NaN,NaN,34.92,20251127,09:35:01,200
NaN,23.55977815,4718,BUY,NaN,23.58577688,688182.SH,-12.82773209,-1.790537161,NaN,NaN,23.59,20251127,09:35:06,200
NaN,6.826456572,12961.8,BUY,NaN,6.817108755,688387.SH,6.528382224,-7.174955183,NaN,NaN,6.822,20251127,09:39:01,1900
0.892248716,NaN,3572358.9,SELL,0.892290254,NaN,159363.SZ,NaN,NaN,9.425721502,8.959759372,0.893089725,20251126,13:29:39,4000000
NaN,11.81136557,42551,BUY,NaN,11.81146735,300002.SZ,-7.07509358,-6.988859108,NaN,NaN,11.81972222,20251126,09:40:01,3600
NaN,10.4639134,54399,BUY,NaN,10.46356929,300017.SZ,2.453427716,2.124640024,NaN,NaN,10.46134615,20251126,09:40:01,5200
NaN,320.1512011,63858,BUY,NaN,319.2297952,300033.SZ,26.89982311,-1.885938564,NaN,NaN,319.29,20251126,09:36:02,200
NaN,14.80233474,20719,BUY,NaN,14.80771794,300053.SZ,2.059829254,5.694479609,NaN,NaN,14.79928571,20251126,09:39:03,1400
NaN,11.2005122,66792,BUY,NaN,11.16504122,300058.SZ,61.1688141,29.59345913,NaN,NaN,11.132,20251126,09:39:01,6000
NaN,5.986198029,8376,BUY,NaN,5.980809499,300081.SZ,5.580982368,-3.423690749,NaN,NaN,5.982857143,20251126,09:39:01,1400
NaN,7.907928713,23754,BUY,NaN,7.907617596,300133.SZ,-12.73568312,-13.1296235,NaN,NaN,7.918,20251126,09:40:01,3000
NaN,11.3350317,24880,BUY,NaN,11.31782601,300166.SZ,22.88550106,7.718005054,NaN,NaN,11.30909091,20251126,09:39:01,2200
NaN,18.4826771,40643,BUY,NaN,18.45848486,300170.SZ,4.645534692,-8.454672456,NaN,NaN,18.47409091,20251126,09:39:01,2200
NaN,15.19954014,21291,BUY,NaN,15.20314882,300188.SZ,-5.471879622,-3.096942129,NaN,NaN,15.20785714,20251126,09:39:02,1400
NaN,19.84755123,23795,BUY,NaN,19.84318101,300212.SZ,9.262887209,7.062550845,NaN,NaN,19.82916667,20251126,09:39:04,1200
NaN,78.2499358,62710,BUY,NaN,78.21394304,300223.SZ,-17.58010365,-22.19002836,NaN,NaN,78.3875,20251126,09:39:01,800
NaN,21.28607523,34005,BUY,NaN,21.2658593,300229.SZ,15.47971164,5.988141041,NaN,NaN,21.253125,20251126,09:39:01,1600
NaN,11.05893867,11054,BUY,NaN,11.05807814,300231.SZ,4.465775141,3.687925085,NaN,NaN,11.054,20251126,09:40:01,1000
NaN,12.70845433,12712,BUY,NaN,12.70264144,300252.SZ,-2.790006837,-7.367409765,NaN,NaN,12.712,20251126,09:39:01,1000
NaN,5.554946091,18904,BUY,NaN,5.553901524,300287.SZ,-9.098033991,-10.98052593,NaN,NaN,5.56,20251126,09:39:04,3400
NaN,477.3655543,858161,BUY,NaN,476.7800046,300308.SZ,12.76680278,0.501142754,NaN,NaN,476.7561111,20251126,09:39:07,1800
NaN,52.3561773,41947,BUY,NaN,52.32387011,300339.SZ,-14.8163409,-20.99995538,NaN,NaN,52.43375,20251126,09:39:03,800
NaN,14.09202957,25386,BUY,NaN,14.08738576,300348.SZ,-8.021389194,-11.32046216,NaN,NaN,14.10333333,20251126,09:39:03,1800
NaN,20.4972716,28708,BUY,NaN,20.48941364,300353.SZ,-4.118930931,-7.955641643,NaN,NaN,20.50571429,20251126,09:39:02,1400
NaN,28.61659386,39998,BUY,NaN,28.54054567,300364.SZ,16.28211256,-10.32017186,NaN,NaN,28.57,20251126,09:39:01,1400
NaN,13.10452169,47193,BUY,NaN,13.09982861,300383.SZ,-3.544557677,-7.128381893,NaN,NaN,13.10916667,20251126,09:39:01,3600
NaN,143.8632114,172599,BUY,NaN,143.6954353,300394.SZ,2.134766448,-9.538558943,NaN,NaN,143.8325,20251126,09:39:01,1200
NaN,26.23408106,41962,BUY,NaN,26.2185974,300413.SZ,2.985072776,-2.918766201,NaN,NaN,26.22625,20251126,09:39:01,1600
NaN,45.19676601,54177,BUY,NaN,45.14544236,300418.SZ,10.90034048,-0.455781263,NaN,NaN,45.1475,20251126,09:39:01,1200
NaN,48.45712251,57946,BUY,NaN,48.41125063,300442.SZ,34.83268734,25.39023326,NaN,NaN,48.28833333,20251126,09:39:02,1200
NaN,115.1850832,69141,BUY,NaN,115.0000627,300454.SZ,-4.333615896,-20.42931498,NaN,NaN,115.235,20251126,09:39:04,600
NaN,41.6938116,66602,BUY,NaN,41.68647076,300458.SZ,16.20422725,14.44611508,NaN,NaN,41.62625,20251126,09:39:01,1600
NaN,72.6261804,58091,BUY,NaN,72.67380327,300474.SZ,1.711558518,8.263399668,NaN,NaN,72.61375,20251126,09:39:02,800
NaN,64.26862592,64224,BUY,NaN,64.23201054,300496.SZ,6.94365611,1.247125867,NaN,NaN,64.224,20251126,09:39:01,1000
NaN,302.408747,543417,BUY,NaN,301.8093879,300502.SZ,16.87826956,-2.947074154,NaN,NaN,301.8983333,20251126,09:39:01,1800
NaN,14.95301963,14944,BUY,NaN,14.94855172,300541.SZ,6.031976699,3.044925474,NaN,NaN,14.944,20251126,09:39:03,1000
NaN,118.0590193,70983,BUY,NaN,118.1908951,300548.SZ,-20.83540331,-9.654290042,NaN,NaN,118.305,20251126,09:39:01,600
NaN,98.46933385,39444,BUY,NaN,98.53087436,300570.SZ,-14.2852751,-8.030542764,NaN,NaN,98.61,20251126,09:38:01,400
NaN,49.93986634,19975,BUY,NaN,49.88943188,300598.SZ,0.473838683,-9.634930749,NaN,NaN,49.9375,20251126,09:38:03,400
NaN,43.90663653,8760,BUY,NaN,43.79631461,300613.SZ,24.2871093,-0.84148479,NaN,NaN,43.8,20251126,09:37:01,200
NaN,144.3739961,57860,BUY,NaN,144.6255786,300620.SZ,-19.11728718,-1.688592192,NaN,NaN,144.65,20251126,09:38:01,400
NaN,79.39744512,31693,BUY,NaN,79.01846168,300624.SZ,20.77461318,-27.08712816,NaN,NaN,79.2325,20251126,09:38:01,400
NaN,33.89046729,40648,BUY,NaN,33.87799774,300628.SZ,5.055686084,1.376824055,NaN,NaN,33.87333333,20251126,09:39:04,1200
NaN,20.20058455,40400,BUY,NaN,20.2022356,300738.SZ,0.289370834,1.106611547,NaN,NaN,20.2,20251126,09:39:01,2000
NaN,21.51890484,21496,BUY,NaN,21.49906763,300846.SZ,10.64405356,1.42686733,NaN,NaN,21.496,20251126,09:39:01,1000
NaN,137.9711888,82638,BUY,NaN,137.8615284,300857.SZ,17.48109973,9.540613898,NaN,NaN,137.73,20251126,09:39:01,600
NaN,46.65469702,9315,BUY,NaN,46.57475728,300895.SZ,17.08231531,-0.052113733,NaN,NaN,46.575,20251126,09:36:01,200
NaN,48.6665123,9698,BUY,NaN,48.47648649,300913.SZ,36.26976533,-2.787642936,NaN,NaN,48.49,20251126,09:36:04,200
NaN,73.23496984,14689,BUY,NaN,73.43722717,301165.SZ,-28.67894401,-1.058431644,NaN,NaN,73.445,20251126,09:36:01,200
NaN,45.16078216,36102,BUY,NaN,45.06161473,301171.SZ,7.369703012,-14.62115254,NaN,NaN,45.1275,20251126,09:39:01,800
NaN,117.285615,23399,BUY,NaN,116.9214351,301205.SZ,24.77840486,-6.291820296,NaN,NaN,116.995,20251126,09:36:01,200
NaN,48.59887169,77861,BUY,NaN,48.57749427,301236.SZ,-13.22115166,-17.62765445,NaN,NaN,48.663125,20251126,09:39:01,1600
NaN,76.8007016,15351,BUY,NaN,76.60571278,301486.SZ,5.950675343,-19.4877401,NaN,NaN,76.755,20251126,09:37:01,200
NaN,55.27680143,22128,BUY,NaN,55.25476625,301536.SZ,-7.814953829,-11.80599552,NaN,NaN,55.32,20251126,09:38:03,400
0.842845767,NaN,3365487,SELL,0.842865409,NaN,159363.SZ,NaN,NaN,-17.48857504,-17.72120501,0.84137175,20251125,13:29:33,4000000
NaN,11.91587098,42814,BUY,NaN,11.90368444,300002.SZ,19.38020906,9.162424814,NaN,NaN,11.89277778,20251125,09:39:01,3600
NaN,10.54290636,54784,BUY,NaN,10.54111521,300017.SZ,7.134408967,5.436420619,NaN,NaN,10.53538462,20251125,09:39:12,5200
NaN,321.9309047,64275,BUY,NaN,321.4969176,300033.SZ,17.26782593,3.792186238,NaN,NaN,321.375,20251125,09:37:01,200
NaN,14.33551077,20071,BUY,NaN,14.32732301,300053.SZ,-0.640229465,-6.35537894,NaN,NaN,14.33642857,20251125,09:39:01,1400
NaN,11.16599114,67008,BUY,NaN,11.16603197,300058.SZ,-1.799091666,-1.762513364,NaN,NaN,11.168,20251125,09:39:01,6000
NaN,6.015259449,8433,BUY,NaN,6.02255147,300081.SZ,-13.81815626,-1.693565785,NaN,NaN,6.023571429,20251125,09:39:22,1400
NaN,8.038371793,25717,BUY,NaN,8.037337029,300133.SZ,2.250820274,0.963664168,NaN,NaN,8.0365625,20251125,09:39:14,3200
NaN,11.47069801,25217,BUY,NaN,11.47059316,300166.SZ,7.345045005,7.253707766,NaN,NaN,11.46227273,20251125,09:40:01,2200
NaN,18.46969844,40630,BUY,NaN,18.46522917,300170.SZ,0.82114022,-1.599033285,NaN,NaN,18.46818182,20251125,09:39:03,2200
NaN,14.75367174,20660,BUY,NaN,14.75583635,300188.SZ,-2.352713836,-0.885416081,NaN,NaN,14.75714286,20251125,09:39:07,1400
NaN,20.03248904,24043,BUY,NaN,20.03315725,300212.SZ,-1.669437203,-1.335829483,NaN,NaN,20.03583333,20251125,09:39:04,1200
NaN,79.07607052,63271,BUY,NaN,79.0449151,300223.SZ,-1.603453498,-5.54556826,NaN,NaN,79.08875,20251125,09:39:01,800
NaN,21.09443292,33780,BUY,NaN,21.09433537,300229.SZ,-8.564857708,-8.611140748,NaN,NaN,21.1125,20251125,09:40:01,1600
NaN,11.02743002,11036,BUY,NaN,11.02731785,300231.SZ,-7.771510968,-7.87331093,NaN,NaN,11.036,20251125,09:40:01,1000
NaN,12.63788117,12642,BUY,NaN,12.63519016,300252.SZ,-3.259116275,-5.389585211,NaN,NaN,12.642,20251125,09:39:05,1000
NaN,5.465438658,18577,BUY,NaN,5.46540448,300287.SZ,2.955166623,2.89265021,NaN,NaN,5.463823529,20251125,09:40:01,3400
NaN,476.1342685,857223,BUY,NaN,476.4836401,300308.SZ,-2.115612159,5.218229014,NaN,NaN,476.235,20251125,09:39:01,1800
NaN,53.96339262,43114,BUY,NaN,53.95812435,300339.SZ,13.13716898,12.16208874,NaN,NaN,53.8925,20251125,09:39:09,800
NaN,14.15387041,25477,BUY,NaN,14.15226963,300348.SZ,-0.01305487,-1.144171656,NaN,NaN,14.15388889,20251125,09:39:11,1800
NaN,20.89593631,29240,BUY,NaN,20.88975848,300353.SZ,4.891870715,1.935968564,NaN,NaN,20.88571429,20251125,09:39:19,1400
NaN,29.27944413,40855,BUY,NaN,29.22640629,300364.SZ,33.23193998,15.14501394,NaN,NaN,29.18214286,20251125,09:39:01,1400
NaN,13.06815248,47028,BUY,NaN,13.06723034,300383.SZ,3.687703761,2.982275167,NaN,NaN,13.06333333,20251125,09:39:21,3600
NaN,148.1719095,177624,BUY,NaN,148.1554612,300394.SZ,10.2522476,9.14317653,NaN,NaN,148.02,20251125,09:39:01,1200
NaN,26.42883704,42253,BUY,NaN,26.41281894,300413.SZ,7.836909313,1.777144823,NaN,NaN,26.408125,20251125,09:39:02,1600
NaN,44.96287032,53837,BUY,NaN,44.96572792,300418.SZ,21.95225732,22.58637031,NaN,NaN,44.86416667,20251125,09:39:01,1200
NaN,48.05228377,57702,BUY,NaN,48.05304406,300442.SZ,-6.808465486,-6.650139166,NaN,NaN,48.085,20251125,09:39:01,1200
NaN,118.7120776,71093,BUY,NaN,118.5976847,300454.SZ,18.84764021,9.220361838,NaN,NaN,118.4883333,20251125,09:39:01,600
NaN,41.5464079,66462,BUY,NaN,41.54123666,300458.SZ,1.843214787,0.598600833,NaN,NaN,41.53875,20251125,09:39:07,1600
NaN,72.19234772,57769,BUY,NaN,72.18561456,300474.SZ,-2.618322421,-3.551321984,NaN,NaN,72.21125,20251125,09:39:04,800
NaN,64.49965397,64454,BUY,NaN,64.43070128,300496.SZ,7.078172812,-3.616089223,NaN,NaN,64.454,20251125,09:39:11,1000
NaN,305.0303827,548941,BUY,NaN,305.0561375,300502.SZ,2.070628826,2.914719154,NaN,NaN,304.9672222,20251125,09:39:01,1800
NaN,15.01502103,15014,BUY,NaN,15.01101524,300541.SZ,0.680007062,-1.9883775,NaN,NaN,15.014,20251125,09:39:06,1000
NaN,116.1396134,69310,BUY,NaN,115.7676098,300548.SZ,53.63774963,21.67645592,NaN,NaN,115.5166667,20251125,09:39:02,600
NaN,92.36591855,36837,BUY,NaN,92.10708794,300570.SZ,29.60167013,1.583802102,NaN,NaN,92.0925,20251125,09:38:01,400
NaN,51.52874158,20594,BUY,NaN,51.5288809,300598.SZ,8.488773565,8.51578818,NaN,NaN,51.485,20251125,09:38:01,400
NaN,43.49699667,8698,BUY,NaN,43.52212206,300613.SZ,1.608541061,7.380628846,NaN,NaN,43.49,20251125,09:36:24,200
NaN,127.7734967,50417,BUY,NaN,126.0720932,300620.SZ,135.473843,2.347319707,NaN,NaN,126.0425,20251125,09:38:01,400
NaN,82.24111034,32777,BUY,NaN,82.26136573,300624.SZ,36.30913306,38.76251385,NaN,NaN,81.9425,20251125,09:38:02,400
NaN,34.0418579,40865,BUY,NaN,34.04355174,300628.SZ,-3.61577371,-3.118042641,NaN,NaN,34.05416667,20251125,09:39:02,1200
NaN,20.06967731,40164,BUY,NaN,20.06993592,300738.SZ,-6.139952613,-6.011019986,NaN,NaN,20.082,20251125,09:39:09,2000
NaN,21.52716912,21532,BUY,NaN,21.52709709,300846.SZ,-2.24408342,-2.277552844,NaN,NaN,21.532,20251125,09:39:11,1000
NaN,139.7973249,83798,BUY,NaN,139.6665546,300857.SZ,9.584705057,0.230642891,NaN,NaN,139.6633333,20251125,09:39:03,600
NaN,45.93662083,9171,BUY,NaN,45.82591133,300895.SZ,17.76813911,-6.347646802,NaN,NaN,45.855,20251125,09:36:01,200
NaN,48.701847,9711,BUY,NaN,48.5832852,300913.SZ,30.15224368,5.822003178,NaN,NaN,48.555,20251125,09:37:01,200
NaN,72.74050171,14504,BUY,NaN,72.42530007,301165.SZ,30.31347089,-13.07553174,NaN,NaN,72.52,20251125,09:36:01,200
NaN,45.77069272,36488,BUY,NaN,45.58969326,301171.SZ,35.10821151,-4.45423861,NaN,NaN,45.61,20251125,09:39:01,800
NaN,118.6181488,23373,BUY,NaN,116.9557419,301205.SZ,147.797685,7.758648594,NaN,NaN,116.865,20251125,09:36:01,200
NaN,49.53707222,79276,BUY,NaN,49.54563209,301236.SZ,-2.105046653,-0.37700888,NaN,NaN,49.5475,20251125,09:39:01,1600
NaN,76.89447572,15371,BUY,NaN,76.72310448,301486.SZ,5.133752581,-17.19110863,NaN,NaN,76.855,20251125,09:36:06,200
NaN,55.68653905,22252,BUY,NaN,55.6723735,301536.SZ,10.15309029,7.611225407,NaN,NaN,55.63,20251125,09:38:01,400
1.011780763,NaN,3041025,SELL,1.013074756,NaN,512980.SH,NaN,NaN,18.72181766,5.924976946,1.013675,20251125,13:44:30,3000000
2.514208725,NaN,2516404.1,SELL,2.514498102,NaN,515880.SH,NaN,NaN,8.731870701,7.580035174,2.5164041,20251125,13:29:31,1000000
NaN,7.549346028,28673,BUY,NaN,7.549336052,600037.SH,5.059659444,5.046452279,NaN,NaN,7.545526316,20251125,09:39:20,3800
NaN,14.87206212,23762,BUY,NaN,14.8718563,600105.SH,13.99410407,13.85590258,NaN,NaN,14.85125,20251125,09:39:54,1600
NaN,8.630919982,7768,BUY,NaN,8.630906706,600198.SH,-0.221446902,-0.236829346,NaN,NaN,8.631111111,20251125,09:40:01,900
NaN,24.59925861,4890,BUY,NaN,24.44257752,600345.SH,60.6760606,-3.03670127,NaN,NaN,24.45,20251125,09:37:02,200
NaN,10.90048633,30502,BUY,NaN,10.90081174,600373.SH,6.343662088,6.641990149,NaN,NaN,10.89357143,20251125,09:40:01,2800
NaN,19.43834009,54438,BUY,NaN,19.43447362,600487.SH,-1.95632107,-3.946201831,NaN,NaN,19.44214286,20251125,09:39:10,2800
NaN,22.43103622,24659,BUY,NaN,22.42989531,600498.SH,6.135913259,5.627569181,NaN,NaN,22.41727273,20251125,09:39:41,1100
NaN,15.81693797,60116,BUY,NaN,15.80793934,600522.SH,-1.935921323,-7.629495645,NaN,NaN,15.82,20251125,09:39:13,3800
NaN,13.42395961,40224,BUY,NaN,13.42145455,600633.SH,11.88889558,10.02465781,NaN,NaN,13.408,20251125,09:39:15,3000
NaN,9.671420279,75280,BUY,NaN,9.655309157,600637.SH,20.82241031,4.170872335,NaN,NaN,9.651282051,20251125,09:39:01,7800
NaN,13.62871028,16335,BUY,NaN,13.62749785,600640.SH,11.89421198,11.00557558,NaN,NaN,13.6125,20251125,09:39:05,1200
NaN,40.85398952,49013,BUY,NaN,40.84913878,600745.SH,2.404380224,1.217188257,NaN,NaN,40.84416667,20251125,09:39:01,1200
NaN,8.89505638,21345,BUY,NaN,8.895071978,600757.SH,1.468658282,1.486191362,NaN,NaN,8.89375,20251125,09:40:01,2400
NaN,13.06906786,9133,BUY,NaN,13.06188694,600776.SH,16.77625811,11.28786798,NaN,NaN,13.04714286,20251125,09:39:06,700
NaN,3.560305374,34927,BUY,NaN,3.560250021,600959.SH,-10.31995018,-10.47558624,NaN,NaN,3.563979592,20251125,09:39:06,9800
NaN,17.30134919,51876,BUY,NaN,17.31349215,600977.SH,5.403735571,12.41352517,NaN,NaN,17.292,20251125,09:39:02,3000
NaN,11.12348327,33390,BUY,NaN,11.1275248,600996.SH,-5.85853154,-2.224393823,NaN,NaN,11.13,20251125,09:39:01,3000
NaN,8.725623573,20905,BUY,NaN,8.718957836,601019.SH,17.42787341,9.796089165,NaN,NaN,8.710416667,20251125,09:39:01,2400
NaN,11.52318149,32327,BUY,NaN,11.52279926,601098.SH,-19.24438209,-19.57674203,NaN,NaN,11.54535714,20251125,09:39:08,2800
NaN,56.85106997,318342,BUY,NaN,56.85432123,601138.SH,0.753593163,1.325408305,NaN,NaN,56.84678571,20251125,09:39:01,5600
NaN,34.07605765,27288,BUY,NaN,34.09030927,601595.SH,-9.960762439,-5.776049148,NaN,NaN,34.11,20251125,09:39:09,800
NaN,6.696211958,16080,BUY,NaN,6.696211958,601801.SH,-5.65699247,-5.65699247,NaN,NaN,6.7,20251125,09:40:01,2400
NaN,14.19123561,5672,BUY,NaN,14.18849462,601811.SH,7.917288134,5.986980213,NaN,NaN,14.18,20251125,09:39:01,400
NaN,18.89829532,11344,BUY,NaN,18.89876127,601858.SH,-4.429684476,-4.183022687,NaN,NaN,18.90666667,20251125,09:39:10,600
NaN,76.83659866,15230,BUY,NaN,76.02062674,601869.SH,89.35828392,-17.01817843,NaN,NaN,76.15,20251125,09:36:04,200
NaN,14.17055295,19817,BUY,NaN,14.17055,601900.SH,10.97554481,10.97346257,NaN,NaN,14.155,20251125,09:39:02,1400
NaN,7.954347689,14324,BUY,NaN,7.954354788,601921.SH,-4.312218306,-4.30329021,NaN,NaN,7.957777778,20251125,09:40:01,1800
NaN,10.09677895,30300,BUY,NaN,10.0960413,601928.SH,-3.190178421,-3.921038033,NaN,NaN,10.1,20251125,09:39:17,3000
NaN,6.743198347,14837,BUY,NaN,6.743513674,601949.SH,-1.323647826,-0.855985353,NaN,NaN,6.744090909,20251125,09:39:17,2200
NaN,19.95134049,43881,BUY,NaN,19.95090731,603000.SH,2.722324144,2.505258753,NaN,NaN,19.94590909,20251125,09:39:36,2200
NaN,96.8152186,38643,BUY,NaN,96.7879201,603083.SH,21.45515945,18.64076607,NaN,NaN,96.6075,20251125,09:38:01,400
NaN,85.30548561,25538,BUY,NaN,85.09222591,603236.SH,20.96218534,-4.04746176,NaN,NaN,85.12666667,20251125,09:37:01,300
NaN,39.89974319,11972,BUY,NaN,39.83088518,603341.SH,-1.735218371,-19.02580937,NaN,NaN,39.90666667,20251125,09:37:25,300
NaN,450.3888277,90077,BUY,NaN,448.727975,603444.SH,0.084986907,-36.9271601,NaN,NaN,450.385,20251125,09:37:01,200
NaN,28.99543788,8709,BUY,NaN,29.01653822,603496.SH,-11.91984727,-4.639346014,NaN,NaN,29.03,20251125,09:37:01,300
NaN,20.06489816,14035,BUY,NaN,20.06559621,603712.SH,7.424987571,7.772612498,NaN,NaN,20.05,20251125,09:39:01,700
NaN,20.69850262,20718,BUY,NaN,20.6994435,603888.SH,-9.419705698,-8.964732453,NaN,NaN,20.718,20251125,09:39:10,1000
NaN,65.46637103,39168,BUY,NaN,65.19707728,688036.SH,28.46820891,-12.71877836,NaN,NaN,65.28,20251125,09:37:01,600
NaN,34.9480186,6962,BUY,NaN,34.8,688100.SH,39.49253921,-2.873563218,NaN,NaN,34.81,20251125,09:35:06,200
NaN,23.65439608,4706,BUY,NaN,23.53,688182.SH,52.58898979,0,NaN,NaN,23.53,20251125,09:35:05,200
NaN,6.73070138,12790.8,BUY,NaN,6.729361797,688387.SH,-1.929397248,-3.920434982,NaN,NaN,6.732,20251125,09:39:01,1900
1.540309134,NaN,1157162.822,SELL,1.540272466,NaN,512200.SH,NaN,NaN,16.71501235,16.95347484,1.542883763,20251124,13:29:43,750000
NaN,21.0057957,6310,BUY,NaN,21.04561798,600007.SH,-13.1095412,5.837150616,NaN,NaN,21.03333333,20251124,09:37:01,300
NaN,6.960598008,87746,BUY,NaN,6.96055235,600048.SH,-4.841890948,-4.907519188,NaN,NaN,6.963968254,20251124,09:40:01,12600
NaN,8.459897442,22850,BUY,NaN,8.461316373,600064.SH,-3.623591577,-1.946021115,NaN,NaN,8.462962963,20251124,09:39:01,2700
NaN,4.238491373,13998,BUY,NaN,4.239138901,600094.SH,-7.849040075,-6.320342961,NaN,NaN,4.241818182,20251124,09:39:02,3300
NaN,1.955365684,5291,BUY,NaN,1.954955704,600162.SH,-21.80638471,-23.90808931,NaN,NaN,1.95962963,20251124,09:39:02,2700
NaN,7.536740283,6793,BUY,NaN,7.538499313,600173.SH,-14.64491899,-12.30810564,NaN,NaN,7.547777778,20251124,09:39:21,900
NaN,6.819953122,16380,BUY,NaN,6.82197253,600185.SH,-7.400165312,-4.437822263,NaN,NaN,6.825,20251124,09:39:55,2400
NaN,3.933624382,35442,BUY,NaN,3.933624382,600208.SH,-11.12362892,-11.12362892,NaN,NaN,3.938,20251124,09:40:01,9000
NaN,2.557531935,5373,BUY,NaN,2.557939553,600239.SH,-4.064438652,-2.470250433,NaN,NaN,2.558571429,20251124,09:39:05,2100
NaN,10.77420354,25899,BUY,NaN,10.78460402,600246.SH,-15.82154639,-6.162469538,NaN,NaN,10.79125,20251124,09:39:06,2400
NaN,4.80711647,12980,BUY,NaN,4.80711647,600266.SH,-0.605222329,-0.605222329,NaN,NaN,4.807407407,20251124,09:40:01,2700
NaN,4.734149063,21303,BUY,NaN,4.734144557,600325.SH,0.314867851,0.305349382,NaN,NaN,4.734,20251124,09:39:51,4500
NaN,5.529645154,14929,BUY,NaN,5.526891324,600376.SH,0.69786594,-4.284388876,NaN,NaN,5.529259259,20251124,09:39:02,2700
NaN,3.703216648,24473,BUY,NaN,3.703216648,600383.SH,-12.99857793,-12.99857793,NaN,NaN,3.708030303,20251124,09:40:00,6600
NaN,2.930285546,9676,BUY,NaN,2.930283067,600503.SH,-6.264461338,-6.272925371,NaN,NaN,2.932121212,20251124,09:40:01,3300
NaN,9.009301603,10815,BUY,NaN,9.012552609,600510.SH,-3.550105681,0.058373504,NaN,NaN,9.0125,20251124,09:39:03,1200
NaN,5.004541602,60240,BUY,NaN,5.017420224,600515.SH,-30.88873932,-5.141637896,NaN,NaN,5.02,20251124,09:39:14,12000
NaN,5.673531486,8508,BUY,NaN,5.674178468,600604.SH,2.699352511,3.839265049,NaN,NaN,5.672,20251124,09:39:10,1500
NaN,27.6465625,8321,BUY,NaN,27.75227273,600605.SH,-32.59145388,5.623345071,NaN,NaN,27.73666667,20251124,09:37:04,300
NaN,1.755771773,15840,BUY,NaN,1.755781607,600606.SH,-24.0818739,-24.02572757,NaN,NaN,1.76,20251124,09:40:01,9000
NaN,2.95614158,5313,BUY,NaN,2.951542729,600622.SH,15.13768264,-0.419908204,NaN,NaN,2.951666667,20251124,09:39:01,1800
NaN,5.823505135,5236,BUY,NaN,5.823490315,600638.SH,9.834896891,9.809473602,NaN,NaN,5.817777778,20251124,09:40:01,900
NaN,10.51486857,6311,BUY,NaN,10.51486857,600639.SH,-3.295113146,-3.295113146,NaN,NaN,10.51833333,20251124,09:40:01,600
NaN,16.34907597,24585,BUY,NaN,16.35463146,600641.SH,-25.03140183,-21.62600832,NaN,NaN,16.39,20251124,09:39:04,1500
NaN,10.72083459,6434,BUY,NaN,10.7208392,600648.SH,-2.330735603,-2.326438544,NaN,NaN,10.72333333,20251124,09:40:01,600
NaN,4.432049007,11966,BUY,NaN,4.432042016,600649.SH,0.44484014,0.429065699,NaN,NaN,4.431851852,20251124,09:39:34,2700
NaN,3.651815293,6580,BUY,NaN,3.651815293,600657.SH,-10.2421998,-10.2421998,NaN,NaN,3.655555556,20251124,09:40:01,1800
NaN,5.317257572,7968,BUY,NaN,5.317409353,600658.SH,9.887750596,10.17290979,NaN,NaN,5.312,20251124,09:39:48,1500
NaN,8.363643339,20074,BUY,NaN,8.36407668,600663.SH,-0.625716776,-0.107587611,NaN,NaN,8.364166667,20251124,09:39:18,2400
NaN,3.545577167,3194,BUY,NaN,3.545577167,600665.SH,-9.340429781,-9.340429781,NaN,NaN,3.548888889,20251124,09:40:01,900
NaN,2.877055181,11216,BUY,NaN,2.876753071,600675.SH,4.024061697,2.974307171,NaN,NaN,2.875897436,20251124,09:39:35,3900
NaN,4.683859848,4211,BUY,NaN,4.68419491,600683.SH,10.6129538,11.32749887,NaN,NaN,4.678888889,20251124,09:39:07,900
NaN,4.517856576,5427,BUY,NaN,4.51834612,600684.SH,-10.27793691,-9.19336391,NaN,NaN,4.5225,20251124,09:39:15,1200
NaN,3.527984057,8466,BUY,NaN,3.527984057,600708.SH,1.372048965,1.372048965,NaN,NaN,3.5275,20251124,09:40:01,2400
NaN,3.895420846,3506,BUY,NaN,3.895440729,600716.SH,-0.345815016,-0.294770426,NaN,NaN,3.895555556,20251124,09:40:01,900
NaN,5.570261137,8358,BUY,NaN,5.570261087,600736.SH,-3.121690787,-3.121780814,NaN,NaN,5.572,20251124,09:40:01,1500
NaN,5.777927045,12130,BUY,NaN,5.777937061,600748.SH,3.005522698,3.022851918,NaN,NaN,5.776190476,20251124,09:40:01,2100
NaN,12.55327635,15057,BUY,NaN,12.54857415,600773.SH,4.601471287,0.855991412,NaN,NaN,12.5475,20251124,09:39:01,1200
NaN,8.680894188,5206,BUY,NaN,8.683387156,600838.SH,4.869914344,7.739479049,NaN,NaN,8.676666667,20251124,09:39:11,600
NaN,11.91983085,25053,BUY,NaN,11.93027481,600848.SH,-8.531284656,0.230343818,NaN,NaN,11.93,20251124,09:39:09,2100
NaN,40.18401365,60201,BUY,NaN,40.21104825,600895.SH,12.44615663,19.16096594,NaN,NaN,40.134,20251124,09:39:07,1500
NaN,15.28343102,27487,BUY,NaN,15.28343102,601155.SH,8.424459901,8.424459901,NaN,NaN,15.27055556,20251124,09:40:01,1800
NaN,1.858907898,6138,BUY,NaN,1.858907898,601588.SH,-5.874964032,-5.874964032,NaN,NaN,1.86,20251124,09:40:01,3300
2.532502606,NaN,2528454.6,SELL,2.531335597,NaN,515700.SH,NaN,NaN,-15.98421149,-11.38133279,2.5284546,20251120,13:47:05,1000000
0.912825903,NaN,1231361.7,SELL,0.912902593,NaN,562800.SH,NaN,NaN,-7.735594533,-8.575014881,0.912119778,20251120,13:29:25,1350000
1.527073936,NaN,3054788.1,SELL,1.527207062,NaN,588830.SH,NaN,NaN,2.096259629,1.224378687,1.52739405,20251120,13:29:39,2000000
NaN,47.29492856,113322,BUY,NaN,47.26813182,600111.SH,16.37142955,10.71161959,NaN,NaN,47.2175,20251120,09:39:17,2400
NaN,20.55468721,12327,BUY,NaN,20.55347637,600206.SH,4.712893759,4.124058991,NaN,NaN,20.545,20251120,09:39:05,600
NaN,56.52724681,16824,BUY,NaN,56.09489272,600259.SH,79.12057233,2.654915922,NaN,NaN,56.08,20251120,09:38:01,300
NaN,13.2424567,11929,BUY,NaN,13.24243215,600366.SH,-9.052504982,-9.07106194,NaN,NaN,13.25444444,20251120,09:40:01,900
NaN,21.53092691,32334,BUY,NaN,21.50938821,600392.SH,-11.64515338,-21.67044027,NaN,NaN,21.556,20251120,09:39:01,1500
NaN,32.607615,9778,BUY,NaN,32.57049957,600456.SH,4.37985626,-7.010566095,NaN,NaN,32.59333333,20251120,09:38:01,300
NaN,34.32170038,30898,BUY,NaN,34.30281516,600549.SH,-2.741919867,-8.24887095,NaN,NaN,34.33111111,20251120,09:39:01,900
NaN,112.2429055,22454,BUY,NaN,112.3454748,600563.SH,-2.413920893,6.718102528,NaN,NaN,112.27,20251120,09:36:02,200
NaN,26.90317647,34988,BUY,NaN,26.9120104,600699.SH,-3.965956685,-0.682133313,NaN,NaN,26.91384615,20251120,09:39:04,1300
NaN,29.84109704,47774,BUY,NaN,29.84139638,600885.SH,-5.915655324,-5.815282734,NaN,NaN,29.85875,20251120,09:40:01,1600
NaN,15.36285559,9198,BUY,NaN,15.35260995,600961.SH,21.3863803,14.72710568,NaN,NaN,15.33,20251120,09:39:26,600
NaN,14.57845846,13111,BUY,NaN,14.57392107,601958.SH,7.326348571,4.215262541,NaN,NaN,14.56777778,20251120,09:39:02,900
NaN,45.40245837,13603,BUY,NaN,45.36982634,603072.SH,13.02243159,5.839344658,NaN,NaN,45.34333333,20251120,09:38:01,300
NaN,12.20036833,3669,BUY,NaN,12.23253467,603399.SH,-24.28751803,2.072070403,NaN,NaN,12.23,20251120,09:37:01,300
NaN,29.83382433,41740,BUY,NaN,29.85536834,603659.SH,6.549149233,13.76054994,NaN,NaN,29.81428571,20251120,09:39:01,1400
NaN,33.48112211,10045,BUY,NaN,33.50198898,603663.SH,-0.660438176,5.568517838,NaN,NaN,33.48333333,20251120,09:37:30,300
NaN,66.53198835,232876,BUY,NaN,66.5086454,603799.SH,-0.602964897,-4.112938567,NaN,NaN,66.536,20251120,09:39:01,3500
NaN,16.07874043,110855,BUY,NaN,16.0810362,603993.SH,7.959829302,9.38631848,NaN,NaN,16.06594203,20251120,09:39:12,6900
NaN,36.72504268,179418.4,BUY,NaN,36.67432015,688005.SH,29.69164064,15.90217727,NaN,NaN,36.616,20251120,09:39:05,4900
NaN,30.43868488,69924.6,BUY,NaN,30.43926256,688006.SH,12.05205694,12.24160993,NaN,NaN,30.402,20251120,09:39:16,2300
NaN,15.74789574,15748,BUY,NaN,15.76315917,688022.SH,-0.06620817,9.616832491,NaN,NaN,15.748,20251120,09:39:02,1000
NaN,108.6216358,43446,BUY,NaN,108.64881,688032.SH,0.610907149,3.111863954,NaN,NaN,108.615,20251120,09:36:01,400
NaN,5.968719006,22693.6,BUY,NaN,5.96845229,688033.SH,-5.496982341,-5.944103345,NaN,NaN,5.972,20251120,09:39:35,3800
NaN,64.47813124,90238.4,BUY,NaN,64.47265077,688063.SH,3.432364404,2.58261002,NaN,NaN,64.456,20251120,09:39:09,1400
NaN,54.93835058,153664,BUY,NaN,54.90734955,688116.SH,10.6211014,4.981036011,NaN,NaN,54.88,20251120,09:39:27,2800
NaN,68.72625624,41252,BUY,NaN,68.73976323,688122.SH,-3.939847631,-1.974126851,NaN,NaN,68.75333333,20251120,09:37:03,600
NaN,60.01524684,71870.4,BUY,NaN,60.0192217,688147.SH,20.53592201,21.19682627,NaN,NaN,59.892,20251120,09:39:01,1200
NaN,11.5165205,39113.6,BUY,NaN,11.52864406,688148.SH,10.87177484,21.37637683,NaN,NaN,11.504,20251120,09:39:01,3400
NaN,63.93269406,38298,BUY,NaN,63.90337616,688155.SH,16.06283905,11.48236121,NaN,NaN,63.83,20251120,09:37:41,600
NaN,22.53630109,40572,BUY,NaN,22.53953026,688186.SH,-1.641312,-0.20840516,NaN,NaN,22.54,20251120,09:39:24,1800
NaN,6.115390781,205542.32,BUY,NaN,6.11550077,688223.SH,-3.172604882,-2.992693497,NaN,NaN,6.117330952,20251120,09:39:24,33600
NaN,94.8910068,56758,BUY,NaN,94.6727626,688275.SH,31.01875957,8.037785435,NaN,NaN,94.59666667,20251120,09:37:01,600
NaN,29.85447137,161157.6,BUY,NaN,29.85192842,688303.SH,3.507470805,2.655914969,NaN,NaN,29.844,20251120,09:39:01,5400
NaN,31.9479863,60815.9,BUY,NaN,31.91520811,688339.SH,-18.90013476,-29.18994302,NaN,NaN,32.00836842,20251120,09:39:01,1900
NaN,61.16652061,36720,BUY,NaN,61.17678575,688348.SH,-5.473483488,-3.794617663,NaN,NaN,61.2,20251120,09:37:03,600
NaN,27.38829945,54772,BUY,NaN,27.38166265,688349.SH,0.839573019,-1.584033136,NaN,NaN,27.386,20251120,09:39:28,2000
NaN,119.1840099,71804,BUY,NaN,119.1901113,688353.SH,-41.05613339,-40.54212394,NaN,NaN,119.6733333,20251120,09:37:18,600
NaN,38.33854063,107088.8,BUY,NaN,38.31901207,688388.SH,24.13775454,19.05374577,NaN,NaN,38.246,20251120,09:39:03,2800
NaN,58.98700693,82510.4,BUY,NaN,58.96882432,688390.SH,8.647145869,5.566386154,NaN,NaN,58.936,20251120,09:39:03,1400
NaN,102.4245664,40954,BUY,NaN,102.5057505,688392.SH,3.862978953,11.77987309,NaN,NaN,102.385,20251120,09:36:01,400
NaN,50.36484316,60456,BUY,NaN,50.30887061,688408.SH,-3.009408307,-14.13853904,NaN,NaN,50.38,20251120,09:39:01,1200
NaN,16.40678667,16404,BUY,NaN,16.41169605,688429.SH,1.69848617,4.689368775,NaN,NaN,16.404,20251120,09:39:15,1000
NaN,18.55650135,229970.4,BUY,NaN,18.55927121,688472.SH,5.659123587,7.150715516,NaN,NaN,18.546,20251120,09:39:01,12400
NaN,57.17042544,57188,BUY,NaN,57.18409428,688499.SH,-3.074064561,-0.683008347,NaN,NaN,57.188,20251120,09:39:03,1000
NaN,54.52917208,93048.32,BUY,NaN,54.49819392,688503.SH,-8.183260182,-13.87216616,NaN,NaN,54.57379472,20251120,09:39:10,1705
NaN,41.10008705,57601.6,BUY,NaN,41.10016122,688516.SH,-10.68439291,-10.66632845,NaN,NaN,41.144,20251120,09:39:01,1400
NaN,25.70924198,71702.4,BUY,NaN,25.62150871,688518.SH,39.37960571,5.272409609,NaN,NaN,25.608,20251120,09:39:01,2800
NaN,10.06268242,56347.2,BUY,NaN,10.06468646,688556.SH,0.678172976,2.669197782,NaN,NaN,10.062,20251120,09:39:55,5600
NaN,53.95812008,90866.8,BUY,NaN,53.96437523,688559.SH,-23.95577725,-22.79387414,NaN,NaN,54.08738095,20251120,09:39:01,1680
NaN,15.4952644,21075.2,BUY,NaN,15.4952644,688560.SH,-0.778421135,-0.778421135,NaN,NaN,15.49647059,20251120,09:40:01,1360
NaN,17.71074957,127523.4,BUY,NaN,17.70553222,688567.SH,-0.470765445,-3.417639963,NaN,NaN,17.71158333,20251120,09:39:06,7200
NaN,25.5482347,10224,BUY,NaN,25.55543106,688573.SH,-4.605130848,-1.787854538,NaN,NaN,25.56,20251120,09:36:04,400
NaN,30.10157688,54183.6,BUY,NaN,30.10225666,688598.SH,-0.140563206,0.085264031,NaN,NaN,30.102,20251120,09:39:07,1800
NaN,20.05833349,220528,BUY,NaN,20.04851338,688599.SH,5.15172097,0.256070932,NaN,NaN,20.048,20251120,09:39:25,11000
NaN,32.70513686,9819,BUY,NaN,32.7283105,688612.SH,-7.602211945,-0.516219044,NaN,NaN,32.73,20251120,09:35:01,300
NaN,16.1612025,71174.4,BUY,NaN,16.16631024,688660.SH,-9.156185211,-5.993800325,NaN,NaN,16.176,20251120,09:39:11,4400
NaN,43.51722781,17402,BUY,NaN,43.55932271,688680.SH,2.809877986,12.47097231,NaN,NaN,43.505,20251120,09:36:28,400
NaN,16.39662974,49140,BUY,NaN,16.3876817,688707.SH,10.14217174,4.687486144,NaN,NaN,16.38,20251120,09:39:01,3000
NaN,64.64124469,38824,BUY,NaN,64.68867535,688717.SH,-10.12077995,-2.781215465,NaN,NaN,64.70666667,20251120,09:37:17,600
NaN,44.40669932,17746,BUY,NaN,44.35481273,688726.SH,9.390321385,-2.296768453,NaN,NaN,44.365,20251120,09:37:01,400
NaN,29.70000394,41585.6,BUY,NaN,29.70088554,688733.SH,-1.345474143,-1.04860812,NaN,NaN,29.704,20251120,09:39:02,1400
NaN,79.63052105,151300.8,BUY,NaN,79.64255498,688778.SH,-0.185726159,1.325293865,NaN,NaN,79.632,20251120,09:39:08,1900
NaN,8.353085277,93430.4,BUY,NaN,8.348998805,688779.SH,13.27087689,8.382807983,NaN,NaN,8.342,20251120,09:39:06,11200
2.51830303,NaN,2522196,SELL,2.52200452,NaN,515700.SH,NaN,NaN,15.45870235,0.759239115,2.522196,20251119,14:19:49,1000000
0.885359465,NaN,1195526.3,SELL,0.885264563,NaN,562800.SH,NaN,NaN,2.434851771,3.507134584,0.885575037,20251119,13:29:35,1350000
1.544858124,NaN,3086277.2,SELL,1.544857663,NaN,588830.SH,NaN,NaN,-11.13063007,-11.12764948,1.5431386,20251119,13:29:39,2000000
NaN,46.11881453,110671,BUY,NaN,46.12502374,600111.SH,1.278841389,2.624838509,NaN,NaN,46.11291667,20251119,09:39:01,2400
NaN,20.43294669,12258,BUY,NaN,20.43361989,600206.SH,1.442126251,1.771535028,NaN,NaN,20.43,20251119,09:39:02,600
NaN,51.89412162,15584,BUY,NaN,51.94008359,600259.SH,-10.12543298,-1.267435792,NaN,NaN,51.94666667,20251119,09:37:07,300
NaN,13.18476315,11862,BUY,NaN,13.18481094,600366.SH,3.612619536,3.648850041,NaN,NaN,13.18,20251119,09:39:41,900
NaN,21.00096916,31488,BUY,NaN,21.00833291,600392.SH,4.270830704,7.774492955,NaN,NaN,20.992,20251119,09:39:10,1500
NaN,32.47790753,9757,BUY,NaN,32.54303333,600456.SH,-13.98667707,6.053522976,NaN,NaN,32.52333333,20251119,09:37:01,300
NaN,33.4962842,30191,BUY,NaN,33.54174816,600549.SH,-14.70949778,-1.135120949,NaN,NaN,33.54555556,20251119,09:39:01,900
NaN,115.2857444,23075,BUY,NaN,115.3620419,600563.SH,-7.742120976,-1.1232564,NaN,NaN,115.375,20251119,09:36:01,200
NaN,27.00561761,35093,BUY,NaN,27.01420751,600699.SH,4.074050057,7.25252769,NaN,NaN,26.99461538,20251119,09:39:06,1300
NaN,30.23329865,48396,BUY,NaN,30.24706342,600885.SH,-4.697254454,-0.144336343,NaN,NaN,30.2475,20251119,09:39:01,1600
NaN,14.54548964,8726,BUY,NaN,14.5496875,600961.SH,1.482460413,4.367218654,NaN,NaN,14.54333333,20251119,09:39:07,600
NaN,14.29923931,12877,BUY,NaN,14.30244943,601958.SH,-5.971273729,-3.725480369,NaN,NaN,14.30777778,20251119,09:39:08,900
NaN,46.14542781,13857,BUY,NaN,46.18601695,603072.SH,-9.659070168,-0.862393233,NaN,NaN,46.19,20251119,09:37:14,300
NaN,12.06327532,3598,BUY,NaN,12.00806131,603399.SH,57.97927135,12.26507113,NaN,NaN,11.99333333,20251119,09:38:01,300
NaN,28.80117953,40299,BUY,NaN,28.80126117,603659.SH,5.617661656,5.645991238,NaN,NaN,28.785,20251119,09:39:07,1400
NaN,33.81518901,10149,BUY,NaN,33.84516969,603663.SH,-4.379981393,4.482084836,NaN,NaN,33.83,20251119,09:37:04,300
NaN,65.20895976,227990,BUY,NaN,65.21030311,603799.SH,10.57519768,10.78098191,NaN,NaN,65.14,20251119,09:39:01,3500
NaN,15.65002252,107940,BUY,NaN,15.65032977,603993.SH,4.181626291,4.377870244,NaN,NaN,15.64347826,20251119,09:39:01,6900
NaN,37.04639876,180957,BUY,NaN,36.94816099,688005.SH,31.41972222,4.915262591,NaN,NaN,36.93,20251119,09:39:01,4900
NaN,30.95284347,71152.8,BUY,NaN,30.95936313,688006.SH,5.441655055,7.546386043,NaN,NaN,30.936,20251119,09:39:08,2300
NaN,16.07733176,16074,BUY,NaN,16.08039099,688022.SH,2.072333395,3.974397554,NaN,NaN,16.074,20251119,09:39:20,1000
NaN,110.1898819,44256,BUY,NaN,110.3073945,688032.SH,-40.84931622,-30.15260588,NaN,NaN,110.64,20251119,09:36:01,400
NaN,6.105803905,23218,BUY,NaN,6.106968904,688033.SH,-6.872304935,-4.96334005,NaN,NaN,6.11,20251119,09:39:18,3800
NaN,66.13310499,92624,BUY,NaN,66.15778507,688063.SH,-4.066799073,-0.33479487,NaN,NaN,66.16,20251119,09:39:20,1400
NaN,55.36356226,154946.4,BUY,NaN,55.35224303,688116.SH,4.617162276,2.573161684,NaN,NaN,55.338,20251119,09:39:08,2800
NaN,68.69678961,41284,BUY,NaN,68.85203244,688122.SH,-15.9944962,6.588879637,NaN,NaN,68.80666667,20251119,09:37:11,600
NaN,61.62929869,73948.8,BUY,NaN,61.68370651,688147.SH,0.859767547,9.679461655,NaN,NaN,61.624,20251119,09:39:02,1200
NaN,11.64975156,39589.6,BUY,NaN,11.65020771,688148.SH,4.937069187,5.32841425,NaN,NaN,11.644,20251119,09:39:09,3400
NaN,65.72760344,39402,BUY,NaN,65.73572253,688155.SH,8.76396499,9.997993194,NaN,NaN,65.67,20251119,09:37:58,600
NaN,22.98269265,41384.8,BUY,NaN,22.98838831,688186.SH,-3.856337704,-1.377757979,NaN,NaN,22.99155556,20251119,09:39:09,1800
NaN,6.232758046,209596.8,BUY,NaN,6.234688991,688223.SH,-8.410327887,-5.310623649,NaN,NaN,6.238,20251119,09:39:07,33600
NaN,92.95974122,55410,BUY,NaN,92.54174406,688275.SH,65.59196659,20.71973745,NaN,NaN,92.35,20251119,09:37:16,600
NaN,29.59853165,160038.77,BUY,NaN,29.59853165,688303.SH,-12.9322659,-12.9322659,NaN,NaN,29.63680926,20251119,09:40:01,5400
NaN,33.09575009,62646.8,BUY,NaN,33.0337582,688339.SH,37.391534,18.69548036,NaN,NaN,32.972,20251119,09:39:04,1900
NaN,62.65184533,37610,BUY,NaN,62.60525204,688348.SH,-5.025870305,-12.47200309,NaN,NaN,62.68333333,20251119,09:37:14,600
NaN,27.1559357,54316,BUY,NaN,27.15499864,688349.SH,-0.760164112,-1.105268734,NaN,NaN,27.158,20251119,09:39:13,2000
NaN,113.4899913,67408,BUY,NaN,112.4178356,688353.SH,100.7423293,6.330751773,NaN,NaN,112.3466667,20251119,09:37:01,600
NaN,37.55399945,105011.2,BUY,NaN,37.50819252,688388.SH,13.31401555,1.117760576,NaN,NaN,37.504,20251119,09:39:04,2800
NaN,59.95653284,84130.28,BUY,NaN,59.94314329,688390.SH,-22.77054649,-25.00934121,NaN,NaN,60.09305714,20251119,09:39:01,1400
NaN,102.6488913,40922,BUY,NaN,102.4317781,688392.SH,33.5017058,12.37683457,NaN,NaN,102.305,20251119,09:36:13,400
NaN,51.15980348,61164,BUY,NaN,51.02808846,688408.SH,37.10011951,11.383624,NaN,NaN,50.97,20251119,09:39:01,1200
NaN,16.66062773,18164.9,BUY,NaN,16.66062773,688429.SH,-2.651848635,-2.651848635,NaN,NaN,16.66504587,20251119,09:40:01,1090
NaN,18.49793641,229400,BUY,NaN,18.50446874,688472.SH,-1.115577613,2.414950758,NaN,NaN,18.5,20251119,09:39:01,12400
NaN,58.14243327,58130,BUY,NaN,58.13593121,688499.SH,2.138415529,1.020230786,NaN,NaN,58.13,20251119,09:39:09,1000
NaN,55.70386026,77929.6,BUY,NaN,55.71448442,688503.SH,7.155743775,9.061273225,NaN,NaN,55.664,20251119,09:39:01,1400
NaN,41.74187482,58466.67,BUY,NaN,41.7421974,688516.SH,-4.799094738,-4.721779251,NaN,NaN,41.76190714,20251119,09:40:01,1400
NaN,25.71715982,71971.2,BUY,NaN,25.72662675,688518.SH,5.11713466,8.795068918,NaN,NaN,25.704,20251119,09:39:10,2800
NaN,10.30556887,57713.6,BUY,NaN,10.30630567,688556.SH,-0.418351374,0.296588465,NaN,NaN,10.306,20251119,09:39:27,5600
NaN,54.35133428,87233.51,BUY,NaN,54.39060513,688559.SH,-31.20612902,-23.96344344,NaN,NaN,54.52094375,20251119,09:39:07,1600
NaN,15.53741001,18648,BUY,NaN,15.53768286,688560.SH,-1.666939005,-1.491304037,NaN,NaN,15.54,20251119,09:39:01,1200
NaN,18.20191892,131140.8,BUY,NaN,18.20855049,688567.SH,-6.637256798,-2.992830742,NaN,NaN,18.214,20251119,09:39:11,7200
NaN,26.70887857,10672,BUY,NaN,26.70242464,688573.SH,10.81234829,8.397978792,NaN,NaN,26.68,20251119,09:36:52,400
NaN,30.23610339,54555.64,BUY,NaN,30.24076905,688598.SH,-24.00623547,-22.4596941,NaN,NaN,30.30868889,20251119,09:39:43,1800
NaN,20.35297408,224268,BUY,NaN,20.35909657,688599.SH,-17.20923988,-14.196815,NaN,NaN,20.388,20251119,09:39:01,11000
NaN,32.98368976,9903,BUY,NaN,33.01386555,688612.SH,-7.976743915,1.170885673,NaN,NaN,33.01,20251119,09:36:01,300
NaN,16.29576066,71728.8,BUY,NaN,16.29221635,688660.SH,-3.828809323,-6.005105006,NaN,NaN,16.302,20251119,09:39:03,4400
NaN,44.87297898,17964,BUY,NaN,44.90735217,688680.SH,-8.250180718,-0.589621259,NaN,NaN,44.91,20251119,09:36:01,400
NaN,16.88780915,50580,BUY,NaN,16.87238532,688707.SH,16.46699451,7.340585725,NaN,NaN,16.86,20251119,09:39:10,3000
NaN,65.26859015,39296,BUY,NaN,65.46978143,688717.SH,-34.43358922,-3.597370765,NaN,NaN,65.49333333,20251119,09:37:05,600
NaN,44.88471822,18030,BUY,NaN,45.09634551,688726.SH,-42.39344505,4.733313688,NaN,NaN,45.075,20251119,09:36:04,400
NaN,30.55927985,42778.4,BUY,NaN,30.55155379,688733.SH,1.073274243,-1.455313137,NaN,NaN,30.556,20251119,09:39:39,1400
NaN,85.67586728,162446.2,BUY,NaN,85.70439406,688778.SH,20.76048767,24.08208593,NaN,NaN,85.498,20251119,09:39:08,1900
NaN,8.486069153,95020.8,BUY,NaN,8.489601633,688779.SH,2.43829393,6.598227823,NaN,NaN,8.484,20251119,09:39:02,11200
2.520300465,NaN,2516736.4,SELL,2.518692736,NaN,515700.SH,NaN,NaN,-14.1414282,-7.767268672,2.5167364,20251118,14:00:43,1000000
0.876718642,NaN,1183715.9,SELL,0.876745398,NaN,562800.SH,NaN,NaN,1.231303656,0.926092269,0.876826593,20251118,13:29:39,1350000
1.582208607,NaN,3164110,SELL,1.582345252,NaN,588830.SH,NaN,NaN,-0.970837521,-1.834316996,1.582055,20251118,13:29:35,2000000
NaN,47.07936304,112950,BUY,NaN,47.08798616,600111.SH,3.581833548,5.412454343,NaN,NaN,47.0625,20251118,09:39:01,2400
NaN,20.59896141,12357,BUY,NaN,20.60174096,600206.SH,1.923113846,3.272036558,NaN,NaN,20.595,20251118,09:39:10,600
NaN,52.57033535,15775,BUY,NaN,52.60487724,600259.SH,-2.472493452,4.09541992,NaN,NaN,52.58333333,20251118,09:37:03,300
NaN,13.37387397,12039,BUY,NaN,13.37724759,600366.SH,-2.088171363,0.434263455,NaN,NaN,13.37666667,20251118,09:39:02,900
NaN,21.2833833,31931,BUY,NaN,21.28880192,600392.SH,-1.855924706,0.689839486,NaN,NaN,21.28733333,20251118,09:39:07,1500
NaN,32.86064727,9855,BUY,NaN,32.86793754,600456.SH,3.240128005,5.457457381,NaN,NaN,32.85,20251118,09:37:21,300
NaN,34.79685296,31198,BUY,NaN,34.79448149,600549.SH,38.05186609,37.37289348,NaN,NaN,34.66444444,20251118,09:39:01,900
NaN,116.3257432,23305,BUY,NaN,116.6045278,600563.SH,-17.12921144,6.820299288,NaN,NaN,116.525,20251118,09:36:04,200
NaN,26.81158433,34848,BUY,NaN,26.80462424,600699.SH,2.025422651,-0.570649197,NaN,NaN,26.80615385,20251118,09:39:03,1300
NaN,31.00489803,49681,BUY,NaN,31.00690462,600885.SH,-14.74830411,-14.10020894,NaN,NaN,31.050625,20251118,09:39:02,1600
NaN,14.7054363,8822,BUY,NaN,14.72229342,600961.SH,1.430059819,12.8784869,NaN,NaN,14.70333333,20251118,09:39:06,600
NaN,14.63161773,13158,BUY,NaN,14.63147624,601958.SH,7.940157394,7.843525964,NaN,NaN,14.62,20251118,09:39:01,900
NaN,46.48910294,13969,BUY,NaN,46.49666134,603072.SH,-15.96726678,-14.33909261,NaN,NaN,46.56333333,20251118,09:38:01,300
NaN,12.14770366,3666,BUY,NaN,12.20273369,603399.SH,-59.51440869,-14.149539,NaN,NaN,12.22,20251118,09:37:01,300
NaN,31.29294371,44030,BUY,NaN,31.40551906,603659.SH,-50.18904304,-14.16341647,NaN,NaN,31.45,20251118,09:39:01,1400
NaN,35.45417538,10682,BUY,NaN,35.56477018,603663.SH,-43.0108125,-11.78033312,NaN,NaN,35.60666667,20251118,09:37:02,300
NaN,67.79436786,237104,BUY,NaN,67.81842959,603799.SH,7.429505456,10.97483192,NaN,NaN,67.744,20251118,09:39:01,3500
NaN,15.81524552,109124,BUY,NaN,15.81457296,603993.SH,0.109421492,-0.315847388,NaN,NaN,15.81507246,20251118,09:40:01,6900
NaN,36.49066635,179467.4,BUY,NaN,36.71239656,688005.SH,-37.08719485,23.53334671,NaN,NaN,36.626,20251118,09:39:01,4900
NaN,32.02006329,73738,BUY,NaN,32.07869485,688006.SH,-12.47240204,5.82780838,NaN,NaN,32.06,20251118,09:39:21,2300
NaN,16.0837884,16082,BUY,NaN,16.08679518,688022.SH,1.111930095,2.98081611,NaN,NaN,16.082,20251118,09:39:18,1000
NaN,113.4477621,45686,BUY,NaN,114.411225,688032.SH,-67.62917736,17.15084934,NaN,NaN,114.215,20251118,09:36:51,400
NaN,6.339498963,24145.2,BUY,NaN,6.347243171,688033.SH,-22.87410578,-10.64529707,NaN,NaN,6.354,20251118,09:39:06,3800
NaN,68.87512449,96737.2,BUY,NaN,69.00235893,688063.SH,-32.35936268,-13.86055099,NaN,NaN,69.098,20251118,09:39:23,1400
NaN,58.71951296,164673.6,BUY,NaN,58.75306671,688116.SH,-15.75064912,-10.03067452,NaN,NaN,58.812,20251118,09:39:49,2800
NaN,70.24256137,42204,BUY,NaN,70.3566129,688122.SH,-13.87173693,2.36124243,NaN,NaN,70.34,20251118,09:37:03,600
NaN,59.47486394,71503.2,BUY,NaN,59.55748968,688147.SH,-18.68622351,-4.787024322,NaN,NaN,59.586,20251118,09:39:06,1200
NaN,11.71833253,39861.6,BUY,NaN,11.73047535,688148.SH,-4.836417051,5.520110464,NaN,NaN,11.724,20251118,09:39:03,3400
NaN,66.48998645,39966,BUY,NaN,66.7489118,688155.SH,-18.04986888,20.81109559,NaN,NaN,66.61,20251118,09:37:07,600
NaN,23.42244318,42174,BUY,NaN,23.42381745,688186.SH,-3.226314024,-2.639428508,NaN,NaN,23.43,20251118,09:39:23,1800
NaN,6.531983617,219475.2,BUY,NaN,6.532406285,688223.SH,-0.025081395,0.621953188,NaN,NaN,6.532,20251118,09:40:01,33600
NaN,97.61370352,59158,BUY,NaN,98.60616692,688275.SH,-100.699298,0.963454066,NaN,NaN,98.59666667,20251118,09:37:02,600
NaN,30.6027405,165261.6,BUY,NaN,30.62041397,688303.SH,-0.411563619,5.360465029,NaN,NaN,30.604,20251118,09:39:07,5400
NaN,34.44546437,65524.27,BUY,NaN,34.49220722,688339.SH,-11.90099475,1.666847963,NaN,NaN,34.48645789,20251118,09:39:01,1900
NaN,65.41364912,39548,BUY,NaN,65.97521828,688348.SH,-76.38837113,9.380029247,NaN,NaN,65.91333333,20251118,09:37:03,600
NaN,27.01353139,54052,BUY,NaN,27.01353139,688349.SH,-4.615690671,-4.615690671,NaN,NaN,27.026,20251118,09:40:01,2000
NaN,130.2655752,78518,BUY,NaN,131.0592903,688353.SH,-45.88765406,14.9517766,NaN,NaN,130.8633333,20251118,09:37:01,600
NaN,38.79329763,108847.2,BUY,NaN,38.83873233,688388.SH,-20.80317265,-9.080540048,NaN,NaN,38.874,20251118,09:39:01,2800
NaN,62.04459946,87225.6,BUY,NaN,62.0462531,688390.SH,-41.80872109,-41.54108979,NaN,NaN,62.304,20251118,09:40:01,1400
NaN,105.3071869,42004,BUY,NaN,105.1928947,688392.SH,28.22095175,17.38660236,NaN,NaN,105.01,20251118,09:36:06,400
NaN,51.06211639,61384.8,BUY,NaN,51.13609591,688408.SH,-17.9944781,-3.501261738,NaN,NaN,51.154,20251118,09:39:06,1200
NaN,17.04993867,17104,BUY,NaN,17.08525155,688429.SH,-31.70764166,-10.97347012,NaN,NaN,17.104,20251118,09:39:19,1000
NaN,19.25979092,239518.4,BUY,NaN,19.27719435,688472.SH,-29.18467859,-20.13034306,NaN,NaN,19.316,20251118,09:39:32,12400
NaN,60.24412157,60184,BUY,NaN,60.2745948,688499.SH,9.979657915,15.03034658,NaN,NaN,60.184,20251118,09:39:01,1000
NaN,56.05628302,78503.6,BUY,NaN,56.09371182,688503.SH,-3.160569703,3.514087172,NaN,NaN,56.074,20251118,09:39:04,1400
NaN,42.47089716,67728.32,BUY,NaN,42.47139226,688516.SH,-16.95688468,-16.84011575,NaN,NaN,42.54291457,20251118,09:40:01,1592
NaN,26.06293264,73119.2,BUY,NaN,26.0891466,688518.SH,-19.59386436,-9.52633778,NaN,NaN,26.114,20251118,09:39:04,2800
NaN,10.30975523,57814.4,BUY,NaN,10.32573656,688556.SH,-13.81678449,1.68177659,NaN,NaN,10.324,20251118,09:39:05,5600
NaN,55.81882012,89347.2,BUY,NaN,55.82045589,688559.SH,-4.15269938,-3.859537319,NaN,NaN,55.842,20251118,09:39:01,1600
NaN,15.67508459,18840,BUY,NaN,15.68944895,688560.SH,-15.89491384,-6.724932931,NaN,NaN,15.7,20251118,09:39:03,1200
NaN,18.62201286,133977.6,BUY,NaN,18.64098394,688567.SH,7.524891911,17.69431263,NaN,NaN,18.608,20251118,09:39:01,7200
NaN,27.53431898,11102,BUY,NaN,27.71282939,688573.SH,-80.14762098,-15.2169981,NaN,NaN,27.755,20251118,09:37:01,400
NaN,31.58777356,57074.4,BUY,NaN,31.65113683,688598.SH,-38.06106835,-17.96560255,NaN,NaN,31.708,20251118,09:39:05,1800
NaN,21.37559639,234916,BUY,NaN,21.39230281,688599.SH,9.167646424,16.97003263,NaN,NaN,21.356,20251118,09:39:06,11000
NaN,33.0702221,9880.38,BUY,NaN,32.78442612,688612.SH,41.01033745,-45.80646758,NaN,NaN,32.9346,20251118,09:36:01,300
NaN,16.59246541,72978.4,BUY,NaN,16.59453508,688660.SH,3.896596712,5.143305349,NaN,NaN,16.586,20251118,09:39:01,4400
NaN,46.10735497,18542,BUY,NaN,46.3799468,688680.SH,-53.71052727,5.378790637,NaN,NaN,46.355,20251118,09:36:28,400
NaN,17.75103987,53400,BUY,NaN,17.79040269,688707.SH,-27.5815556,-5.394657579,NaN,NaN,17.8,20251118,09:39:02,3000
NaN,66.90698232,40308,BUY,NaN,67.15623634,688717.SH,-40.80555942,-3.538563261,NaN,NaN,67.18,20251118,09:37:01,600
NaN,45.10668894,18136,BUY,NaN,45.32698651,688726.SH,-51.72427166,-2.871025465,NaN,NaN,45.34,20251118,09:36:17,400
NaN,32.57924041,45757.6,BUY,NaN,32.66220326,688733.SH,-32.15531992,-6.673382057,NaN,NaN,32.684,20251118,09:39:01,1400
NaN,80.88498015,154280,BUY,NaN,81.059683,688778.SH,-38.94664324,-17.31033168,NaN,NaN,81.2,20251118,09:39:02,1900
NaN,8.929194011,100307.2,BUY,NaN,8.954382365,688779.SH,-30.02061482,-1.806528405,NaN,NaN,8.956,20251118,09:39:13,11200
1.556076484,NaN,3118792,SELL,1.560142326,NaN,159368.SZ,NaN,NaN,21.33260454,-4.783702607,1.559396,20251117,14:56:27,2000000
NaN,28.8364369,46241,BUY,NaN,28.8454478,300001.SZ,-22.2593733,-19.12856559,NaN,NaN,28.900625,20251117,09:39:01,1600
NaN,84.83837973,237959,BUY,NaN,84.987122,300014.SZ,-17.32440134,0.207661394,NaN,NaN,84.98535714,20251117,09:39:01,2800
NaN,26.72240039,34905,BUY,NaN,26.76456334,300035.SZ,-47.75005437,-31.92155908,NaN,NaN,26.85,20251117,09:39:01,1300
NaN,62.64813916,69203,BUY,NaN,62.74008095,300037.SZ,-42.08888369,-27.3728107,NaN,NaN,62.91181818,20251117,09:39:01,1100
NaN,5.605732536,19082,BUY,NaN,5.606900469,300072.SZ,-11.81006321,-9.724574202,NaN,NaN,5.612352941,20251117,09:40:01,3400
NaN,67.16640673,60544,BUY,NaN,67.21585748,300073.SZ,-15.58880177,-8.22032678,NaN,NaN,67.27111111,20251117,09:39:01,900
NaN,21.34838821,27783,BUY,NaN,21.34655433,300077.SZ,-10.84402551,-11.70405652,NaN,NaN,21.37153846,20251117,09:39:30,1300
NaN,71.46414118,300251,BUY,NaN,71.44209163,300124.SZ,-3.385216074,-6.472613091,NaN,NaN,71.48833333,20251117,09:39:01,4200
NaN,32.05002747,6415,BUY,NaN,32.10931365,300127.SZ,-7.791733562,10.6865091,NaN,NaN,32.075,20251117,09:37:01,200
NaN,8.191482689,11462,BUY,NaN,8.192164716,300129.SZ,5.297981476,6.130076119,NaN,NaN,8.187142857,20251117,09:39:08,1400
NaN,32.02789878,99378,BUY,NaN,32.04853636,300207.SZ,-9.217144353,-2.771733163,NaN,NaN,32.05741935,20251117,09:39:44,3100
NaN,15.43664036,20076,BUY,NaN,15.43663885,300224.SZ,-4.169664037,-4.170643193,NaN,NaN,15.44307692,20251117,09:40:01,1300
NaN,185.9360841,613077,BUY,NaN,185.9830483,300274.SZ,8.345607752,10.86868765,NaN,NaN,185.7809091,20251117,09:39:01,3300
NaN,39.03785203,54622,BUY,NaN,39.05853229,300316.SZ,5.670841968,10.96252275,NaN,NaN,39.01571429,20251117,09:39:04,1400
NaN,17.95843348,7195,BUY,NaN,17.97035261,300351.SZ,-16.18544027,-9.542041534,NaN,NaN,17.9875,20251117,09:38:07,400
NaN,56.1196027,73309,BUY,NaN,56.24497921,300390.SZ,-48.45646617,-26.05730315,NaN,NaN,56.39153846,20251117,09:39:03,1300
NaN,8.627809589,15523,BUY,NaN,8.634008631,300393.SZ,4.544258424,11.72079259,NaN,NaN,8.623888889,20251117,09:39:01,1800
NaN,24.40310557,36762,BUY,NaN,24.4546944,300409.SZ,-42.98404989,-21.79769426,NaN,NaN,24.508,20251117,09:39:01,1500
NaN,19.643802,45277,BUY,NaN,19.6766479,300432.SZ,-21.30452025,-4.576120396,NaN,NaN,19.68565217,20251117,09:39:01,2300
NaN,55.40940424,44325,BUY,NaN,55.45654822,300438.SZ,0.569260555,9.069842811,NaN,NaN,55.40625,20251117,09:39:02,800
NaN,26.96429895,13475,BUY,NaN,26.97309148,300443.SZ,5.30291924,8.56093011,NaN,NaN,26.95,20251117,09:39:01,500
NaN,55.0594874,137950,BUY,NaN,55.20292012,300450.SZ,-21.88770789,4.151975662,NaN,NaN,55.18,20251117,09:39:01,2500
NaN,29.59756142,23703,BUY,NaN,29.63130965,300457.SZ,-10.53754938,0.863834351,NaN,NaN,29.62875,20251117,09:39:03,800
NaN,16.94776367,47796,BUY,NaN,17.02207137,300568.SZ,-72.1253435,-28.15675358,NaN,NaN,17.07,20251117,09:39:01,2800
NaN,28.97007516,20248,BUY,NaN,28.96726925,300602.SZ,15.3126531,14.34548921,NaN,NaN,28.92571429,20251117,09:39:01,700
NaN,29.17707991,11671,BUY,NaN,29.1976777,300681.SZ,-0.143980164,6.910721548,NaN,NaN,29.1775,20251117,09:38:01,400
NaN,46.69592536,27991,BUY,NaN,46.69556475,300693.SZ,9.478062581,9.400910294,NaN,NaN,46.65166667,20251117,09:40:01,600
NaN,94.97735816,57005,BUY,NaN,94.99405551,300724.SZ,-3.261321822,-1.503022912,NaN,NaN,95.00833333,20251117,09:39:04,600
NaN,35.02087621,45541,BUY,NaN,35.02073214,300748.SZ,-3.044540934,-3.085692688,NaN,NaN,35.03153846,20251117,09:40:01,1300
NaN,386.9497073,426211,BUY,NaN,387.0342886,300750.SZ,-13.30504088,-11.11676426,NaN,NaN,387.4645455,20251117,09:39:26,1100
NaN,111.0532098,33307,BUY,NaN,111.2689039,300751.SZ,2.690288066,22.07001021,NaN,NaN,111.0233333,20251117,09:37:01,300
NaN,204.6624517,40970,BUY,NaN,204.7236778,300757.SZ,-9.163785623,-6.170375103,NaN,NaN,204.85,20251117,09:36:03,200
NaN,86.85522979,43373,BUY,NaN,86.869831,300763.SZ,12.57607553,14.25477616,NaN,NaN,86.746,20251117,09:39:01,500
NaN,59.39775614,29622,BUY,NaN,59.58871458,300769.SZ,25.88584955,57.84897061,NaN,NaN,59.244,20251117,09:39:01,500
NaN,16.7867551,16805,BUY,NaN,16.79709671,300772.SZ,-10.86862919,-4.705152483,NaN,NaN,16.805,20251117,09:39:37,1000
NaN,65.74326642,19751,BUY,NaN,65.86170773,300776.SZ,-14.20681509,3.802067349,NaN,NaN,65.83666667,20251117,09:37:02,300
NaN,55.31506772,11041,BUY,NaN,55.16584307,300820.SZ,19.898325,-7.098038575,NaN,NaN,55.205,20251117,09:36:04,200
NaN,10.50411987,10518,BUY,NaN,10.50379901,300825.SZ,-13.21399114,-13.51986097,NaN,NaN,10.518,20251117,09:40:01,1000
NaN,45.9052056,31965,BUY,NaN,45.84308808,300827.SZ,52.48203972,39.00312504,NaN,NaN,45.66428571,20251117,09:39:01,700
NaN,67.87255038,20338,BUY,NaN,67.7577127,300842.SZ,11.67144073,-5.257060259,NaN,NaN,67.79333333,20251117,09:38:01,300
NaN,48.60704483,29092,BUY,NaN,48.5789909,300850.SZ,24.7655794,19.00497094,NaN,NaN,48.48666667,20251117,09:39:01,600
NaN,49.51560416,49618,BUY,NaN,49.63572663,300919.SZ,-20.6795089,3.571344372,NaN,NaN,49.618,20251117,09:39:07,1000
NaN,148.0417049,29543,BUY,NaN,147.6072227,300953.SZ,22.06843734,-7.301625084,NaN,NaN,147.715,20251117,09:36:01,200
NaN,15.10555742,4529,BUY,NaN,15.10353149,301109.SZ,5.885750637,4.545177033,NaN,NaN,15.09666667,20251117,09:37:06,300
NaN,84.68452254,16955,BUY,NaN,84.87596059,301155.SZ,-10.68406138,11.89507493,NaN,NaN,84.775,20251117,09:36:09,200
NaN,38.66390361,3889,BUY,NaN,38.787393,301266.SZ,-58.47738185,-26.45369951,NaN,NaN,38.89,20251117,09:36:01,100
NaN,63.17690745,6357,BUY,NaN,63.4641407,301325.SZ,-62.22092322,-16.68017487,NaN,NaN,63.57,20251117,09:36:01,100
NaN,61.5503912,6170,BUY,NaN,61.76,301327.SZ,-24.30671829,9.715025907,NaN,NaN,61.7,20251117,09:35:14,100
NaN,84.49945008,76403,BUY,NaN,84.51351825,301358.SZ,-46.48221228,-44.80986988,NaN,NaN,84.89222222,20251117,09:40:01,900
NaN,33.06986582,19840,BUY,NaN,33.0761626,301511.SZ,0.96739164,2.8709283,NaN,NaN,33.06666667,20251117,09:39:01,600
2.600175707,NaN,2601835.5,SELL,2.602018104,NaN,515700.SH,NaN,NaN,6.383389205,-0.701779359,2.6018355,20251117,14:23:39,1000000
1.630848095,NaN,3266975.7,SELL,1.633909554,NaN,588830.SH,NaN,NaN,16.18639469,-2.580949026,1.63348785,20251117,13:47:41,2000000
NaN,116.0113831,23218,BUY,NaN,116.087686,600563.SH,-6.776649844,-0.199336352,NaN,NaN,116.09,20251117,09:36:05,200
NaN,27.04847613,35174,BUY,NaN,27.04847613,600699.SH,-3.122891993,-3.122891993,NaN,NaN,27.05692308,20251117,09:40:01,1300
NaN,32.42242754,51930,BUY,NaN,32.44396229,600885.SH,-10.43180989,-3.7873654,NaN,NaN,32.45625,20251117,09:39:01,1600
NaN,31.18937644,43695,BUY,NaN,31.24474099,603659.SH,-6.841382629,10.89037801,NaN,NaN,31.21071429,20251117,09:39:01,1400
NaN,67.40659306,134842,BUY,NaN,67.40162967,603799.SH,-2.137319695,-2.873866447,NaN,NaN,67.421,20251117,09:40:01,2000
NaN,35.29335828,172509.4,BUY,NaN,35.2840176,688005.SH,24.75204503,22.11131293,NaN,NaN,35.206,20251117,09:39:01,4900
NaN,31.89452647,73604.6,BUY,NaN,31.89442686,688006.SH,-33.69654426,-33.72787962,NaN,NaN,32.002,20251117,09:40:01,2300
NaN,16.30103385,16302,BUY,NaN,16.3131391,688022.SH,-0.592691945,6.828301065,NaN,NaN,16.302,20251117,09:39:04,1000
NaN,115.2396286,46354,BUY,NaN,115.1328812,688032.SH,-56.00255767,-65.32615241,NaN,NaN,115.885,20251117,09:36:02,400
NaN,6.478803687,24631.6,BUY,NaN,6.486298254,688033.SH,-4.933493009,6.626666839,NaN,NaN,6.482,20251117,09:39:21,3800
NaN,69.63794657,97361.6,BUY,NaN,69.70309213,688063.SH,13.49071566,22.82425786,NaN,NaN,69.544,20251117,09:39:01,1400
NaN,59.36283892,166191.2,BUY,NaN,59.44659475,688116.SH,1.488965896,15.57612424,NaN,NaN,59.354,20251117,09:39:02,2800
NaN,61.84050475,73824,BUY,NaN,61.55561439,688147.SH,51.82764066,5.785726148,NaN,NaN,61.52,20251117,09:39:01,1200
NaN,12.04823785,40976.8,BUY,NaN,12.07651774,688148.SH,-3.122574671,20.30199858,NaN,NaN,12.052,20251117,09:39:01,3400
NaN,61.57153889,37220,BUY,NaN,61.97910889,688155.SH,-75.00128257,-8.748826605,NaN,NaN,62.03333333,20251117,09:37:13,600
NaN,23.55540319,42440,BUY,NaN,23.55540319,688186.SH,-9.498708989,-9.498708989,NaN,NaN,23.57777778,20251117,09:40:01,1800
NaN,6.3812078,214166.4,BUY,NaN,6.387102574,688223.SH,11.2953538,20.51411193,NaN,NaN,6.374,20251117,09:39:01,33600
NaN,102.3414636,62324,BUY,NaN,103.7792159,688275.SH,-149.6822194,-9.069010432,NaN,NaN,103.8733333,20251117,09:37:03,600
NaN,30.49731969,165185.81,BUY,NaN,30.5893065,688303.SH,-30.37812011,-0.215209305,NaN,NaN,30.58996481,20251117,09:39:01,5400
NaN,33.28381835,63285.2,BUY,NaN,33.34583767,688339.SH,-7.265288628,11.34704427,NaN,NaN,33.308,20251117,09:39:01,1900
NaN,66.20533114,39576,BUY,NaN,65.92859987,688348.SH,37.05610105,-4.762748611,NaN,NaN,65.96,20251117,09:37:01,600
NaN,26.82645937,53792,BUY,NaN,26.8266576,688349.SH,-25.92240446,-25.84831726,NaN,NaN,26.896,20251117,09:40:01,2000
NaN,135.1483392,80910,BUY,NaN,134.6027995,688353.SH,22.07494211,-18.36517895,NaN,NaN,134.85,20251117,09:37:02,600
NaN,39.31122064,110034.4,BUY,NaN,39.32973196,688388.SH,3.363071211,8.068185687,NaN,NaN,39.298,20251117,09:39:04,2800
NaN,64.51268476,90240,BUY,NaN,64.54898972,688390.SH,8.609454782,14.22901623,NaN,NaN,64.45714286,20251117,09:39:01,1400
NaN,110.1989446,44906,BUY,NaN,111.4455921,688392.SH,-187.484139,-73.52537806,NaN,NaN,112.265,20251117,09:36:15,400
NaN,52.34987654,71768.08,BUY,NaN,52.35441528,688408.SH,7.789957262,8.656207379,NaN,NaN,52.30909621,20251117,09:39:02,1372
NaN,17.57622556,17590,BUY,NaN,17.58639676,688429.SH,-7.836971619,-2.048876675,NaN,NaN,17.59,20251117,09:39:01,1000
NaN,21.27737257,264392.8,BUY,NaN,21.34866966,688472.SH,-20.97412858,12.49242247,NaN,NaN,21.322,20251117,09:39:07,12400
NaN,59.42611995,59378,BUY,NaN,59.52969536,688499.SH,8.097441828,25.48230005,NaN,NaN,59.378,20251117,09:39:01,1000
NaN,57.42521298,80497.2,BUY,NaN,57.52992546,688503.SH,-12.67509767,5.549366172,NaN,NaN,57.498,20251117,09:39:04,1400
NaN,44.52689056,62426,BUY,NaN,44.56509964,688516.SH,-14.17333302,-5.58741365,NaN,NaN,44.59,20251117,09:39:01,1400
NaN,26.835102,76068.4,BUY,NaN,26.83479839,688518.SH,18.80153389,18.68860615,NaN,NaN,26.78464789,20251117,09:40:01,2840
NaN,10.52743804,58990.4,BUY,NaN,10.53277346,688556.SH,-6.233198295,-1.164500309,NaN,NaN,10.534,20251117,09:39:45,5600
NaN,54.13400598,86937.6,BUY,NaN,54.15706893,688559.SH,-37.3137017,-33.03928255,NaN,NaN,54.336,20251117,09:39:02,1600
NaN,15.78328426,18981.6,BUY,NaN,15.78875357,688560.SH,-21.99525824,-18.52358548,NaN,NaN,15.818,20251117,09:39:01,1200
NaN,17.92999392,129153.6,BUY,NaN,17.95194666,688567.SH,-4.465185635,7.768885324,NaN,NaN,17.938,20251117,09:39:02,7200
NaN,27.95500684,11214,BUY,NaN,28.06946886,688573.SH,-28.6149659,12.27983921,NaN,NaN,28.035,20251117,09:36:01,400
NaN,32.24920671,58071.6,BUY,NaN,32.26195606,688598.SH,-3.967008402,-0.013618328,NaN,NaN,32.262,20251117,09:39:31,1800
NaN,20.89386424,230209,BUY,NaN,20.93862533,688599.SH,-16.38120571,5.031095408,NaN,NaN,20.92809091,20251117,09:39:01,11000
NaN,33.12348297,9927,BUY,NaN,33.14634992,688612.SH,10.10853024,17.00034004,NaN,NaN,33.09,20251117,09:35:30,300
NaN,16.92308024,74597.6,BUY,NaN,16.92306901,688660.SH,-18.27076327,-18.27740977,NaN,NaN,16.954,20251117,09:40:01,4400
NaN,46.23470998,18596,BUY,NaN,46.31069003,688680.SH,-55.21609592,-38.71891463,NaN,NaN,46.49,20251117,09:36:06,400
NaN,18.18165003,54480,BUY,NaN,18.20738749,688707.SH,11.90762891,26.02651548,NaN,NaN,18.16,20251117,09:39:01,3000
NaN,69.32383794,41850,BUY,NaN,69.85956233,688717.SH,-61.47410019,15.68322632,NaN,NaN,69.75,20251117,09:37:01,600
NaN,46.68092811,18730,BUY,NaN,46.79634638,688726.SH,-30.86311589,-6.123045524,NaN,NaN,46.825,20251117,09:36:01,400
NaN,34.48010387,48249.6,BUY,NaN,34.58366645,688733.SH,4.670481403,34.60201279,NaN,NaN,34.464,20251117,09:39:01,1400
NaN,80.80194217,153204.6,BUY,NaN,80.97249983,688778.SH,20.78442185,41.80429575,NaN,NaN,80.634,20251117,09:39:03,1900
NaN,9.170888275,102726.4,BUY,NaN,9.187698898,688779.SH,-1.212232374,17.08686588,NaN,NaN,9.172,20251117,09:39:01,11200